,PUMA,SEX,MSP,HISP,RAC1P,OWN_RENT,INDP_CAT,EDU,PINCP_DECILE
PUMA,2.3314683517128287e-15,-0.007088246669585433,-0.20161697696236616,0.01229948517527106,-0.26680116578893753,0.05239205098140633,-0.06724412386402283,-0.1463179287348017,-0.09092486924892994
SEX,-0.007088246669585433,-1.3322676295501878e-15,-0.11335854404802298,0.04227391999651209,0.058449350881818546,-0.03327302717810146,-0.3452072229079405,-0.2651916186502641,-0.2304109884908032
MSP,-0.20161697696236616,-0.11335854404802298,0.0,-0.1170239077893375,0.02533125163930712,-0.4373622259382063,0.0433328919036699,0.2903329967243709,0.19183821377503812
HISP,0.01229948517527106,0.04227391999651209,-0.1170239077893375,3.6637359812630166e-15,0.06836642323512784,0.06992911947076372,-0.08324466817457571,0.04151863346634656,-0.009414460815659456
RAC1P,-0.26680116578893753,0.058449350881818546,0.02533125163930712,0.06836642323512784,0.0,0.03791625062900525,-0.07779322164227935,0.15647034299259402,0.09804280629852714
OWN_RENT,0.05239205098140633,-0.03327302717810146,-0.4373622259382063,0.06992911947076372,0.03791625062900525,3.774758283725532e-15,-0.07957098439355376,-0.1441366043907722,-0.024659235899119357
INDP_CAT,-0.06724412386402283,-0.3452072229079405,0.0433328919036699,-0.08324466817457571,-0.07779322164227935,-0.07957098439355376,3.552713678800501e-15,0.32016813247833875,0.4412930293996785
EDU,-0.1463179287348017,-0.2651916186502641,0.2903329967243709,0.04151863346634656,0.15647034299259402,-0.1441366043907722,0.32016813247833875,-5.551115123125783e-16,0.18698869868406953
PINCP_DECILE,-0.09092486924892994,-0.2304109884908032,0.19183821377503812,-0.009414460815659456,0.09804280629852714,-0.024659235899119357,0.4412930293996785,0.18698869868406953,0.0
