,feature,divergence
0,AGEP,11.992565845369583
7,PINCP_DECILE,3.9916115310066944
6,EDU,3.4391516074684385
2,MSP,1.6876092657342656
3,RAC1P,0.6077847297816195
5,OWN_RENT,0.19444798340160824
1,SEX,0.1562537780704999
4,HOUSING_TYPE,0.09898145952504156
9,DEYE,0.02671036769138035
8,DVET,0.012896751653906191
