,feature,divergence
10,POVPIP,9.88966044855534
9,PINCP_DECILE,3.683453835286296
1,AGEP,3.0654536205513487
7,NPF,2.0024497813130973
0,PUMA,0.896635953467507
5,RAC1P,0.7444228801670763
8,OWN_RENT,0.5433555789209892
3,MSP,0.46971800628599836
6,NOC,0.32274205285843977
4,HISP,0.10003379799833079
2,SEX,0.06781019023162038
11,DEYE,0.012730558677327128
