,feature,divergence
0,AGEP,3.254840397697541
7,PINCP_DECILE,2.4057055749128926
6,EDU,0.7063428193467212
2,MSP,0.4020699220772278
5,OWN_RENT,0.09868149779979916
8,DVET,0.04270027991850037
4,HOUSING_TYPE,0.039701057673283996
3,RAC1P,0.029311563885161252
1,SEX,0.006928144894366772
