,PUMA,SEX,MSP,HISP,RAC1P,OWN_RENT,INDP_CAT,EDU,PINCP_DECILE
PUMA,1.1435297153639112e-14,0.005118943126433231,-0.019980323534846377,-0.017612839495519204,-0.011424728927552585,-0.024319059012175424,-0.014619437078096646,-0.04945696785366302,-0.01496350321163086
SEX,0.005118943126433231,-2.6645352591003757e-14,-0.01624525980394961,0.013949230985667367,0.022035973208763156,0.0011226442109096707,-0.03496961802259172,-0.028938737707739276,0.14793347731074546
MSP,-0.019980323534846377,-0.01624525980394961,-5.329070518200751e-15,0.003994275028186379,0.0013855401937946255,-0.01839165202601368,-0.2759196044420061,-0.25749612007901895,-0.18411408150728786
HISP,-0.017612839495519204,0.013949230985667367,0.003994275028186379,-5.551115123125783e-16,-0.1948096488193802,-0.071632537409593,0.039938172044738415,0.16072977113338546,0.12928755515308604
RAC1P,-0.011424728927552585,0.022035973208763156,0.0013855401937946255,-0.1948096488193802,0.0,-0.023897357764875938,0.0165729463754998,0.09296086233256703,0.09864702959699806
OWN_RENT,-0.024319059012175424,0.0011226442109096707,-0.01839165202601368,-0.071632537409593,-0.023897357764875938,0.0,-0.022924655434583437,0.07641109132139214,0.05716323581357356
INDP_CAT,-0.014619437078096646,-0.03496961802259172,-0.2759196044420061,0.039938172044738415,0.0165729463754998,-0.022924655434583437,0.0,-0.47861360133565084,-0.46939850584624243
EDU,-0.04945696785366302,-0.028938737707739276,-0.25749612007901895,0.16072977113338546,0.09296086233256703,0.07641109132139214,-0.47861360133565084,3.9968028886505635e-15,-0.6766950693501391
PINCP_DECILE,-0.01496350321163086,0.14793347731074546,-0.18411408150728786,0.12928755515308604,0.09864702959699806,0.05716323581357356,-0.46939850584624243,-0.6766950693501391,0.0
