,feature,divergence
1,AGEP,5.874071711421109
0,PUMA,3.956514173441098
10,POVPIP,2.8824358677743547
7,NPF,2.342961439599111
9,PINCP_DECILE,2.0612611576085786
3,MSP,0.3876899039516736
5,RAC1P,0.13372954486247188
6,NOC,0.12229460952102224
8,OWN_RENT,0.0684764700275404
2,SEX,0.05524720677819528
4,HISP,0.027195764330518242
