,PUMA,SEX,MSP,HISP,RAC1P,OWN_RENT,INDP_CAT,EDU,PINCP_DECILE
PUMA,1.1102230246251565e-16,-0.014034152795660568,-0.01275223525818849,-0.01087946007860752,-0.009147878781251742,-0.014628882370076968,-0.022329098305715493,-0.05829894676351106,-0.017252143687954087
SEX,-0.014034152795660566,-2.220446049250313e-16,0.0004181213299375777,-0.006606256220348166,0.004072007488156682,-9.517590388157318e-05,-0.026141718215229544,-0.03847499781396234,0.023003438052397046
MSP,-0.01275223525818849,0.0004181213299375777,0.0,-0.005028155261827226,-0.030525289354597064,-0.008801394624691634,-0.002452052889149403,-0.008097630201958556,-0.017149787854582155
HISP,-0.010879460078607522,-0.006606256220348166,-0.005028155261827226,1.1102230246251565e-16,-0.10480037298132878,-0.061781407623101615,0.02534243612144703,0.16185189962340193,0.12835391230847965
RAC1P,-0.009147878781251742,0.0040720074881566825,-0.030525289354597057,-0.10480037298132878,0.0,-0.05237195207541506,-0.015456283676563942,0.054657267047677136,0.08677427701689722
OWN_RENT,-0.014628882370076972,-9.517590388157492e-05,-0.008801394624691636,-0.061781407623101615,-0.052371952075415056,0.0,-0.026249292445763458,0.018816484998496946,0.00517066444701883
INDP_CAT,-0.022329098305715493,-0.026141718215229544,-0.002452052889149403,0.025342436121447022,-0.015456283676563945,-0.026249292445763458,0.0,-0.10094802058201857,-0.03131434205904726
EDU,-0.05829894676351106,-0.03847499781396234,-0.008097630201958556,0.1618518996234019,0.05465726704767713,0.018816484998496946,-0.10094802058201863,0.0,-0.03836980113073196
PINCP_DECILE,-0.017252143687954087,0.023003438052397032,-0.017149787854582182,0.12835391230847965,0.08677427701689723,0.005170664447018837,-0.03131434205904732,-0.03836980113073185,0.0
