,EDU,HISP,INDP_CAT,MSP,OWN_RENT,PINCP_DECILE,PUMA,RAC1P,SEX
0,-0.5661256654249883,0.1550997920394951,-0.48974627551270206,-0.3043552111334552,0.04948152447213354,-0.5534536170037255,-0.04389932701996392,0.10682166712636451,0.02940968572956671
1,-0.0034601267865825335,0.617666760411959,0.20689453940539249,0.26008369416549026,0.3389320071304747,-0.020471515636094395,0.21019913550127864,0.5896488174217629,0.029385869665185218
2,-0.01855610931064397,0.12612634670486222,-0.10267619157272281,-0.2135048290619369,-0.2902481486688507,0.22623656138595943,0.04080408225367049,0.20127577296703034,-0.866035347835187
3,-0.0500073153402903,0.05132823467928076,0.08272803769322778,0.187075113557188,0.03145250360179528,-0.003924210086920121,-0.959916350080697,0.1616928981950138,-0.06659581456503638
4,0.0874941559091424,0.10041662662183368,0.0039022339364743683,-0.007443873101267314,-0.8449588410538795,-0.047697127975206255,0.007298891278780829,0.36028090851330286,0.36892352752017127
