,PUMA,SEX,MSP,HISP,RAC1P,OWN_RENT,INDP_CAT,EDU,PINCP_DECILE
PUMA,-1.1102230246251565e-16,0.13115203558745528,-0.09236853029442657,-0.042573033293381704,,0.10081960704941272,-0.21705233345645872,-0.08166808451035787,-0.08118914872156466
SEX,0.13115203558745528,0.0,-0.01290593058459445,0.08714763220724021,,-0.04078675360563346,-0.039059104915293096,0.03239561435527293,0.09176345295069505
MSP,-0.09236853029442657,-0.012905930584594449,0.0,-0.1840405792488514,,-0.266692107406632,-0.08911985887290436,0.3628841167575606,0.3556796499560182
HISP,-0.042573033293381704,0.08714763220724021,-0.18404057924885142,1.1102230246251565e-16,,-0.12165500284774505,-0.05812136520221689,0.022737473761875737,-0.02633336071796566
RAC1P,,,,,,,,,
OWN_RENT,0.10081960704941272,-0.04078675360563346,-0.266692107406632,-0.12165500284774505,,0.0,-0.04417459509540249,-0.1781991159117715,-0.1541617039720571
INDP_CAT,-0.2170523334564587,-0.039059104915293096,-0.08911985887290436,-0.05812136520221688,,-0.04417459509540249,0.0,-0.14184710449174653,0.0241610788289921
EDU,-0.08166808451035788,0.03239561435527293,0.3628841167575605,0.02273747376187568,,-0.1781991159117715,-0.14184710449174662,0.0,0.09431365422686055
PINCP_DECILE,-0.08118914872156467,0.09176345295069503,0.3556796499560181,-0.02633336071796566,,-0.15416170397205708,0.024161078828992155,0.09431365422686067,0.0
