,EDU,HISP,INDP_CAT,MSP,OWN_RENT,PINCP_DECILE,PUMA,RAC1P,SEX
0,-0.5711275826037829,0.09765649436928003,-0.5004442530985017,-0.29828622168924285,0.004362825624502749,-0.5535746002048506,0.05716361394535695,0.12286875986066832,0.005393499728212344
1,-0.02574773753915582,0.586234444740893,0.20355365568546985,0.2048359569052622,0.4980045256423199,-0.03326728927976885,0.03571805441058011,0.5505229960803357,0.13714153676526736
2,-0.027387643779078003,0.28795314487401336,0.10222790078216762,-0.23418829899428084,-0.02830656363992572,0.14753638134549543,0.8607935323039906,-0.2352168240178415,-0.17938086664465164
3,-0.011289996827380713,0.12662160088742952,-0.09007063761035435,0.08884907473649126,-0.15136372706999898,0.09636782792189684,-0.15395168477612603,0.2473856620091068,-0.9223524842354354
4,0.041105119419780525,0.34044241752763615,-0.014689687027022752,0.3471448576965152,-0.8096861230088377,-0.11316330943766863,0.07429342428192846,0.1773301091845863,0.23732036883592353
