,EDU,HISP,INDP_CAT,MSP,OWN_RENT,PINCP_DECILE,PUMA,RAC1P,SEX
0,-0.5661256654249884,0.15509979203949442,-0.4897462755127015,-0.30435521113345526,0.049481524472133664,-0.553453617003725,-0.043899327019964095,0.10682166712636432,0.02940968572956662
1,-0.0034601267865830387,0.6176667604119593,0.20689453940539165,0.2600836941654903,0.33893200713047583,-0.02047151563609373,0.2101991355012796,0.5896488174217621,0.029385869665181513
2,-0.018556109310645563,0.12612634670485756,-0.10267619157272345,-0.21350482906193718,-0.2902481486688358,0.2262365613859605,0.040804082253667454,0.2012757729670236,-0.8660353478351939
3,-0.05000731534029747,0.051328234679273076,0.08272803769322801,0.18707511355718928,0.03145250360186637,-0.003924210086916485,-0.9599163500806978,0.16169289819498295,-0.066595814565065
4,0.08749415590913842,0.1004166266218431,0.0039022339364797667,-0.007443873101258006,-0.8449588410538803,-0.04769712797520127,0.0072988912787016556,0.3602809085133215,0.3689235275201511
