,PUMA,SEX,MSP,HISP,RAC1P,OWN_RENT,INDP_CAT,EDU,PINCP_DECILE
PUMA,0.0,-0.008942220592194386,0.023269989878269573,0.008723675106292163,0.06419866610866935,0.01690293226115009,0.005366784400409302,0.03921740113329891,-0.016930875081927133
SEX,-0.008942220592194386,0.0,-0.007232956657525748,0.03534525190706793,-0.009112042555419503,0.020668378693258778,-0.016849303287561707,-0.06435245534205776,0.049497708610046834
MSP,0.02326998987826958,-0.007232956657525751,-2.220446049250313e-16,-0.01529396724382177,-0.05044495394583947,0.027849767838030677,-0.1207923984880816,0.00025456187972988653,-0.018515279293235196
HISP,0.00872367510629217,0.03534525190706793,-0.01529396724382177,0.0,0.02108507659106354,-0.06923834399358018,-0.002239393635446214,0.06384131890313245,0.06258690292037832
RAC1P,0.06419866610866935,-0.009112042555419506,-0.05044495394583947,0.02108507659106354,-1.1102230246251565e-16,-0.3342765741788775,0.07951446994223041,0.028972397542795895,0.11967063811692197
OWN_RENT,0.01690293226115009,0.020668378693258774,0.027849767838030677,-0.06923834399358017,-0.33427657417887746,0.0,-0.08174026658834188,-0.008955852692354325,-0.026694095848819533
INDP_CAT,0.005366784400409302,-0.01684930328756171,-0.1207923984880816,-0.002239393635446214,0.07951446994223041,-0.08174026658834187,0.0,-0.18407604900440622,-0.12590743341430857
EDU,0.03921740113329891,-0.06435245534205776,0.0002545618797299143,0.06384131890313244,0.028972397542795892,-0.008955852692354327,-0.1840760490044062,0.0,-0.053931178758042764
PINCP_DECILE,-0.01693087508192713,0.049497708610046834,-0.01851527929323518,0.06258690292037832,0.11967063811692197,-0.02669409584881953,-0.12590743341430854,-0.05393117875804271,2.220446049250313e-16
