,AGEP,DVET,EDU,HOUSING_TYPE,MSP,OWN_RENT,PINCP_DECILE,RAC1P,SEX
0,-0.5235279923444449,-0.11330048397398518,-0.5577994184152767,-0.053932286226513,-0.24114403751438762,0.12454740422459969,-0.5554133596418109,0.12625067651263058,0.030770485285244925
1,0.02262222664037174,-0.11614040433815963,-0.08366437780575575,0.7126341935240585,0.1134779441436436,-0.6501150015339161,-0.16473139116611757,0.037209131437120485,0.08428944017105527
2,-0.07026686994033685,0.5816628730852483,-0.10872247268642649,0.05504586891624238,-0.2726271015977911,-0.19459366359478472,0.10109980859063561,0.06473817871065862,-0.7178271461811113
3,-0.14877983393719366,-0.020480818581145983,0.0582463091941901,0.09144406801518978,0.5887213556498392,0.2027417433250402,0.02083970512121619,0.7293127685145626,-0.21368666374245063
4,0.1853459467829015,0.2957129197397066,0.08803527150265245,-0.10462339831565964,-0.4698337605556158,-0.16209588463328387,0.02123537486203031,0.6168881586437908,0.481127534873206
