,PUMA,SEX,MSP,HISP,RAC1P,OWN_RENT,INDP_CAT,EDU,PINCP_DECILE
PUMA,2.55351295663786e-15,0.0038726695456774785,0.08133153206685396,0.027241708840376452,-0.006858783858791656,0.013863324454795496,0.05361096408804216,0.11089765172952239,-0.003647744063483123
SEX,0.0038726695456774785,-3.6637359812630166e-15,-0.02929618464047219,0.027713007895190406,0.023989704634998634,-0.022311289348045264,0.03619538872573156,-0.02757066702616199,0.12776810801880178
MSP,0.08133153206685396,-0.02929618464047219,1.1102230246251565e-15,-0.061837682817409326,-0.03665533165012824,0.08419142783994482,-0.06668932226265312,0.0578492963812752,0.04244983458052508
HISP,0.027241708840376452,0.027713007895190406,-0.061837682817409326,-1.7763568394002505e-15,-0.12708831250898017,-0.1035321096013593,-0.057193965789571664,0.08963772037297339,0.046631440687080306
RAC1P,-0.006858783858791656,0.023989704634998634,-0.03665533165012824,-0.12708831250898017,1.887379141862766e-15,0.023378577215955907,0.0167964777418925,0.016314998471503757,0.0944924979696974
OWN_RENT,0.013863324454795496,-0.022311289348045264,0.08419142783994482,-0.1035321096013593,0.023378577215955907,0.0,-0.005591636050871275,0.032609386274098776,-0.06951548849131639
INDP_CAT,0.05361096408804216,0.03619538872573156,-0.06668932226265312,-0.057193965789571664,0.0167964777418925,-0.005591636050871275,0.0,-0.12461410696001513,0.006952990991683339
EDU,0.11089765172952239,-0.02757066702616199,0.0578492963812752,0.08963772037297339,0.016314998471503757,0.032609386274098776,-0.12461410696001513,-3.3306690738754696e-16,-0.09439266679091407
PINCP_DECILE,-0.003647744063483123,0.12776810801880178,0.04244983458052508,0.046631440687080306,0.0944924979696974,-0.06951548849131639,0.006952990991683339,-0.09439266679091407,1.6653345369377348e-15
