,PUMA,SEX,MSP,HISP,RAC1P,OWN_RENT,INDP_CAT,EDU,PINCP_DECILE
PUMA,1.1435297153639112e-14,0.016539839242126687,-0.09204181770176695,-0.08319452638361816,0.010401950893585338,0.129507570329073,-0.077986837903064,0.0030028472481863216,-0.029108744547836886
SEX,0.016539839242126687,-2.5091040356528538e-14,-0.12225770117454826,0.001204388069001838,-0.1662691029370912,-0.0812826444901772,0.10335693134083836,0.1459594663054095,0.052268366670166544
MSP,-0.09204181770176695,-0.12225770117454826,0.0,0.04487882204096637,0.06993895336515439,0.16431975083600656,-0.08051446996110517,-0.2914783469537679,-0.24486128566570725
HISP,-0.08319452638361816,0.001204388069001838,0.04487882204096637,-6.106226635438361e-15,-0.029048134062377773,0.1320721619931671,-0.13337454722200415,-0.1818595047161829,-0.20039818695057693
RAC1P,0.010401950893585338,-0.1662691029370912,0.06993895336515439,-0.029048134062377773,-1.5654144647214707e-14,0.055242466203345164,-0.04198641218171212,-0.0150680145020919,0.026681403263433476
OWN_RENT,0.129507570329073,-0.0812826444901772,0.16431975083600656,0.1320721619931671,0.055242466203345164,0.0,-0.014625234408798002,-0.14766945766141323,-0.2067098451639266
INDP_CAT,-0.077986837903064,0.10335693134083836,-0.08051446996110517,-0.13337454722200415,-0.04198641218171212,-0.014625234408798002,0.0,0.0617941984508365,0.004915608998321996
EDU,0.0030028472481863216,0.1459594663054095,-0.2914783469537679,-0.1818595047161829,-0.0150680145020919,-0.14766945766141323,0.0617941984508365,-4.773959005888173e-15,0.14266269728298153
PINCP_DECILE,-0.029108744547836886,0.052268366670166544,-0.24486128566570725,-0.20039818695057693,0.026681403263433476,-0.2067098451639266,0.004915608998321996,0.14266269728298153,0.0
