,AGEP,DEYE,DVET,EDU,HOUSING_TYPE,MSP,OWN_RENT,PINCP_DECILE,RAC1P,SEX
0,-0.5251615970832845,0.0652534681609157,-0.11259059023351756,-0.5549528123126447,-0.058939223917406955,-0.24157157887476632,0.12599373017480195,-0.5520087567508628,0.12658595063201228,0.029244942000674498
1,0.028117658417163346,-0.18658641777119253,-0.11718581844773218,-0.09819642367101032,0.7053995999603058,0.11063300778624491,-0.6234402039734315,-0.18005310148012765,0.030951825962069697,0.0955864607148129
2,-0.08134938043213369,0.16780383264888332,0.5529867249917666,-0.09293384395818167,0.07833761585472696,-0.25478598948783804,-0.23597543652255398,0.10915704418016131,0.08570655941929023,-0.7104893883239491
3,-0.15479221705588975,0.31322492730135665,-0.11734411123309077,0.0925354687441918,0.09949165121325246,0.5617909540969835,0.11943281341259482,0.03871391405782815,0.7010062049706103,-0.1513827361499028
4,-0.00505087942742332,-0.8560167110688489,0.26595651342236976,-0.0843985963847318,0.016422403453305638,0.22538144922975026,0.28402107810567123,-0.06826570574970192,0.17794701922760775,-0.14592489455366114
