,feature,divergence
0,PUMA,0.023631718565335802
7,EDU,0.020174699268111718
8,PINCP_DECILE,0.0189628509080485
6,INDP_CAT,0.007502973739591971
2,MSP,0.004412897265647038
3,HISP,0.0013526135510794238
4,RAC1P,0.0010489299855247188
5,OWN_RENT,0.0007961889931017568
1,SEX,0.00027686436703888706
