,AGEP,DEYE,HISP,MSP,NOC,NPF,OWN_RENT,PINCP_DECILE,POVPIP,PUMA,RAC1P,SEX
0,-0.3793920659430126,0.0555501325968476,0.10346063208355724,-0.33152598174997583,0.5077179706325323,0.4786017209737774,0.19328919095959857,-0.34886607997624697,-0.24695715432248574,0.08085406385186653,0.13473883570214618,0.02787644921203901
1,0.06928418939533315,-0.16492332190136932,0.23855175616384158,0.36276954322711286,-0.11361245616284199,-0.235238888258425,0.572709297415089,-0.06873881872846377,-0.5635153330188849,-0.05259663918370752,0.21124918402083576,0.11654644177421591
2,-0.4450773923875167,0.19625255361545524,0.3255300405212995,0.29317169565637213,-0.16973395704773506,-0.1718488397910128,-0.2544533858809648,-0.3649325468906666,0.277165570699494,-0.19202123017181844,0.4441323420093906,-0.06527807176604287
3,0.17710503691009866,0.04116021645176152,0.6121680156752632,-0.0986913811085925,-0.015479222032566565,0.0860137365520797,-0.010580164115227775,0.3131249557320864,0.10106130990737575,0.6040627269828791,0.21831909546723613,-0.23213020798826975
4,0.08907735788192034,-0.5526733208318958,0.15216175196416287,-0.07727457619430769,-0.09556726832954116,-0.007237575499857984,-0.30406561975187485,-0.3124284385579326,0.03771909914884913,0.24391226221252177,-0.022779424641605844,0.6299246986517105
