,PUMA,SEX,MSP,HISP,RAC1P,OWN_RENT,INDP_CAT,EDU,PINCP_DECILE
PUMA,-3.3306690738754696e-16,-0.012428782867009562,0.028445250188713966,0.07482386496542066,0.0995393286692737,0.04501580546607366,0.06993468846312154,0.08219549030031348,0.003913918052098007
SEX,-0.012428782867009562,3.774758283725532e-15,-0.061420208116410795,-0.0164588584531854,0.0046857710088134144,0.02270509605995674,0.009326135659541615,0.03293484868804712,0.14258315915959965
MSP,0.028445250188713966,-0.061420208116410795,0.0,0.013087194769201851,0.07431153525461343,0.24125171796738532,-0.28536657403428645,-0.2448808938260604,-0.09206531945783611
HISP,0.07482386496542066,-0.0164588584531854,0.013087194769201851,2.6645352591003757e-15,-0.11672190556221142,-0.06468254548575209,0.0042446528213446865,0.12318599565626669,0.10208750992809876
RAC1P,0.0995393286692737,0.0046857710088134144,0.07431153525461343,-0.11672190556221142,6.772360450213455e-15,0.034888339302717244,0.057154810619064085,0.05518820628833251,0.08632311994766781
OWN_RENT,0.04501580546607366,0.02270509605995674,0.24125171796738532,-0.06468254548575209,0.034888339302717244,-1.2212453270876722e-15,0.0020894826070696274,-0.02230896681588014,-0.17053040959146418
INDP_CAT,0.06993468846312154,0.009326135659541615,-0.28536657403428645,0.0042446528213446865,0.057154810619064085,0.0020894826070696274,5.551115123125783e-16,-0.46234966565872054,-0.4804935600971234
EDU,0.08219549030031348,0.03293484868804712,-0.2448808938260604,0.12318599565626669,0.05518820628833251,-0.02230896681588014,-0.46234966565872054,-7.771561172376096e-16,-0.6938898425246527
PINCP_DECILE,0.003913918052098007,0.14258315915959965,-0.09206531945783611,0.10208750992809876,0.08632311994766781,-0.17053040959146418,-0.4804935600971234,-0.6938898425246527,-2.220446049250313e-16
