,AGEP,DEYE,HISP,MSP,NOC,NPF,OWN_RENT,PINCP_DECILE,POVPIP,PUMA,RAC1P,SEX
0,-0.3793920659430124,0.055550132596846935,0.10346063208355749,-0.33152598174997616,0.5077179706325321,0.47860172097377757,0.1932891909595985,-0.34886607997624663,-0.24695715432248536,0.0808540638518665,0.13473883570214623,0.027876449212039134
1,0.06928418939533272,-0.16492332190137068,0.23855175616384353,0.36276954322711286,-0.11361245616284228,-0.2352388882584246,0.5727092974150876,-0.06873881872846568,-0.5635153330188843,-0.05259663918370725,0.2112491840208359,0.116546441774216
2,-0.44507739238751803,0.19625255361545874,0.32553004052129464,0.29317169565637224,-0.16973395704773478,-0.17184883979101287,-0.25445338588096517,-0.36493254689066745,0.2771655706994944,-0.19202123017182335,0.44413234200938984,-0.06527807176603985
3,0.1771050369100968,0.041160216451754536,0.612168015675268,-0.09869138110859131,-0.01547922203256975,0.08601373655207877,-0.010580164115235484,0.313124955732078,0.10106130990737718,0.6040627269828822,0.2183190954672373,-0.23213020798826128
4,0.08907735788191268,-0.5526733208319281,0.15216175196414938,-0.07727457619430524,-0.09556726832953996,-0.007237575499860038,-0.30406561975188096,-0.31242843855794455,0.037719099148847066,0.24391226221251033,-0.022779424641608183,0.6299246986516828
