,feature,divergence
8,PINCP_DECILE,4.255221750283818
0,PUMA,1.2487980769230766
7,EDU,1.2291577527535837
6,INDP_CAT,0.9705768456402497
2,MSP,0.5832476464209471
4,RAC1P,0.14873437616451415
5,OWN_RENT,0.049553332438788025
3,HISP,0.035955738514937434
1,SEX,0.020426544099331978
