,PUMA,SEX,MSP,HISP,RAC1P,OWN_RENT,INDP_CAT,EDU,PINCP_DECILE
PUMA,-2.886579864025407e-15,0.0058192429258099535,0.03092598209493346,-0.10658937609485203,0.027884884957172132,-0.04812172251121184,-0.02643642720842164,0.12924300371693698,0.08918006839702167
SEX,0.0058192429258099535,-5.551115123125783e-16,-0.05748153187598252,-0.022641144521919374,0.029391662652293527,0.030148286201319603,-0.027179614411939924,-0.01903610969151342,0.19040696827300077
MSP,0.03092598209493346,-0.05748153187598252,-3.1086244689504383e-15,0.011764108573082903,0.0008414628132044792,-0.05195132241617115,-0.3048913391962721,-0.2907776105719051,-0.18392169353316998
HISP,-0.10658937609485203,-0.022641144521919374,0.011764108573082903,1.1102230246251565e-15,-0.16768202197913176,-0.10009048240473972,0.062325170586161945,0.11088831682064995,0.09326231270740587
RAC1P,0.027884884957172132,0.029391662652293527,0.0008414628132044792,-0.16768202197913176,0.0,-0.006919192853842664,0.006611257767316147,0.09676247589977094,0.08552859898879589
OWN_RENT,-0.04812172251121184,0.030148286201319603,-0.05195132241617115,-0.10009048240473972,-0.006919192853842664,0.0,-0.02852534891176675,0.05531889661672067,0.087059118733628
INDP_CAT,-0.02643642720842164,-0.027179614411939924,-0.3048913391962721,0.062325170586161945,0.006611257767316147,-0.02852534891176675,3.774758283725532e-15,-0.5205244524929097,-0.47003244038572894
EDU,0.12924300371693698,-0.01903610969151342,-0.2907776105719051,0.11088831682064995,0.09676247589977094,0.05531889661672067,-0.5205244524929097,0.0,-0.6916739359035207
PINCP_DECILE,0.08918006839702167,0.19040696827300077,-0.18392169353316998,0.09326231270740587,0.08552859898879589,0.087059118733628,-0.47003244038572894,-0.6916739359035207,3.4416913763379853e-15
