,EDU,HISP,INDP_CAT,MSP,OWN_RENT,PINCP_DECILE,PUMA,RAC1P,SEX
0,-0.5757868439330528,0.06559621868644605,-0.5141938332553491,-0.27286967958738356,-0.022671741617568877,-0.5612568911504165,0.020403976696721855,0.0896066059656519,0.03666762089603034
1,0.01703030164170142,0.6184436714821467,0.1185229811742764,0.1815082636906385,0.20248105242787615,-0.06517823296749015,-0.40032058149222766,0.6014969265729602,0.05424525681744848
2,-0.018228842236507774,-0.06572759874428391,0.10657145973913008,0.46282526466702145,-0.5015049458213773,-0.2702253107525684,-0.1348887615446881,-0.10102759843425113,0.6456410825976944
3,-0.041545682585690205,0.11622791106424953,-0.036073459998696045,0.18129651282593767,-0.7187839530939915,0.010864233334594811,0.008139862360910764,0.14065669961475172,-0.6434099327581627
4,-0.06316752979119412,0.4309566929144782,0.1317143698706335,0.15381880983239316,0.028788364074219974,-0.036416247239771826,0.8685452527883886,0.04125467046069969,0.10511695190813639
