,AGEP,DEYE,DVET,EDU,HOUSING_TYPE,MSP,OWN_RENT,PINCP_DECILE,RAC1P,SEX
0,-0.5251615970832849,0.06525346816091615,-0.11259059023351808,-0.5549528123126448,-0.05893922391740687,-0.24157157887476588,0.12599373017480206,-0.5520087567508632,0.12658595063201195,0.02924494200067467
1,0.028117658417163665,-0.18658641777119228,-0.11718581844773346,-0.09819642367101013,0.7053995999603053,0.11063300778624491,-0.6234402039734311,-0.1800531014801271,0.030951825962070058,0.095586460714815
2,-0.08134938043213259,0.16780383264887852,0.5529867249917667,-0.0929338439581822,0.07833761585472858,-0.25478598948784165,-0.2359754365225539,0.10915704418015984,0.08570655941928731,-0.7104893883239479
3,-0.15479221705588958,0.31322492730137325,-0.1173441112330916,0.0925354687441933,0.09949165121325271,0.5617909540969769,0.11943281341258832,0.03871391405782962,0.7010062049706082,-0.15138273614990283
4,-0.005050879427425748,-0.8560167110688431,0.26595651342236776,-0.08439859638472913,0.016422403453307775,0.2253814492297602,0.28402107810567284,-0.06826570574970237,0.17794701922762213,-0.14592489455365934
