,AGEP,HISP,MSP,NOC,NPF,OWN_RENT,PINCP_DECILE,POVPIP,PUMA,RAC1P,SEX
0,-0.46206731655758676,0.17229438035653866,-0.23524154992406787,0.4852564301774994,0.4497517383679849,0.15256761391536047,-0.40389750820632764,-0.2552143140962603,-0.013253438783225168,0.10945176274988125,0.004434341342924232
1,0.04022263831139099,0.1795282170746715,0.4134443307775201,-0.13969336011938277,-0.28381007263920444,0.5779938689345128,-0.08425944050002027,-0.5547096160240306,0.00957516519055765,0.14606512945054503,0.15762969903432966
2,-0.1070552364890509,0.5597321764429584,0.1467029147308253,-0.0832379652286902,-0.06712917640353622,-0.21244911824654106,0.03465886196805473,0.2338093157963522,0.31083017232927307,0.6413793303764164,-0.18247447616035223
3,-0.04743752371493439,0.001967173877629906,0.026973041675102106,-0.13594230202908497,-0.11168192354357266,-0.3102532295671194,-0.3980486661739816,0.10449213536054569,-0.028986063252188426,0.0862587314799689,0.8319651020294369
4,0.03849997016229542,0.10322755847069129,0.07154933010310718,-0.056336227181839456,0.014544651477989057,-0.1538358229826684,-0.021778709689941257,-0.042121167249286925,-0.9284815800060374,0.2725368180436065,-0.13072441429581103
