,PUMA,SEX,MSP,HISP,RAC1P,OWN_RENT,INDP_CAT,EDU,PINCP_DECILE
PUMA,-2.220446049250313e-16,0.014769187475887593,0.043612736285920904,0.0027728870333111055,0.00013967897561351084,0.0012425952171959877,-0.040248057433456434,-0.0002926656360915103,-0.038331483667484186
SEX,0.014769187475887593,0.0,-0.01756650150603169,-0.006929666427095373,-0.018230502195352355,-0.02571794873250672,9.445294754588385e-05,-0.048639584150770125,0.028320958000689525
MSP,0.043612736285920904,-0.01756650150603169,0.0,-0.01632973441199399,-0.04384241267522534,-0.048851770359015695,-0.04350203078463452,0.04309242259076451,-0.00043672072771130943
HISP,0.0027728870333111055,-0.006929666427095373,-0.01632973441199399,2.220446049250313e-16,-0.02520909324498021,-0.06168666534402162,-0.007204424858677869,0.06225311786841457,0.047457393505379246
RAC1P,0.00013967897561351084,-0.018230502195352355,-0.04384241267522534,-0.02520909324498021,0.0,-0.0811560455892135,0.0402330405565811,0.09845107168565781,0.11161284469075337
OWN_RENT,0.0012425952171959877,-0.02571794873250672,-0.048851770359015695,-0.061686665344021625,-0.0811560455892135,0.0,-0.06385196926770233,0.030535021399825495,0.01713670565464654
INDP_CAT,-0.040248057433456434,9.445294754588385e-05,-0.04350203078463452,-0.007204424858677869,0.0402330405565811,-0.06385196926770231,0.0,-0.07680889489075149,0.0005599168520754039
EDU,-0.00029266563609149643,-0.04863958415077013,0.04309242259076454,0.06225311786841459,0.09845107168565781,0.030535021399825495,-0.07680889489075149,-2.220446049250313e-16,0.0005014421079249098
PINCP_DECILE,-0.038331483667484186,0.028320958000689525,-0.0004367207277113372,0.04745739350537925,0.11161284469075337,0.017136705654646547,0.0005599168520754039,0.0005014421079249098,0.0
