,AGEP,SEX,MSP,RAC1P,HOUSING_TYPE,OWN_RENT,EDU,PINCP_DECILE,DVET
AGEP,0.0,-0.07140299804479848,0.03749763377824761,0.11031119740897581,,-0.03781305321711692,0.16826269995771348,0.16314956053345442,
SEX,-0.07140299804479848,-1.199040866595169e-14,0.007099770756666171,0.04994203909948971,,0.01469113280681947,-0.027854503864938526,0.10116777130852557,
MSP,0.03749763377824761,0.007099770756666171,0.0,-0.04585085568025794,,-0.1356448254008567,0.09924554347149672,0.09305840298526818,
RAC1P,0.11031119740897581,0.04994203909948971,-0.04585085568025794,-5.551115123125783e-16,,0.004403134529446413,0.09925218721857546,0.08032453970501018,
HOUSING_TYPE,,,,,,,,,
OWN_RENT,-0.03781305321711692,0.01469113280681947,-0.1356448254008567,0.004403134529446413,,0.0,-0.03182581619941573,-0.05018271468393734,
EDU,0.16826269995771348,-0.027854503864938526,0.09924554347149672,0.09925218721857546,,-0.03182581619941573,2.886579864025407e-15,0.04575698188425992,
PINCP_DECILE,0.16314956053345442,0.10116777130852557,0.09305840298526818,0.08032453970501018,,-0.05018271468393734,0.04575698188425992,-1.509903313490213e-14,
DVET,,,,,,,,,
