,feature,divergence
8,PINCP_DECILE,5.580311934900542
7,EDU,4.2040813761727955
2,MSP,2.3801781935669806
6,INDP_CAT,1.695656613610653
0,PUMA,0.7394101634758545
5,OWN_RENT,0.3381244522348817
1,SEX,0.32749331934653947
4,RAC1P,0.14659056773805948
3,HISP,0.04403719912472648
