,AGEP,DEYE,DVET,EDU,HOUSING_TYPE,MSP,OWN_RENT,PINCP_DECILE,RAC1P,SEX
0,-0.5028447292406178,0.043012204491294836,-0.07175908242364257,-0.5679702824416618,0.1515700234131378,-0.14873136663161918,-0.08761200318303056,-0.5866974558755631,0.13573808015826017,0.04635121613684492
1,0.08304591705250125,-0.10230268734180449,-0.01907577203785418,0.11162185388090831,0.6716988815264691,0.39456449129251914,-0.5978167220009155,-0.022949751126825027,-0.02800798358181083,0.06525117564494189
2,-0.1351379504584627,0.26064593837089856,0.4981950583456548,-0.006038019141971579,0.0915867675191929,-0.06551219753833368,-0.1192457745764145,0.1377388146573032,0.25369209881647475,-0.7452083295905237
3,0.2222368078403073,-0.6550436193785791,0.44402949102177347,-0.2143890730598374,-0.02747864694178545,-0.2593302376221283,-0.10001161192989641,-0.116850323948679,-0.42037880580729753,-0.10010936582185301
4,0.018644768478136196,-0.46355251690191046,0.2676442887071555,0.06380068629860586,-0.0032172989541422517,0.25228501745897497,0.23686945384444316,-0.057983656396183136,0.7405275973679889,0.19380143897425237
