,AGEP,DEYE,DVET,EDU,HOUSING_TYPE,MSP,OWN_RENT,PINCP_DECILE,RAC1P,SEX
0,-0.5003671965995969,0.03900010057801151,-0.09147255741886531,-0.5717285720585464,0.02857126808250604,-0.23289866092055755,0.06753307375165316,-0.5718403334470057,0.16142351159960258,0.013897306588228124
1,-0.0367513022035271,-0.009456974854131515,-0.020757550366644516,-0.009303160616242975,0.7107583250013609,0.23447166211410714,-0.6402728025062312,-0.11921538103751995,-0.09207325951810817,-0.07245047965053746
2,0.09901175711451389,-0.2779127426599055,0.6235894739239661,-0.1604642273035825,-0.0682103241749123,-0.3925356471229498,-0.14847233213293995,0.012234921473095739,-0.2460947331152667,-0.5068089898784752
3,-0.11347758108070476,-0.34360233153167713,0.2287526964139043,0.017965216400231687,0.09691595087680212,0.5511477770143671,0.2765624299491442,-0.018082836577401895,0.5527299875731537,-0.34774840301317933
4,0.23737997636266742,-0.7955381192427554,-0.04165471474756326,-0.09690685272827304,0.003113264186994591,-0.01753955305036975,-0.018473106588039717,-0.1634021113763066,-0.08018248525368286,0.5156119949550717
