,EDU,HISP,INDP_CAT,MSP,OWN_RENT,PINCP_DECILE,PUMA,RAC1P,SEX
0,-0.5757868439330526,0.06559621868644594,-0.5141938332553492,-0.27286967958738373,-0.0226717416175686,-0.5612568911504164,0.020403976696721983,0.08960660596565198,0.0366676208960304
1,0.01703030164170101,0.6184436714821484,0.1185229811742764,0.18150826369064074,0.20248105242787418,-0.06517823296749126,-0.40032058149222743,0.6014969265729586,0.054245256817449766
2,-0.01822884223650723,-0.06572759874428542,0.10657145973912946,0.4628252646670171,-0.501504945821377,-0.2702253107525673,-0.13488876154468923,-0.1010275984342548,0.6456410825976969
3,-0.04154568258569131,0.11622791106426034,-0.03607345999869215,0.1812965128259401,-0.7187839530939931,0.01086423333459359,0.008139862360935946,0.14065669961475352,-0.6434099327581565
4,-0.06316752979119224,0.4309566929144747,0.13171436987063415,0.15381880983238616,0.02878836407423766,-0.036416247239771604,0.8685452527883887,0.041254670460694795,0.10511695190815745
