,PUMA,SEX,MSP,HISP,RAC1P,OWN_RENT,INDP_CAT,EDU,PINCP_DECILE
PUMA,-2.220446049250313e-16,0.019525024130749063,-0.002967454337914635,0.04082671848278585,0.0216786335558632,0.005404595436266209,0.009876154498399417,0.0738212754515035,0.0013297236984522384
SEX,0.019525024130749063,0.0,-0.048285522902659056,-0.013615177164683651,-0.03020595973106894,-0.002274051479467021,-0.07359655117295102,0.014935309609486577,0.04113559235467951
MSP,-0.002967454337914628,-0.048285522902659056,0.0,0.004094170598061291,0.09159882714673476,0.1060858069017619,-0.22025504463393145,-0.1827657278206705,-0.31872661439219746
HISP,0.04082671848278586,-0.013615177164683651,0.004094170598061291,0.0,-0.10071849392091647,-0.043984367235651994,0.006013659896383505,0.07383997863430772,0.03375402705388898
RAC1P,0.0216786335558632,-0.03020595973106894,0.09159882714673476,-0.10071849392091647,-1.1102230246251565e-16,0.0038781436221252616,0.06884860254151592,-0.02720186851662749,0.0352670913299087
OWN_RENT,0.005404595436266209,-0.0022740514794670225,0.1060858069017619,-0.04398436723565198,0.0038781436221252616,0.0,0.033987944510851326,-0.032229228405161285,-0.08663350956291446
INDP_CAT,0.009876154498399417,-0.07359655117295102,-0.22025504463393142,0.006013659896383508,0.06884860254151592,0.033987944510851326,0.0,-0.40248611398773937,-0.3499842247064743
EDU,0.07382127545150349,0.014935309609486577,-0.18276572782067046,0.0738399786343077,-0.027201868516627488,-0.03222922840516129,-0.4024861139877393,0.0,-0.4947504999330562
PINCP_DECILE,0.0013297236984522402,0.04113559235467951,-0.3187266143921974,0.03375402705388898,0.0352670913299087,-0.08663350956291446,-0.3499842247064743,-0.4947504999330562,2.220446049250313e-16
