,feature,divergence
0,AGEP,5.610595523302243
7,PINCP_DECILE,1.9697785122634475
6,EDU,1.0129108671118217
2,MSP,0.60030206579259
5,OWN_RENT,0.16884129497009864
3,RAC1P,0.15051078918563593
4,HOUSING_TYPE,0.024972375690607736
9,DEYE,0.024519549370444003
8,DVET,0.01945268710847346
1,SEX,0.00436588816549055
