,AGEP,DEYE,DVET,EDU,HOUSING_TYPE,MSP,OWN_RENT,PINCP_DECILE,RAC1P,SEX
0,-0.5251615970832852,0.0652534681609157,-0.11259059023351803,-0.554952812312645,-0.05893922391740617,-0.24157157887476607,0.12599373017480156,-0.552008756750863,0.12658595063201175,0.029244942000674838
1,0.02811765841716354,-0.18658641777119137,-0.11718581844773174,-0.09819642367100917,0.7053995999603049,0.11063300778624398,-0.623440203973432,-0.18005310148012654,0.030951825962070065,0.09558646071481304
2,-0.0813493804321316,0.1678038326488777,0.5529867249917664,-0.09293384395818298,0.07833761585472501,-0.2547859894878462,-0.23597543652255432,0.10915704418016171,0.08570655941928515,-0.7104893883239483
3,-0.15479221705588977,0.31322492730136514,-0.11734411123308737,0.09253546874419138,0.09949165121325285,0.5617909540969765,0.11943281341258971,0.03871391405783042,0.7010062049706118,-0.1513827361499076
4,-0.005050879427424454,-0.8560167110688458,0.26595651342236803,-0.08439859638473107,0.016422403453307685,0.2253814492297556,0.2840210781056719,-0.06826570574970248,0.1779470192276132,-0.14592489455366037
