,feature,divergence
7,EDU,2.945516966344737
8,PINCP_DECILE,2.519511741973841
6,INDP_CAT,2.2520287243082726
0,PUMA,0.07179038281979455
2,MSP,0.06242089252096053
1,SEX,0.01840625840926735
4,RAC1P,0.009856794012136962
3,HISP,0.006003970367501084
5,OWN_RENT,0.00545191458720732
