,AGEP,SEX,MSP,RAC1P,HOUSING_TYPE,OWN_RENT,EDU,PINCP_DECILE,DVET
AGEP,0.0,-0.028995635362330033,-0.012823943640085336,0.013842667299824696,-0.013296016113883015,0.030582586802570724,-0.036393557005723665,-0.025657827024626823,-0.0665083101999681
SEX,-0.028995635362330033,0.0,-0.012678716432964223,-0.011597679975022968,-0.006939465792180764,0.0115656844597803,-0.0336127156059264,0.0023962306230378427,0.0955394006432608
MSP,-0.012823943640085336,-0.012678716432964223,0.0,0.010398260856448592,-0.00633452843947685,0.003644805643040802,0.024272076369436568,0.03108221845741542,-0.012923534377762926
RAC1P,0.013842667299824696,-0.011597679975022972,0.010398260856448592,0.0,-0.06948505210025846,-0.027082450010420332,-0.009467714710827791,0.01681944386962475,-0.005996061712579676
HOUSING_TYPE,-0.013296016113883015,-0.006939465792180768,-0.006334528439476739,-0.06948505210025846,0.0,-1.572869771526708e-05,0.07587730283698121,0.14429568115719008,-0.002337482795682067
OWN_RENT,0.03058258680257072,0.011565684459780299,0.003644805643040802,-0.027082450010420332,-1.572869771526708e-05,0.0,-0.015646706934519725,-0.047377073786132054,0.002282176832751897
EDU,-0.036393557005723665,-0.0336127156059264,0.024272076369436596,-0.009467714710827795,0.07587730283698121,-0.01564670693451973,0.0,-0.22448543375395147,-0.023544436936226775
PINCP_DECILE,-0.025657827024626878,0.0023962306230378705,0.031082218457415434,0.01681944386962475,0.14429568115719005,-0.047377073786132054,-0.22448543375395147,2.220446049250313e-16,-0.0747085347858494
DVET,-0.0665083101999681,0.0955394006432608,-0.012923534377762929,-0.005996061712579676,-0.002337482795682067,0.002282176832751897,-0.023544436936226775,-0.0747085347858494,0.0
