,feature,divergence
0,AGEP,0.5148454079467175
7,PINCP_DECILE,0.024746483631117894
6,EDU,0.022154720776368333
2,MSP,0.00619837166458671
3,RAC1P,0.0031775629096706705
8,DVET,0.001868482137729692
1,SEX,0.0016591367418166136
5,OWN_RENT,0.0007074487548785792
4,HOUSING_TYPE,0.00022646318508409355
