,EDU,HISP,INDP_CAT,MSP,OWN_RENT,PINCP_DECILE,PUMA,RAC1P,SEX
0,-0.5757868439330525,0.06559621868644594,-0.5141938332553491,-0.2728696795873836,-0.022671741617569113,-0.5612568911504163,0.02040397669672203,0.08960660596565184,0.03666762089603061
1,0.017030301641701148,0.6184436714821475,0.11852298117427718,0.18150826369063977,0.20248105242787587,-0.06517823296749153,-0.40032058149222655,0.6014969265729591,0.05424525681745183
2,-0.018228842236507656,-0.06572759874428602,0.1065714597391301,0.46282526466702045,-0.5015049458213786,-0.270225310752568,-0.13488876154468435,-0.1010275984342522,0.6456410825976943
3,-0.04154568258569157,0.11622791106426221,-0.036073459998692485,0.18129651282594073,-0.7187839530939908,0.010864233334594076,0.008139862360932337,0.1406566996147534,-0.643409932758161
4,-0.06316752979119297,0.4309566929144747,0.1317143698706344,0.1538188098323871,0.028788364074239268,-0.03641624723977155,0.8685452527883896,0.04125467046069461,0.10511695190815176
