,feature,divergence
0,AGEP,2.3177154386831798
6,EDU,0.47078288693685766
7,PINCP_DECILE,0.4561515915408149
2,MSP,0.2720916051637463
3,RAC1P,0.17688865543810603
5,OWN_RENT,0.14207282031251178
8,DVET,0.11177310638505056
4,HOUSING_TYPE,0.0668637738765882
9,DEYE,0.060149054043415265
1,SEX,0.014928205322738086
