,AGEP,DEAR,DENSITY,DEYE,DPHY,DREM,DVET,EDU,HISP,HOUSING_TYPE,INDP_CAT,MSP,NOC,NPF,OWN_RENT,PINCP,PINCP_DECILE,POVPIP,PUMA,RAC1P,SEX
0,-0.2877687004689493,0.0312494218226613,-0.0487749522267404,0.009460812036731846,-0.29246512623425847,-0.30627304020891954,-0.027543493418630542,-0.3665643945066602,0.042785219516657355,-0.09323673523026876,-0.24374012252623933,-0.26795237727892973,0.29831964792355864,0.2706252874317455,0.0765474859330163,0.40404649017366423,-0.3200773013462463,-0.13116249684399592,0.046709009116968445,0.06606489445541508,0.0007141110813311084
1,-0.05735813571730192,-0.07214528698788998,-0.036051021491197426,-0.049565745070106776,-0.20178309968310412,-0.20547890138011227,0.0030149416004566273,-0.13897282641738543,-0.06821840268593327,0.5403868022994041,-0.20112996344735867,0.07441553127283257,-0.2764903649516128,-0.24657665739074294,-0.46807819559956076,0.06549462498107318,-0.16051441132673072,0.3801848016801541,-0.06100173846588251,-0.0630315342327719,-0.06474788724627474
2,0.24307519560611607,-0.19325460765704439,-0.47986983063111976,-0.06619867979043138,-0.008721696327298231,0.009735214381595025,0.17318291442234224,0.09736996068539204,-0.328080797138936,-0.14353714577619903,-0.05794530453262344,-0.36451187233200144,0.12655264528603696,0.2042464336023298,-0.2508179462087938,0.016971150902517954,0.2131225397888321,0.136415395254577,0.2364688786669552,-0.34211285374486544,-0.08294742753166834
3,0.28907305198501576,-0.4345780884522927,0.00932817807277973,-0.4194683532860441,-0.30982842800181853,-0.2602218570208935,0.15101323540174452,-0.08738973557693921,-0.008695680504005657,-0.1592319870911597,-0.14226431906579534,0.12056991031523503,-0.22029266759638236,-0.2603968223801905,0.24706192559206688,-0.1083045081940987,-0.021448575492297207,-0.3263970519477349,-0.008388645927852371,-0.031651264386620526,0.0028553966117871215
4,-0.018047535331319448,-0.17559412850789438,-0.2981503020563435,-0.18773398977284605,0.4367305481214342,0.44123432068540086,-0.030006926977882212,-0.20042894217740495,0.12491025418216709,0.14521834687139307,-0.28960768257758973,0.1733017752658121,0.03036407060046146,0.029251638190530192,-0.09906793482799679,-0.04219122458903864,-0.38098028470385314,-0.24972673858248218,0.20733155583512358,0.05132476864061525,0.03332549415407403
