,feature,divergence
7,EDU,4.861654591115088
6,INDP_CAT,4.333677823804481
8,PINCP_DECILE,4.126371050683267
0,PUMA,3.1243308222471553
2,MSP,0.7393252538486734
5,OWN_RENT,0.6733914595733106
1,SEX,0.4873660169945476
3,HISP,0.1718039880447674
4,RAC1P,0.15016536254992216
