,EDU,HISP,INDP_CAT,MSP,OWN_RENT,PINCP_DECILE,PUMA,RAC1P,SEX
0,-0.5711275826037827,0.09765649436928048,-0.5004442530985018,-0.29828622168924257,0.004362825624502256,-0.5535746002048505,0.05716361394535752,0.12286875986066868,0.005393499728212552
1,-0.025747737539155473,0.5862344447408908,0.20355365568546896,0.2048359569052639,0.498004525642321,-0.03326728927976963,0.035718054410579195,0.5505229960803347,0.13714153676526877
2,-0.027387643779077528,0.28795314487401635,0.10222790078216804,-0.23418829899428062,-0.0283065636399253,0.14753638134549546,0.8607935323039896,-0.23521682401784197,-0.179380866644651
3,-0.011289996827381098,0.1266216008874313,-0.09007063761035457,0.0888490747364935,-0.15136372706999868,0.09636782792189644,-0.15395168477612553,0.24738566200910675,-0.9223524842354351
4,0.04110511941977882,0.34044241752763704,-0.014689687027022502,0.3471448576965237,-0.8096861230088349,-0.11316330943767146,0.07429342428192878,0.17733010918458075,0.23732036883592317
