,EDU,HISP,INDP_CAT,MSP,OWN_RENT,PINCP_DECILE,PUMA,RAC1P,SEX
0,-0.5757868439330524,0.06559621868644594,-0.5141938332553491,-0.2728696795873836,-0.022671741617568884,-0.5612568911504164,0.02040397669672194,0.08960660596565179,0.036667620896030345
1,0.01703030164170114,0.6184436714821467,0.11852298117427695,0.18150826369063996,0.20248105242787381,-0.06517823296749126,-0.4003205814922277,0.6014969265729598,0.05424525681745003
2,-0.018228842236508273,-0.06572759874428569,0.10657145973912943,0.4628252646670213,-0.5015049458213803,-0.2702253107525683,-0.13488876154469057,-0.10102759843425502,0.6456410825976916
3,-0.041545682585691426,0.11622791106426149,-0.03607345999869282,0.18129651282593845,-0.71878395309399,0.010864233334595144,0.008139862360935361,0.14065669961475255,-0.6434099327581618
4,-0.0631675297911937,0.4309566929144767,0.13171436987063515,0.15381880983239005,0.02878836407423859,-0.03641624723977305,0.8685452527883871,0.041254670460692346,0.10511695190815552
