,PUMA,SEX,MSP,HISP,RAC1P,OWN_RENT,INDP_CAT,EDU,PINCP_DECILE
PUMA,5.551115123125783e-16,-0.004809579643530461,-0.01672148345915586,-0.0249232668123779,0.009513951119955039,0.14621834778703208,-0.01566208939145849,0.0757354848443633,0.027529999726366196
SEX,-0.004809579643530461,-3.885780586188048e-15,0.08054524858665293,0.016204653942161223,0.04999651309447556,0.029533563255261526,-0.014428216068599266,-0.04546415865932528,0.03333725266199812
MSP,-0.01672148345915586,0.08054524858665293,-3.4416913763379853e-15,0.08269003649376552,0.10658966691542027,0.023416776604513898,-0.10142228375647883,-0.2502429807668883,-0.37393837042715083
HISP,-0.0249232668123779,0.016204653942161223,0.08269003649376552,3.6637359812630166e-15,-0.11389576127133301,-0.007351138871568269,0.06921662081408847,0.1340079450697024,0.07708569592364614
RAC1P,0.009513951119955039,0.04999651309447556,0.10658966691542027,-0.11389576127133301,-3.3306690738754696e-15,-0.0407795102289156,0.002143929452926928,0.050085811458176525,0.048174128152333115
OWN_RENT,0.14621834778703208,0.029533563255261526,0.023416776604513898,-0.007351138871568269,-0.0407795102289156,4.440892098500626e-16,0.02375380501929915,0.07111421391868136,0.026863321474961427
INDP_CAT,-0.01566208939145849,-0.014428216068599266,-0.10142228375647883,0.06921662081408847,0.002143929452926928,0.02375380501929915,3.552713678800501e-15,-0.30307651930089774,-0.3328765404077438
EDU,0.0757354848443633,-0.04546415865932528,-0.2502429807668883,0.1340079450697024,0.050085811458176525,0.07111421391868136,-0.30307651930089774,1.2212453270876722e-15,-0.44015406546883096
PINCP_DECILE,0.027529999726366196,0.03333725266199812,-0.37393837042715083,0.07708569592364614,0.048174128152333115,0.026863321474961427,-0.3328765404077438,-0.44015406546883096,-1.9984014443252818e-15
