,AGEP,DEYE,DVET,EDU,HOUSING_TYPE,MSP,OWN_RENT,PINCP_DECILE,RAC1P,SEX
0,-0.5003671965995969,0.0390001005780114,-0.09147255741886554,-0.5717285720585464,0.02857126808250733,-0.23289866092055697,0.06753307375165246,-0.5718403334470067,0.16142351159960294,0.013897306588227569
1,-0.03675130220352593,-0.009456974854131786,-0.0207575503666438,-0.009303160616242045,0.7107583250013614,0.23447166211410722,-0.6402728025062311,-0.11921538103751884,-0.09207325951810719,-0.07245047965053895
2,0.0990117571145173,-0.27791274265989596,0.6235894739239564,-0.1604642273035825,-0.06821032417491649,-0.39253564712296674,-0.1484723321329466,0.012234921473097071,-0.2460947331152825,-0.506808989878469
3,-0.11347758108071687,-0.34360233153163783,0.22875269641392537,0.017965216400233353,0.09691595087679888,0.5511477770143584,0.27656242994914243,-0.01808283657739157,0.55272998757315,-0.34774840301322335
4,0.23737997636266053,-0.7955381192427751,-0.041654714747545826,-0.09690685272827237,0.0031132641870016825,-0.017539553050334847,-0.018473106588022134,-0.1634021113763084,-0.08018248525365404,0.5156119949550517
