,feature,divergence
1,AGEP,12.403673469387753
9,PINCP_DECILE,4.605357142857142
7,NPF,2.4215747741102707
0,PUMA,1.6883370132684012
3,MSP,1.1108975735856594
10,POVPIP,0.7279884878501032
6,NOC,0.6411244724058295
8,OWN_RENT,0.34840562454869667
2,SEX,0.17086105634959758
5,RAC1P,0.14659056773805948
4,HISP,0.04403719912472648
11,DEYE,0.01922563417890521
