,PUMA,SEX,MSP,HISP,RAC1P,OWN_RENT,INDP_CAT,EDU,PINCP_DECILE
PUMA,1.9984014443252818e-15,0.09292057180723129,-0.20331867035181192,0.09705405094911024,-0.04148537668935472,-0.03668406158234593,-0.25638200805161887,-0.34969786028545446,-0.26367044045290305
SEX,0.09292057180723129,0.0,-0.12673208694211124,0.0031581017839013214,-0.17052500911302543,-0.1484382390730878,0.22502839396558338,0.16796862506687332,-0.010714156262053715
MSP,-0.20331867035181192,-0.12673208694211124,4.218847493575595e-15,0.03809636251318224,0.12930847223026606,0.15092397668582264,-0.042384958509550485,-0.21750339805867336,-0.20188767429493687
HISP,0.09705405094911024,0.0031581017839013214,0.03809636251318224,-3.9968028886505635e-15,0.0451644510897134,0.1693613662661113,-0.2585293760643157,-0.29854021618281146,-0.3277670774296471
RAC1P,-0.04148537668935472,-0.17052500911302543,0.12930847223026606,0.0451644510897134,5.329070518200751e-15,0.0014012443684130354,-0.0430316979584155,-0.03422216614540635,0.008136529572687443
OWN_RENT,-0.03668406158234593,-0.1484382390730878,0.15092397668582264,0.1693613662661113,0.0014012443684130354,3.885780586188048e-15,-0.10362103731727029,-0.20470985783039417,-0.2169490898880141
INDP_CAT,-0.25638200805161887,0.22502839396558338,-0.042384958509550485,-0.2585293760643157,-0.0430316979584155,-0.10362103731727029,-4.218847493575595e-15,0.07192722190891154,-0.0863467664222658
EDU,-0.34969786028545446,0.16796862506687332,-0.21750339805867336,-0.29854021618281146,-0.03422216614540635,-0.20470985783039417,0.07192722190891154,1.887379141862766e-15,0.0889305602210263
PINCP_DECILE,-0.26367044045290305,-0.010714156262053715,-0.20188767429493687,-0.3277670774296471,0.008136529572687443,-0.2169490898880141,-0.0863467664222658,0.0889305602210263,-2.220446049250313e-15
