,feature,divergence
1,AGEP,0.9476149712274694
10,POVPIP,0.4269638128861427
9,PINCP_DECILE,0.34356886863413105
0,PUMA,0.18081657250470817
5,RAC1P,0.08014125151883351
7,NPF,0.06858829617898624
8,OWN_RENT,0.04624295954941118
6,NOC,0.039542893853873974
2,SEX,0.02466942140777706
3,MSP,0.023231613891726247
4,HISP,0.004358025027450342
