,AGEP,DEYE,DVET,EDU,HOUSING_TYPE,MSP,OWN_RENT,PINCP_DECILE,RAC1P,SEX
0,-0.5028447292406181,0.04301220449129539,-0.07175908242364283,-0.5679702824416626,0.15157002341313547,-0.14873136663162098,-0.08761200318302878,-0.5866974558755625,0.13573808015826022,0.04635121613684463
1,0.08304591705249882,-0.1023026873418044,-0.019075772037855016,0.11162185388090581,0.67169888152647,0.3945644912925193,-0.5978167220009158,-0.02294975112682586,-0.028007983581810288,0.06525117564494208
2,-0.13513795045845287,0.2606459383708685,0.4981950583456774,-0.006038019141981682,0.09158676751919191,-0.06551219753834317,-0.11924577457641741,0.1377388146572967,0.25369209881645244,-0.7452083295905282
3,0.22223680784031538,-0.6550436193785923,0.4440294910217525,-0.21438907305983596,-0.027478646941789052,-0.2593302376221272,-0.10001161192989133,-0.11685032394868572,-0.4203788058073041,-0.10010936582181373
4,0.018644768478136696,-0.4635525169019034,0.2676442887071573,0.06380068629860758,-0.0032172989541418284,0.252285017458971,0.2368694538444405,-0.05798365639618275,0.7405275973679936,0.19380143897425767
