,feature,divergence
1,AGEP,10.711319455479634
9,PINCP_DECILE,2.602225818169809
10,POVPIP,2.5290251916757938
7,NPF,1.4966652588603808
3,MSP,0.867762209536989
6,NOC,0.3479910236452098
8,OWN_RENT,0.3269339015924452
5,RAC1P,0.19808429118773946
4,HISP,0.17295183642741235
0,PUMA,0.13217097324113625
2,SEX,0.06938601839707681
