,feature,divergence
1,AGEP,8.539526155289703
9,PINCP_DECILE,4.0424115491061405
7,NPF,2.030238115523964
10,POVPIP,1.3121980676328504
3,MSP,1.0561528795440869
6,NOC,0.5027289023303324
0,PUMA,0.44486568609072513
2,SEX,0.31141891665830235
5,RAC1P,0.27673244607618175
8,OWN_RENT,0.27497708524289644
4,HISP,0.1904150620453573
