,feature,divergence
8,PINCP_DECILE,0.42592891652199655
7,EDU,0.22065760266370707
6,INDP_CAT,0.10812621721128406
0,PUMA,0.10681177796562402
2,MSP,0.05001993090619189
4,RAC1P,0.04220604761281317
1,SEX,0.03503576152063259
5,OWN_RENT,0.01637184376279069
3,HISP,0.006149444194148828
