,feature,divergence
1,AGEP,9.929242186385041
9,PINCP_DECILE,2.673326993519301
7,NPF,1.1803907447522444
0,PUMA,0.7971242008509087
3,MSP,0.7190809968243683
10,POVPIP,0.6595458149363022
6,NOC,0.21119190473515034
8,OWN_RENT,0.20435457384386208
5,RAC1P,0.1420319270418307
2,SEX,0.04763680043305496
4,HISP,0.04403719912472648
