,PUMA,SEX,MSP,HISP,RAC1P,OWN_RENT,INDP_CAT,EDU,PINCP_DECILE
PUMA,0.0,-0.006864486741247537,0.03239353319751123,0.026259810720571743,0.059431589676308696,-0.023070063770902084,-0.02651266228254081,0.052702008118240704,-0.015126549409632309
SEX,-0.006864486741247537,0.0,-0.03768964715148267,-0.0161429542556942,-0.04601270832877721,0.05965902885280989,0.002024588801590302,0.008865512627979029,0.10626462328013107
MSP,0.03239353319751124,-0.03768964715148267,0.0,0.069253819369665,0.05774928922907292,0.008934965915265828,-0.3107485715140308,-0.19058157642548806,-0.12571204832702731
HISP,0.02625981072057175,-0.016142954255694196,0.069253819369665,0.0,-0.08764399173138032,-0.06906349484925027,-0.036514314260377954,0.019885624508771703,0.06166407908530387
RAC1P,0.059431589676308696,-0.04601270832877722,0.05774928922907292,-0.08764399173138031,-1.1102230246251565e-16,-0.03237685444300204,0.0019560045028038826,0.0137208280471867,0.09258018578918245
OWN_RENT,-0.023070063770902084,0.05965902885280988,0.008934965915265831,-0.06906349484925027,-0.03237685444300204,-1.1102230246251565e-16,0.05622719414785405,-0.013514716363707109,-0.018727018024479205
INDP_CAT,-0.02651266228254081,0.002024588801590309,-0.3107485715140308,-0.036514314260377954,0.001956004502803879,0.05622719414785404,0.0,-0.3244926825869835,-0.32700411495696596
EDU,0.052702008118240704,0.008865512627979032,-0.190581576425488,0.019885624508771696,0.013720828047186696,-0.01351471636370711,-0.32449268258698344,0.0,-0.5317840554784291
PINCP_DECILE,-0.015126549409632307,0.10626462328013107,-0.12571204832702731,0.06166407908530387,0.09258018578918245,-0.018727018024479205,-0.32700411495696596,-0.5317840554784291,2.220446049250313e-16
