,EDU,HISP,INDP_CAT,MSP,OWN_RENT,PINCP_DECILE,PUMA,RAC1P,SEX
0,-0.5757868439330527,0.06559621868644583,-0.5141938332553493,-0.27286967958738345,-0.022671741617568783,-0.5612568911504163,0.020403976696721865,0.08960660596565179,0.03666762089603014
1,0.01703030164170103,0.6184436714821491,0.11852298117427701,0.18150826369063966,0.2024810524278742,-0.06517823296749098,-0.4003205814922255,0.6014969265729588,0.054245256817450696
2,-0.018228842236508325,-0.06572759874428889,0.10657145973912877,0.4628252646670223,-0.5015049458213715,-0.2702253107525686,-0.13488876154469004,-0.10102759843425466,0.6456410825976964
3,-0.041545682585688935,0.11622791106423731,-0.03607345999869861,0.18129651282593795,-0.7187839530939943,0.010864233334593701,0.00813986236089042,0.14065669961475122,-0.6434099327581619
4,-0.06316752979119523,0.43095669291447986,0.13171436987063295,0.15381880983239707,0.028788364074200906,-0.036416247239772326,0.8685452527883892,0.04125467046069966,0.10511695190812427
