,feature,divergence
1,AGEP,8.564011146989872
5,RAC1P,5.906654185457265
9,PINCP_DECILE,5.363303857800713
10,POVPIP,3.6375902635747255
7,NPF,2.214846456184282
8,OWN_RENT,0.9061044942387634
3,MSP,0.4517667005290554
6,NOC,0.27078798201635756
0,PUMA,0.10034483162609786
2,SEX,0.05188240972083147
4,HISP,0.009225690992406398
