,AGEP,DEYE,DVET,EDU,HOUSING_TYPE,MSP,OWN_RENT,PINCP_DECILE,RAC1P,SEX
0,-0.5003671965995968,0.03900010057801251,-0.09147255741886677,-0.5717285720585459,0.02857126808250697,-0.23289866092055625,0.06753307375165277,-0.5718403334470058,0.16142351159960278,0.013897306588227722
1,-0.03675130220352638,-0.009456974854131585,-0.020757550366643448,-0.00930316061624234,0.7107583250013613,0.23447166211410692,-0.6402728025062311,-0.11921538103751929,-0.09207325951810741,-0.07245047965053876
2,0.09901175711451492,-0.2779127426599106,0.6235894739239606,-0.1604642273035835,-0.06821032417491409,-0.3925356471229535,-0.14847233213293987,0.012234921473095073,-0.24609473311526925,-0.5068089898784749
3,-0.11347758108073058,-0.34360233153159236,0.22875269641391102,0.01796521640024165,0.09691595087680056,0.5511477770143687,0.27656242994914676,-0.018082836577383604,0.5527299875731602,-0.34774840301323695
4,0.23737997636265395,-0.7955381192427903,-0.04165471474753994,-0.09690685272827004,0.0031132641870065675,-0.01753955305030941,-0.018473106588010296,-0.1634021113763086,-0.08018248525361953,0.5156119949550392
