,PUMA,SEX,MSP,HISP,RAC1P,OWN_RENT,INDP_CAT,EDU,PINCP_DECILE
PUMA,6.661338147750939e-15,0.05776122796482823,0.007575317303014223,0.05887574374376233,0.09557474032406761,-0.05388015329461236,-0.01944760172517726,0.12263742022622283,-0.03160919893930022
SEX,0.05776122796482823,-3.4416913763379853e-15,-0.05006147579388905,-0.034555364431909576,-0.038617190084474895,0.006198692897485494,-0.019545142830729854,0.034104988448047394,0.04084021127538989
MSP,0.007575317303014223,-0.05006147579388905,1.5543122344752192e-15,-0.05221808299873588,0.12777892389141585,0.15964661089730553,-0.2515734153223092,-0.2712552579572445,-0.3327204041905012
HISP,0.05887574374376233,-0.034555364431909576,-0.05221808299873588,-3.4416913763379853e-15,-0.06241080892509587,-0.018008126905913753,-0.017475002718539735,0.08777548273514567,0.05037190584513158
RAC1P,0.09557474032406761,-0.038617190084474895,0.12777892389141585,-0.06241080892509587,0.0,0.03437739495947515,0.12006592082395638,-0.03162203323797061,0.09445180073252236
OWN_RENT,-0.05388015329461236,0.006198692897485494,0.15964661089730553,-0.018008126905913753,0.03437739495947515,-4.884981308350689e-15,0.03644160922469624,-0.006446135198158218,-0.13927560593733174
INDP_CAT,-0.01944760172517726,-0.019545142830729854,-0.2515734153223092,-0.017475002718539735,0.12006592082395638,0.03644160922469624,0.0,-0.5459046889527828,-0.49811995457283054
EDU,0.12263742022622283,0.034104988448047394,-0.2712552579572445,0.08777548273514567,-0.03162203323797061,-0.006446135198158218,-0.5459046889527828,-3.1086244689504383e-15,-0.614185775961969
PINCP_DECILE,-0.03160919893930022,0.04084021127538989,-0.3327204041905012,0.05037190584513158,0.09445180073252236,-0.13927560593733174,-0.49811995457283054,-0.614185775961969,-3.774758283725532e-15
