,AGEP,DEAR,DENSITY,DEYE,DPHY,DREM,DVET,EDU,HISP,HOUSING_TYPE,INDP_CAT,MSP,NOC,NPF,OWN_RENT,PINCP,PINCP_DECILE,POVPIP,PUMA,RAC1P,SEX
0,-0.3043536583471752,0.03469589726652118,-0.022714099828159695,0.01993471357617102,-0.30517234594136067,-0.31343199870329075,-0.02417219754715751,-0.37160808911699933,0.033161511488890634,-0.07935456462083425,-0.25883048017891097,-0.2539744151601315,0.2938625546974339,0.24417649031033095,0.04645229981123977,0.4202687273746737,-0.32328570314703325,-0.05896440494391689,0.01894094964254501,0.05621483516679773,-0.006459864161133562
1,-0.04803708746119532,-0.08142723340478558,0.033324417441926726,-0.09953141569688895,-0.18934766720180565,-0.199677931486375,0.003372970933671243,-0.16697907520733746,0.020138849940488493,0.542969462758723,-0.12637006317740784,0.2019197208823541,-0.3091596398942808,-0.319478078860269,-0.4048655797934571,0.02116738391379017,-0.213748778309874,0.33104452501261405,-0.07342386854807856,0.00796977236750048,0.04149363817820147
2,0.35676000803830354,-0.3965687328489645,0.0006722365596876613,-0.2967070875812369,-0.2930456186361795,-0.24999998674275287,0.14699872581391188,-0.07707157033908212,-0.08898968304452935,-0.19419563782508098,-0.2226142255707121,0.00630749909810184,-0.2227518381683665,-0.2616286144539627,0.28497566537615543,-0.06466546294086073,0.006540279908020849,-0.33989422673650627,0.09456047039154536,-0.16699775343183898,0.020153491881662804
3,-0.18169065574007645,0.1582610993133277,0.3524171917180854,0.09012629705385997,0.032000473395858604,0.011593215475339674,-0.13881950153783557,-0.08171986797603548,0.3148775197224766,0.01871292618021758,0.05867064207400099,0.34650876281633924,-0.08950538379531693,-0.23180224772430807,0.36414103566703354,-0.02203606488391438,-0.20133771696765007,-0.3362805899646167,-0.31309567966229723,0.2956972431723572,0.15996947637906853
4,0.0978222343723502,-0.3350349376850904,0.37010617896462394,-0.22791046626860686,0.09087205704864595,0.11552443251919077,0.30967628457866475,0.06624639819191872,0.205670017129484,0.02007906505589247,-0.14307655747553943,-0.24281415965348024,0.09236796748157296,0.12536972071477392,-0.04834131143059709,0.05053313545008464,0.09930214597782286,0.17859113214668038,-0.4056635102563644,0.3185282027377291,-0.3291160677181529
