,EDU,HISP,INDP_CAT,MSP,OWN_RENT,PINCP_DECILE,PUMA,RAC1P,SEX
0,-0.5757868439330528,0.06559621868644594,-0.5141938332553488,-0.27286967958738356,-0.02267174161756865,-0.5612568911504165,0.020403976696721685,0.0896066059656519,0.03666762089603065
1,0.0170303016417016,0.6184436714821473,0.11852298117427695,0.18150826369063988,0.2024810524278735,-0.06517823296749103,-0.40032058149222666,0.6014969265729605,0.05424525681745082
2,-0.01822884223650824,-0.06572759874428594,0.10657145973912967,0.46282526466702223,-0.5015049458213815,-0.27022531075256806,-0.1348887615446851,-0.10102759843425238,0.6456410825976904
3,-0.04154568258569131,0.11622791106425676,-0.03607345999869478,0.18129651282593684,-0.7187839530939887,0.0108642333345957,0.008139862360926349,0.14065669961475216,-0.6434099327581648
4,-0.06316752979119321,0.4309566929144764,0.13171436987063354,0.15381880983238805,0.028788364074231777,-0.03641624723977116,0.8685452527883891,0.04125467046069564,0.10511695190814711
