,PUMA,SEX,MSP,HISP,RAC1P,OWN_RENT,INDP_CAT,EDU,PINCP_DECILE
PUMA,0.0,-0.008335535188723863,0.0062300166582602845,-0.007552971994475289,-0.014795383117294735,0.0026651027053912237,0.006281334141808292,-0.041724864270535206,-0.032167506765753855
SEX,-0.008335535188723863,0.0,-0.03265089960581011,0.05168270633303443,-0.019339934508774203,-0.042819254895149116,0.007672569221615404,-0.030944685103659327,0.05628202932629328
MSP,0.006230016658260283,-0.03265089960581011,-2.220446049250313e-16,0.019925732366739057,-0.003185655585890651,0.02472981791283783,-0.17438487097047145,-0.19296176221294215,-0.16320653148001643
HISP,-0.007552971994475291,0.05168270633303443,0.019925732366739057,1.1102230246251565e-16,-0.10868945346301065,-0.03411915453440831,0.06698981534971389,0.11435005724722014,0.08243445131147326
RAC1P,-0.014795383117294735,-0.0193399345087742,-0.003185655585890644,-0.10868945346301065,0.0,-0.022784709470770183,-0.027130054413579845,0.04918639583694238,0.06635944026802587
OWN_RENT,0.00266510270539122,-0.042819254895149116,0.024729817912837827,-0.03411915453440831,-0.022784709470770177,-1.1102230246251565e-16,-0.0412944729731418,0.01565962719672917,0.041036973109476946
INDP_CAT,0.006281334141808292,0.007672569221615397,-0.17438487097047148,0.06698981534971388,-0.027130054413579845,-0.0412944729731418,0.0,-0.3072266799787438,-0.2964601105627059
EDU,-0.041724864270535206,-0.030944685103659327,-0.19296176221294215,0.11435005724722011,0.04918639583694237,0.01565962719672917,-0.30722667997874387,0.0,-0.42257688672297944
PINCP_DECILE,-0.032167506765753855,0.05628202932629328,-0.16320653148001646,0.08243445131147326,0.06635944026802588,0.04103697310947695,-0.29646011056270594,-0.42257688672297933,0.0
