,AGEP,SEX,MSP,RAC1P,HOUSING_TYPE,OWN_RENT,EDU,PINCP_DECILE,DVET
AGEP,0.0,-0.047790767236240206,-0.0430156873461806,0.03614433128216063,-0.057691023818814316,0.0410180031685556,0.24169138021614234,0.272050195615653,
SEX,-0.047790767236240206,0.0,-0.06545392513484578,0.0055749700828372105,-0.05723844075240239,0.048238073800490916,-0.013158319405038232,0.1312640608750375,
MSP,-0.0430156873461806,-0.06545392513484578,0.0,-0.05210159867727934,-0.004838109982786887,-0.15547219937929851,0.12194042353484874,0.004903727331388927,
RAC1P,0.03614433128216063,0.0055749700828372105,-0.05210159867727934,-5.440092820663267e-15,-0.06571339009906292,-0.04360428632769339,-0.07757347416794326,-0.05904110294432935,
HOUSING_TYPE,-0.057691023818814316,-0.05723844075240239,-0.004838109982786887,-0.06571339009906292,-2.6756374893466273e-14,-0.014632335655686224,0.06975287225807245,0.05764986345969131,
OWN_RENT,0.0410180031685556,0.048238073800490916,-0.15547219937929851,-0.04360428632769339,-0.014632335655686224,-5.218048215738236e-15,0.006034378581617261,-0.0067201119005954185,
EDU,0.24169138021614234,-0.013158319405038232,0.12194042353484874,-0.07757347416794326,0.06975287225807245,0.006034378581617261,-1.887379141862766e-15,0.03444185839118197,
PINCP_DECILE,0.272050195615653,0.1312640608750375,0.004903727331388927,-0.05904110294432935,0.05764986345969131,-0.0067201119005954185,0.03444185839118197,1.6653345369377348e-15,
DVET,,,,,,,,,
