,feature,divergence
8,PINCP_DECILE,1.382327673337376
0,PUMA,0.6413333333333334
7,EDU,0.6372305536982201
2,MSP,0.44860607532571173
6,INDP_CAT,0.23327723174296178
4,RAC1P,0.20951066015926031
1,SEX,0.14546706083901173
5,OWN_RENT,0.07294051113564756
3,HISP,0.03131789301086288
