,AGEP,HISP,MSP,NOC,NPF,OWN_RENT,PINCP_DECILE,POVPIP,PUMA,RAC1P,SEX
0,-0.46206731655758665,0.1722943803565392,-0.23524154992406746,0.48525643017749914,0.44975173836798515,0.15256761391536083,-0.40389750820632786,-0.25521431409626044,-0.013253438783225283,0.10945176274988136,0.004434341342924281
1,0.04022263831139073,0.17952821707467365,0.41344433077752035,-0.1396933601193831,-0.28381007263920477,0.577993868934512,-0.08425944050001923,-0.5547096160240296,0.009575165190558817,0.1460651294505466,0.15762969903432944
2,-0.10705523648905023,0.5597321764429585,0.14670291473082392,-0.08323796522868859,-0.06712917640353361,-0.21244911824653925,0.03465886196806012,0.23380931579635236,0.3108301723292688,0.6413793303764156,-0.18247447616036302
3,-0.04743752371493447,0.0019671738776362536,0.026973041675100146,-0.13594230202908503,-0.11168192354357374,-0.31025322956711887,-0.39804866617397955,0.10449213536054905,-0.02898606325217685,0.08625873147997487,0.8319651020294373
4,0.038499970162290995,0.10322755847068278,0.07154933010311354,-0.056336227181840615,0.014544651477987273,-0.15383582298267198,-0.02177870968994857,-0.04212116724928623,-0.9284815800060379,0.27253681804360524,-0.13072441429580556
