,feature,divergence
8,PINCP_DECILE,0.5200837413952171
7,EDU,0.22992186303048873
6,INDP_CAT,0.07307915811647635
2,MSP,0.05653831130218872
3,HISP,0.01647232528052678
4,RAC1P,0.01619920019766282
5,OWN_RENT,0.013523971069298868
1,SEX,0.0033877634673490364
0,PUMA,0.0033719030037379083
