,feature,divergence
0,AGEP,5.444572015191802
5,OWN_RENT,1.9759960382559418
4,HOUSING_TYPE,1.8411025058289494
3,RAC1P,0.9156662978237029
7,PINCP_DECILE,0.10185961381614889
2,MSP,0.06588482453129692
6,EDU,0.06576760088677416
1,SEX,0.0030411734116981837
8,DVET,0.0008550185519270435
9,DEYE,0.0006957603575952452
