,AGEP,HISP,MSP,NOC,NPF,OWN_RENT,PINCP_DECILE,POVPIP,PUMA,RAC1P,SEX
0,-0.3771297048318143,0.10413523716016893,-0.3314779708948427,0.507949351097978,0.47857910572319184,0.19554130976462467,-0.35083815939549545,-0.25103327879988013,0.0809802090185357,0.13530945076501028,0.028158879848405767
1,0.05217897352424589,0.24807681582745417,0.3832195882398832,-0.12304575686134009,-0.24863022882194066,0.5784354225419204,-0.061395644218592865,-0.554280065646034,-0.058284657287332994,0.2215571200678145,0.1176976351241027
2,-0.4393634691608913,0.3184041448231027,0.26410643349457547,-0.16668641207366994,-0.15586776602492614,-0.30641221380058586,-0.3998766337843834,0.29831913007042693,-0.1943289344351116,0.4450536162784248,-0.07160088936239165
3,0.17623700639529155,0.6169614406085205,-0.10171802336394394,-0.018077411561726875,0.08682112931289243,-0.02441199542756141,0.3000068800516113,0.10596731672847022,0.6035702499803803,0.22463869077170107,-0.23129873958019484
4,0.046704946659418295,0.12648154272851997,-0.00044495873169994593,-0.09334062214149316,-0.049240919725061,-0.19457502251122089,-0.2385721757758214,0.007353049551732107,0.35551282724199823,-0.15737767160475324,0.8512910417539089
