,SEX,MSP,RAC1P,HOUSING_TYPE,OWN_RENT,EDU,PINCP_DECILE,DVET
SEX,-3.697042672001771e-14,0.0029866644673278266,-0.008786215010880382,0.037292320435288476,-0.03618214200717522,-0.025614898161870125,0.08097883622904946,0.08692556143643076
MSP,0.0029866644673278266,0.0,0.009113346466279,-0.24909535565917287,-0.02095254952116271,-0.254245413694516,-0.14467204849453352,0.01886242650413806
RAC1P,-0.008786215010880382,0.009113346466279,0.0,0.07021507637855606,-0.11496778990262335,0.08977751897496844,0.1167893827559887,0.1066512704408037
HOUSING_TYPE,0.037292320435288476,-0.24909535565917287,0.07021507637855606,-1.176836406102666e-14,0.5374681495456741,0.005843287417204347,0.1496773874626203,0.1015198140427498
OWN_RENT,-0.03618214200717522,-0.02095254952116271,-0.11496778990262335,0.5374681495456741,3.774758283725532e-15,0.04977227050009295,0.0016623688290369077,-0.01972680951458999
EDU,-0.025614898161870125,-0.254245413694516,0.08977751897496844,0.005843287417204347,0.04977227050009295,-8.326672684688674e-15,-0.6459546001832321,-0.04599445276213258
PINCP_DECILE,0.08097883622904946,-0.14467204849453352,0.1167893827559887,0.1496773874626203,0.0016623688290369077,-0.6459546001832321,-2.942091015256665e-14,-0.0649723008819669
DVET,0.08692556143643076,0.01886242650413806,0.1066512704408037,0.1015198140427498,-0.01972680951458999,-0.04599445276213258,-0.0649723008819669,6.661338147750939e-16
