,AGEP,DEAR,DENSITY,DEYE,DPHY,DREM,DVET,EDU,HISP,HOUSING_TYPE,INDP_CAT,MSP,NOC,NPF,OWN_RENT,PINCP,PINCP_DECILE,POVPIP,PUMA,RAC1P,SEX
0,-0.2877683172802472,0.03124946271178911,-0.04877531163689323,0.009460798314838152,-0.2924650409255295,-0.3062728339368291,-0.027543420123395588,-0.366565731552971,0.04278522499270685,-0.09323648168247635,-0.24374003419540693,-0.2679522541733892,0.2983197259488179,0.27062543782724124,0.07654861503027166,0.40404622006810653,-0.32007694201678705,-0.13116139613997876,0.046708827159867766,0.0660648337905736,0.0007143366208102568
1,-0.05736579114708109,-0.0721497353898146,-0.036050159285695896,-0.049564818933756735,-0.20178131555774564,-0.2054778957533234,0.0030159593776216374,-0.13898135389772567,-0.06821504105601493,0.5403556128452542,-0.20113298104760657,0.07443257733859704,-0.2764883823381104,-0.24658561786250113,-0.46809849339856696,0.06550166229730736,-0.16050888788784604,0.38019320027642034,-0.06100502934930267,-0.06303082200169519,-0.06474506464055227
2,0.24316387883865673,-0.1932197037848818,-0.479825070206324,-0.06618273325836735,-0.008685009978678535,0.009783967108421596,0.17317479108984143,0.09710619761042606,-0.32810841267027885,-0.14362403772595198,-0.05781077214416761,-0.36450607995114837,0.12649688700561532,0.2042817043863488,-0.2508826851716231,0.016970246871226904,0.21311258508847597,0.13647570265916703,0.23646533842031556,-0.342113596520963,-0.08296043360105701
3,0.2891689070959069,-0.4345371787123436,0.009317000024932295,-0.4194871294002469,-0.30982296202581194,-0.26020282438264636,0.15102020491401613,-0.0875125179761002,-0.008737250403087357,-0.15916678050304447,-0.14218327260675198,0.12048692172751437,-0.2203967445422244,-0.26028230778704553,0.24717268471053788,-0.10836416371653164,-0.021507161816530132,-0.32633505907639254,-0.008368592119058839,-0.03168052295311916,0.0028406372113582426
4,-0.017379846802032417,-0.17545495097880098,-0.29753311487286743,-0.1876375087530749,0.4367650098293833,0.44129419017094246,-0.030156700856821296,-0.20116354601196576,0.12468118802187138,0.14479468469351475,-0.28836837150246286,0.1727648930263488,0.029054017060233847,0.03014790815556822,-0.09987227745998893,-0.04238396396988629,-0.3819549172345536,-0.25023009843877614,0.20746802009566992,0.051389716888961205,0.032739943618503346
