,EDU,HISP,INDP_CAT,MSP,OWN_RENT,PINCP_DECILE,PUMA,RAC1P,SEX
0,-0.5711275826037826,0.09765649436928037,-0.5004442530985027,-0.29828622168924157,0.004362825624502187,-0.5535746002048506,0.05716361394535679,0.12286875986066806,0.005393499728211747
1,-0.025747737539155758,0.5862344447408895,0.20355365568546846,0.2048359569052625,0.4980045256423215,-0.033267289279769074,0.035718054410578313,0.550522996080336,0.1371415367652668
2,-0.02738764377907776,0.2879531448740166,0.10222790078216826,-0.23418829899428145,-0.028306563639925047,0.14753638134549488,0.8607935323039901,-0.23521682401784155,-0.17938086664464767
3,-0.011289996827380177,0.12662160088743118,-0.09007063761035411,0.08884907473649227,-0.15136372707000165,0.09636782792189752,-0.1539516847761225,0.24738566200910614,-0.9223524842354348
4,0.04110511941977998,0.34044241752763793,-0.01468968702702278,0.3471448576965209,-0.8096861230088344,-0.11316330943766993,0.07429342428192823,0.1773301091845836,0.2373203688359264
