,AGEP,HISP,MSP,NOC,NPF,OWN_RENT,PINCP_DECILE,POVPIP,PUMA,RAC1P,SEX
0,-0.4184082940980468,0.0731751920001833,-0.36073214733567177,0.5406571467877552,0.5055806361880881,0.12104875481954544,-0.3123478388545557,-0.11426033918891103,0.022956190466682302,0.12398031953303587,-0.01904661699542435
1,-0.255792009908616,0.001666673021369497,0.009929854513861887,-0.04968640505320063,0.032006202995982835,-0.6646642095559367,-0.17883989153404917,0.6670922851266559,-0.07846254514826242,0.07740749141303607,-0.007301103883568588
2,-0.29149741274466784,0.4182481468178727,0.39571557911386246,-0.12821803866304543,-0.2779797203300365,0.13050625514202852,-0.4099292103727321,-0.1687684628892585,-0.2718621601724571,0.3840814102712119,0.23411565107063778
3,0.05343975209419904,0.38577777124736573,-0.06015818723000637,0.02700858604666337,0.06677477280481844,0.09026285570298266,0.4103912842664178,0.13367331415554914,-0.26554517621050455,0.40749501736911115,-0.639147078992938
4,-0.17424820983452455,0.2653050398509393,0.23743616905609394,-0.07779795887900931,-0.037668317743940055,-0.05257212104997814,-0.10699927780711731,-0.05701350704867949,0.8354238387356875,-0.03927021245115031,-0.3441875723976151
