,AGEP,DEYE,DVET,EDU,HOUSING_TYPE,MSP,OWN_RENT,PINCP_DECILE,RAC1P,SEX
0,-0.502844729240617,0.04301220449129417,-0.0717590824236429,-0.5679702824416617,0.15157002341313947,-0.14873136663161857,-0.08761200318303203,-0.586697455875563,0.13573808015825972,0.0463512161368452
1,0.0830459170525021,-0.10230268734180396,-0.019075772037854547,0.11162185388090881,0.6716988815264695,0.3945644912925205,-0.597816722000914,-0.02294975112682264,-0.02800798358181101,0.06525117564494148
2,-0.13513795045842214,0.2606459383707771,0.49819505834573574,-0.006038019142010909,0.09158676751918823,-0.06551219753838086,-0.11924577457643186,0.13773881465728144,0.25369209881639865,-0.7452083295905425
3,0.2222368078403331,-0.6550436193786263,0.44402949102168204,-0.2143890730598354,-0.027478646941801382,-0.259330237622117,-0.10001161192987545,-0.1168503239487042,-0.420378805807343,-0.10010936582171569
4,0.018644768478139194,-0.46355251690190075,0.26764428870716694,0.0638006862986071,-0.0032172989541421407,0.252285017458969,0.23686945384443966,-0.05798365639618447,0.7405275973679902,0.19380143897426652
