,AGEP,SEX,MSP,RAC1P,HOUSING_TYPE,OWN_RENT,EDU,PINCP_DECILE,DVET
AGEP,0.0,-0.0597113776150109,0.15254498385646723,0.07504687352656306,,-0.03771430197632898,0.15473390513971697,0.1369953029736607,
SEX,-0.059711377615010885,-1.1102230246251565e-16,-0.004180063618797022,0.03750414399284298,,0.014349881028388864,-0.026854561310102873,0.08928546218942904,
MSP,0.1525449838564672,-0.004180063618797018,0.0,-0.07332862944306603,,-0.14126323889529868,0.21239507513742054,0.2156291520202132,
RAC1P,0.07504687352656304,0.03750414399284298,-0.07332862944306602,0.0,,-0.021487757192665824,0.0535489020616599,0.04953305053851206,
HOUSING_TYPE,,,,,,,,,
OWN_RENT,-0.037714301976328996,0.014349881028388864,-0.14126323889529865,-0.021487757192665817,,-2.220446049250313e-16,-0.025349229598732245,-0.0436870353507288,
EDU,0.15473390513971697,-0.026854561310102873,0.21239507513742054,0.053548902061659895,,-0.025349229598732245,0.0,0.041126781124878886,
PINCP_DECILE,0.1369953029736607,0.08928546218942904,0.21562915202021313,0.04953305053851208,,-0.043687035350728806,0.041126781124879,0.0,
DVET,,,,,,,,,
