,PUMA,SEX,MSP,HISP,RAC1P,OWN_RENT,INDP_CAT,EDU,PINCP_DECILE
PUMA,0.0,0.015602255965372923,0.03529813390589121,0.019354223745543877,0.053403682828215934,0.025345577233918924,0.007395462168779394,0.0376377679070029,0.00620761031851149
SEX,0.015602255965372923,1.1102230246251565e-16,-0.03981900197339516,-0.0012970596161215944,0.028515908334941446,-0.013100985917190838,-0.040855932850113914,-0.025267788661954407,0.12327932461638576
MSP,0.03529813390589122,-0.03981900197339516,0.0,-0.007579070101753611,0.017319569305092902,0.05066738808215111,-0.2536659237651117,-0.14158873107242653,-0.11951767920057894
HISP,0.019354223745543884,-0.001297059616121591,-0.007579070101753611,-1.1102230246251565e-16,-0.1347019641923514,-0.04793395865214296,0.0077938127671105095,0.053786471667395544,0.0772700985321212
RAC1P,0.053403682828215934,0.028515908334941446,0.017319569305092902,-0.1347019641923514,0.0,-0.034890442812223435,0.03614249243594021,0.029356702823162075,0.07805374212885559
OWN_RENT,0.025345577233918924,-0.01310098591719084,0.05066738808215111,-0.047933958652142956,-0.034890442812223435,0.0,-0.012615913362170411,-0.023263793854445575,-0.02204404232457794
INDP_CAT,0.007395462168779394,-0.040855932850113914,-0.2536659237651117,0.0077938127671105095,0.03614249243594021,-0.012615913362170413,0.0,-0.3603087807488815,-0.33917650821524103
EDU,0.0376377679070029,-0.025267788661954407,-0.1415887310724265,0.05378647166739554,0.02935670282316207,-0.02326379385444558,-0.36030878074888145,0.0,-0.5614607041581684
PINCP_DECILE,0.006207610318511492,0.12327932461638576,-0.11951767920057893,0.0772700985321212,0.07805374212885559,-0.02204404232457794,-0.33917650821524103,-0.5614607041581684,2.220446049250313e-16
