,feature,divergence
0,AGEP,4.135159654280795
7,PINCP_DECILE,4.000881079744001
6,EDU,1.3238737947779136
2,MSP,0.8893993201853571
3,RAC1P,0.22644292339714903
1,SEX,0.17644560858584568
5,OWN_RENT,0.17406415315879914
8,DVET,0.049805529492516105
4,HOUSING_TYPE,0.04068846088796646
