,EDU,HISP,INDP_CAT,MSP,OWN_RENT,PINCP_DECILE,PUMA,RAC1P,SEX
0,-0.5757868439330527,0.06559621868644627,-0.5141938332553491,-0.2728696795873836,-0.022671741617568842,-0.5612568911504167,0.020403976696721733,0.08960660596565187,0.03666762089603019
1,0.017030301641701155,0.6184436714821483,0.11852298117427762,0.1815082636906426,0.2024810524278707,-0.06517823296749248,-0.40032058149222777,0.601496926572959,0.05424525681745297
2,-0.01822884223650801,-0.06572759874428614,0.10657145973912949,0.4628252646670192,-0.5015049458213803,-0.2702253107525677,-0.13488876154468413,-0.10102759843425832,0.645641082597694
3,-0.0415456825856918,0.11622791106426555,-0.03607345999869127,0.18129651282594067,-0.7187839530939915,0.010864233334594284,0.008139862360945029,0.14065669961475283,-0.643409932758159
4,-0.06316752979119312,0.43095669291447397,0.13171436987063412,0.15381880983238688,0.028788364074249284,-0.03641624723977205,0.8685452527883886,0.0412546704606909,0.10511695190815903
