,PUMA,SEX,MSP,HISP,RAC1P,OWN_RENT,INDP_CAT,EDU,PINCP_DECILE
PUMA,3.774758283725532e-15,0.009975001326944316,-0.019449498126036344,0.0126172447824594,0.1267079375580522,0.05738299430405071,0.04720347232086054,-0.05319798522920206,-0.010454525279920732
SEX,0.009975001326944316,2.6645352591003757e-15,-0.004246408045108112,-0.0020385859898341355,-0.00143213099318917,-0.01999831408029599,0.01918726405451996,-0.054984394010106,0.10864263325466465
MSP,-0.019449498126036344,-0.004246408045108112,1.3322676295501878e-15,-0.008364431459985115,0.04246535260415206,0.004695500292261012,-0.09289468113392177,0.021904695860049173,-0.031103783440668775
HISP,0.0126172447824594,-0.0020385859898341355,-0.008364431459985115,-1.4432899320127035e-15,-0.2040282019458772,-0.10087220061621552,0.03041013202558887,0.12419099534398485,0.08577118236499513
RAC1P,0.1267079375580522,-0.00143213099318917,0.04246535260415206,-0.2040282019458772,5.10702591327572e-15,-0.014091674697068415,-0.03229108120914925,0.09874749218495567,0.0857664614785058
OWN_RENT,0.05738299430405071,-0.01999831408029599,0.004695500292261012,-0.10087220061621552,-0.014091674697068415,0.0,-0.08757127380540147,0.010861270970101575,-0.016616563441525685
INDP_CAT,0.04720347232086054,0.01918726405451996,-0.09289468113392177,0.03041013202558887,-0.03229108120914925,-0.08757127380540147,-1.9984014443252818e-15,-0.09032821033805372,0.04583552418789255
EDU,-0.05319798522920206,-0.054984394010106,0.021904695860049173,0.12419099534398485,0.09874749218495567,0.010861270970101575,-0.09032821033805372,-1.9984014443252818e-15,-0.07458385078006857
PINCP_DECILE,-0.010454525279920732,0.10864263325466465,-0.031103783440668775,0.08577118236499513,0.0857664614785058,-0.016616563441525685,0.04583552418789255,-0.07458385078006857,-2.6645352591003757e-15
