,AGEP,DEYE,DVET,EDU,HOUSING_TYPE,MSP,OWN_RENT,PINCP_DECILE,RAC1P,SEX
0,-0.525161597083285,0.0652534681609157,-0.11259059023351807,-0.5549528123126448,-0.05893922391740667,-0.2415715788747656,0.12599373017480192,-0.552008756750863,0.12658595063201167,0.02924494200067488
1,0.028117658417163537,-0.1865864177711916,-0.11718581844773268,-0.0981964236710096,0.7053995999603058,0.11063300778624456,-0.6234402039734315,-0.18005310148012732,0.030951825962069378,0.09558646071481414
2,-0.08134938043213326,0.16780383264887813,0.5529867249917678,-0.092933843958183,0.07833761585472812,-0.25478598948783876,-0.23597543652255182,0.10915704418016059,0.08570655941929009,-0.7104893883239491
3,-0.15479221705588989,0.3132249273013754,-0.11734411123309746,0.09253546874419291,0.09949165121325315,0.5617909540969783,0.11943281341258913,0.038713914057830284,0.7010062049706046,-0.15138273614990289
4,-0.0050508794274263255,-0.8560167110688431,0.2659565134223614,-0.08439859638472952,0.016422403453308365,0.22538144922976414,0.28402107810567423,-0.0682657057497017,0.17794701922762168,-0.14592489455366242
