,AGEP,HISP,MSP,NOC,NPF,OWN_RENT,PINCP_DECILE,POVPIP,PUMA,RAC1P,SEX
0,-0.46206731655758665,0.17229438035653877,-0.23524154992406804,0.4852564301774991,0.44975173836798543,0.15256761391536047,-0.4038975082063279,-0.25521431409626033,-0.01325343878322523,0.1094517627498815,0.004434341342924232
1,0.04022263831139069,0.1795282170746726,0.4134443307775198,-0.1396933601193829,-0.2838100726392045,0.5779938689345135,-0.08425944050001959,-0.5547096160240305,0.009575165190557138,0.14606512945054567,0.15762969903433005
2,-0.1070552364890521,0.5597321764429584,0.1467029147308272,-0.08323796522869104,-0.06712917640353647,-0.21244911824654397,0.03465886196805257,0.23380931579635286,0.31083017232927046,0.6413793303764179,-0.1824744761603497
3,-0.04743752371493296,0.001967173877627336,0.026973041675098508,-0.13594230202908364,-0.11168192354357255,-0.31025322956711693,-0.3980486661739802,0.10449213536054387,-0.028986063252179218,0.08625873147996375,0.8319651020294395
4,0.03849997016229376,0.10322755847068574,0.0715493301031083,-0.056336227181841246,0.01454465147798771,-0.1538358229826714,-0.02177870968994741,-0.04212116724928558,-0.9284815800060376,0.27253681804360713,-0.1307244142958024
