,AGEP,DEYE,DVET,EDU,HOUSING_TYPE,MSP,OWN_RENT,PINCP_DECILE,RAC1P,SEX
0,-0.5003671965995969,0.039000100578012176,-0.09147255741886669,-0.5717285720585461,0.028571268082507026,-0.2328986609205559,0.06753307375165322,-0.5718403334470061,0.1614235115996029,0.013897306588228485
1,-0.036751302203526154,-0.009456974854131876,-0.020757550366645346,-0.009303160616242147,0.7107583250013617,0.23447166211410828,-0.6402728025062312,-0.11921538103751965,-0.09207325951810726,-0.07245047965053583
2,0.09901175711451751,-0.2779127426599176,0.6235894739239647,-0.16046422730358517,-0.0682103241749114,-0.39253564712295264,-0.148472332132942,0.012234921473092436,-0.24609473311526947,-0.5068089898784652
3,-0.11347758108069306,-0.34360233153171865,0.228752696413903,0.017965216400226164,0.09691595087680177,0.5511477770143662,0.2765624299491438,-0.018082836577409556,0.552729987573147,-0.34774840301315685
4,0.23737997636267216,-0.7955381192427339,-0.04165471474758463,-0.09690685272827099,0.0031132641869903444,-0.01753955305039262,-0.018473106588051583,-0.16340211137630528,-0.08018248525370392,0.5156119949550988
