,feature,divergence
7,EDU,1.5378663018231569
8,PINCP_DECILE,1.3844438361458198
4,RAC1P,0.47483440109771746
2,MSP,0.4495670569580268
0,PUMA,0.4302576429980276
6,INDP_CAT,0.4147379392966805
5,OWN_RENT,0.35117503701801583
3,HISP,0.22055148204353336
1,SEX,0.10707413905841456
