,PUMA,SEX,MSP,HISP,RAC1P,OWN_RENT,INDP_CAT,EDU,PINCP_DECILE
PUMA,0.0,-0.012928566411063625,0.022110772157080405,-0.005455398750035985,-0.08985834385872513,0.0824071776130871,-0.014436711190411889,-0.001455307313871522,0.0215470528590955
SEX,-0.012928566411063625,5.10702591327572e-15,-0.015575585390778884,0.05081078264745308,0.06655310579965154,0.009967546467342357,-0.02879150591038096,-0.0005011532988196277,0.12366081093132274
MSP,0.022110772157080405,-0.015575585390778884,2.1094237467877974e-15,0.02522082671451767,0.04750526379531277,0.04136327862488243,-0.2330889015287653,-0.21964773595180437,-0.10777221213823093
HISP,-0.005455398750035985,0.05081078264745308,0.02522082671451767,0.0,-0.03569552818103157,-0.10871273055990513,0.04426363837201625,0.051173212358236145,0.08572547469866182
RAC1P,-0.08985834385872513,0.06655310579965154,0.04750526379531277,-0.03569552818103157,0.0,-0.047932227672113324,0.08640381823117234,-0.014457024504427663,0.0468032537375214
OWN_RENT,0.0824071776130871,0.009967546467342357,0.04136327862488243,-0.10871273055990513,-0.047932227672113324,0.0,-0.11871474446736427,-0.06687269334934717,-0.0976577346051344
INDP_CAT,-0.014436711190411889,-0.02879150591038096,-0.2330889015287653,0.04426363837201625,0.08640381823117234,-0.11871474446736427,0.0,-0.4526717138665944,-0.48907609867244767
EDU,-0.001455307313871522,-0.0005011532988196277,-0.21964773595180437,0.051173212358236145,-0.014457024504427663,-0.06687269334934717,-0.4526717138665944,0.0,-0.676369300768371
PINCP_DECILE,0.0215470528590955,0.12366081093132274,-0.10777221213823093,0.08572547469866182,0.0468032537375214,-0.0976577346051344,-0.48907609867244767,-0.676369300768371,-1.3322676295501878e-15
