,feature,divergence
1,AGEP,3.8152680652680653
0,PUMA,2.4427083333333335
9,PINCP_DECILE,1.161184605700062
10,POVPIP,0.35808157578060673
7,NPF,0.2481615584525856
3,MSP,0.22975329192084512
6,NOC,0.1496016112192337
5,RAC1P,0.10880845625478187
4,HISP,0.03480809263596149
8,OWN_RENT,0.02174605371043127
2,SEX,0.021548377833727317
