,feature,divergence
0,AGEP,1.935771935354573
7,PINCP_DECILE,0.5385289059712781
6,EDU,0.31579664476782665
2,MSP,0.14148562928393588
1,SEX,0.12423796682038002
5,OWN_RENT,0.10149695530570785
3,RAC1P,0.04592007016209291
4,HOUSING_TYPE,0.030874923173385402
9,DEYE,0.0038296475113353406
8,DVET,0.0030837540608678656
