,feature,divergence
8,PINCP_DECILE,4.129581186418285
7,EDU,1.4181361214436514
6,INDP_CAT,0.817648424157112
2,MSP,0.44489629702441963
0,PUMA,0.20389794472005673
1,SEX,0.04613376105039346
4,RAC1P,0.034591676752693576
5,OWN_RENT,0.03458274543935818
3,HISP,0.03205503215584975
