,AGEP,SEX,MSP,RAC1P,HOUSING_TYPE,OWN_RENT,EDU,PINCP_DECILE,DVET
AGEP,2.220446049250313e-16,-0.046284861439884056,-0.02972728205555457,0.04700088149492414,0.08468703368403574,0.11050829368100211,-0.4523061403782882,-0.492175586336033,-0.08773369584869006
SEX,-0.046284861439884056,-6.8833827526759706e-15,-0.0019526956463661333,-0.006221802547724573,-0.00011509550013378417,0.00013712333447205016,-0.035426731080245494,0.08264371980476329,0.08352359887999186
MSP,-0.02972728205555457,-0.0019526956463661333,-1.1102230246251565e-15,0.005029092079650576,-0.26245276090480063,-0.021792796275664987,-0.2667542703006884,-0.15829145229081965,0.0018701859710297478
RAC1P,0.04700088149492414,-0.006221802547724573,0.005029092079650576,-1.7763568394002505e-15,0.01909877392843083,-0.10145429122217363,0.10734965095894693,0.11211410466078123,0.030381677062005074
HOUSING_TYPE,0.08468703368403574,-0.00011509550013378417,-0.26245276090480063,0.01909877392843083,-1.887379141862766e-15,0.005137633091979565,0.01346541332250367,0.15559539802148947,0.014367405261393587
OWN_RENT,0.11050829368100211,0.00013712333447205016,-0.021792796275664987,-0.10145429122217363,0.005137633091979565,3.774758283725532e-15,0.045935162306938546,0.001156888424382886,0.0009680503935507682
EDU,-0.4523061403782882,-0.035426731080245494,-0.2667542703006884,0.10734965095894693,0.01346541332250367,0.045935162306938546,-1.2212453270876722e-15,-0.014353307524460734,0.001667531873429759
PINCP_DECILE,-0.492175586336033,0.08264371980476329,-0.15829145229081965,0.11211410466078123,0.15559539802148947,0.001156888424382886,-0.014353307524460734,0.0,-0.011544267134651426
DVET,-0.08773369584869006,0.08352359887999186,0.0018701859710297478,0.030381677062005074,0.014367405261393587,0.0009680503935507682,0.001667531873429759,-0.011544267134651426,-4.3298697960381105e-15
