,feature,divergence
8,PINCP_DECILE,0.6773184794292975
7,EDU,0.3558094941956883
6,INDP_CAT,0.21606106693557725
2,MSP,0.10412994516255383
1,SEX,0.023221995001136087
3,HISP,0.011668769999385542
4,RAC1P,0.005256998903245427
5,OWN_RENT,0.0019654059850690575
0,PUMA,0.0006631299734748408
