,feature,divergence
1,AGEP,9.038839724680434
9,PINCP_DECILE,2.4062724014336916
10,POVPIP,1.912506088739996
7,NPF,0.6121306485055096
3,MSP,0.4103945454643118
6,NOC,0.19466600953702626
8,OWN_RENT,0.06498194224737319
4,HISP,0.033396063059936705
5,RAC1P,0.026996253611988433
2,SEX,0.016510522257648708
0,PUMA,0.008339845576055605
