,feature,divergence
3,RAC1P,6.912225902860592
0,AGEP,0.9998440342785245
7,PINCP_DECILE,0.5510039972132519
5,OWN_RENT,0.3521678283217295
4,HOUSING_TYPE,0.22678016649026453
6,EDU,0.0750036676610103
2,MSP,0.03949021497370557
1,SEX,0.03323367944020206
8,DVET,0.001678164136313323
9,DEYE,0.0006185002215008326
