,AGEP,DEYE,HISP,MSP,NOC,NPF,OWN_RENT,PINCP_DECILE,POVPIP,PUMA,RAC1P,SEX
0,-0.4202983801456885,0.10319236608506921,0.07152951759981978,-0.3574241131440502,0.537906944293861,0.5030739749246697,0.12043262353163879,-0.30669828697669266,-0.11153736595100673,0.021651918074335606,0.12459250415714884,-0.02010711368765621
1,-0.25571058207705866,0.03645415643113925,0.0002685807166428675,0.013037730878057908,-0.052350110199852334,0.02940960764118644,-0.6636930658262258,-0.1730581628051453,0.6682567878212374,-0.07973791941448244,0.0778441066933942,-0.009224452460774883
2,-0.2914014067044799,-0.010066805504419366,0.4184420552435267,0.39474562689677106,-0.1276838796181976,-0.2773323736399009,0.129424093980139,-0.4119433156033553,-0.16856791393714118,-0.27123309044592236,0.3835999672345007,0.2350962361816912
3,0.021544014431119692,0.29807787793150226,0.32260216347571236,-0.013193977401962993,0.013783136765752851,0.04269660798620106,0.11064253899148652,0.4290537799163786,0.12695394557312678,-0.2714331565375694,0.38243294108495923,-0.6099582668773977
4,0.17213391515093387,-0.8323737083413238,0.39568430193586945,-0.19333873016877812,0.015062115880599691,0.08233891471181365,-0.08082382343043276,0.010755740711870021,0.029544008315227147,0.1415295603420151,0.17543940389979806,-0.13505851921899156
