,feature,divergence
0,AGEP,3.966620238599891
7,PINCP_DECILE,2.3390359379660004
6,EDU,0.9856424560536554
2,MSP,0.6014015606880594
5,OWN_RENT,0.2364034144747995
3,RAC1P,0.11184991635084596
1,SEX,0.06390243956955222
4,HOUSING_TYPE,0.02755343799630295
9,DEYE,0.01922563417890521
8,DVET,0.010991921599788108
