,feature,divergence
7,EDU,0.3053570669500531
4,RAC1P,0.17037714672283633
8,PINCP_DECILE,0.14863648057627998
5,OWN_RENT,0.09598533116856514
6,INDP_CAT,0.08905665688206199
2,MSP,0.0808360063937332
0,PUMA,0.040345616333458345
3,HISP,0.033757930848577165
1,SEX,0.009641297277204752
