,AGEP,HISP,MSP,NOC,NPF,OWN_RENT,PINCP_DECILE,POVPIP,PUMA,RAC1P,SEX
0,-0.4620673165575867,0.17229438035653877,-0.2352415499240677,0.4852564301774994,0.4497517383679853,0.1525676139153606,-0.40389750820632797,-0.2552143140962601,-0.013253438783225303,0.10945176274988153,0.004434341342924142
1,0.040222638311391695,0.1795282170746709,0.41344433077751896,-0.13969336011938274,-0.28381007263920394,0.5779938689345131,-0.08425944050001996,-0.5547096160240316,0.009575165190557497,0.14606512945054362,0.1576296990343303
2,-0.10705523648905017,0.5597321764429601,0.14670291473082628,-0.08323796522869209,-0.06712917640353644,-0.212449118246542,0.03465886196805279,0.23380931579635067,0.31083017232926974,0.6413793303764185,-0.1824744761603494
3,-0.04743752371493335,0.001967173877627569,0.026973041675099174,-0.13594230202908406,-0.11168192354357226,-0.31025322956711665,-0.3980486661739805,0.10449213536054477,-0.02898606325218042,0.08625873147996407,0.8319651020294396
4,0.03849997016229261,0.10322755847068801,0.07154933010310949,-0.05633622718184177,0.014544651477986694,-0.15383582298267118,-0.021778709689948172,-0.042121167249286114,-0.9284815800060384,0.2725368180436036,-0.1307244142958038
