,PUMA,SEX,MSP,HISP,RAC1P,OWN_RENT,INDP_CAT,EDU,PINCP_DECILE
PUMA,1.1102230246251565e-16,0.019256156407240273,0.02097247758462837,0.048058512392809394,-0.02985894245405042,0.04480582301815193,-0.00601314647248577,-0.024338746793661763,-0.008483128926196916
SEX,0.01925615640724027,0.0,0.03883307973659235,0.08590086043869521,0.00887155702375347,0.1591012160513801,-0.09726925926648339,-0.04230460882545996,0.059158457362938635
MSP,0.020972477584628373,0.03883307973659235,0.0,0.14600280432677767,0.01884359340522379,0.13998036804315178,-0.2811550902827602,-0.21614678261138598,-0.28379712196404977
HISP,0.048058512392809394,0.08590086043869521,0.14600280432677767,1.1102230246251565e-16,-0.09566168204242097,0.11953826455745636,0.08194972193635469,0.16344882371698047,0.1308308353381852
RAC1P,-0.02985894245405042,0.008871557023753472,0.018843593405223794,-0.09566168204242097,0.0,-0.05994415310696154,-0.02744619940419555,0.06734356365778048,0.05554293439701703
OWN_RENT,0.04480582301815192,0.1591012160513801,0.13998036804315175,0.11953826455745636,-0.05994415310696154,0.0,0.02445961343171213,0.0497233059672121,0.033552029067218526
INDP_CAT,-0.00601314647248577,-0.09726925926648339,-0.2811550902827602,0.08194972193635469,-0.027446199404195553,0.02445961343171213,0.0,-0.3881152737921663,-0.28376032850793154
EDU,-0.024338746793661763,-0.04230460882545996,-0.21614678261138598,0.16344882371698044,0.06734356365778046,0.0497233059672121,-0.38811527379216637,0.0,-0.5286928432277769
PINCP_DECILE,-0.008483128926196916,0.05915845736293862,-0.2837971219640498,0.1308308353381852,0.055542934397017046,0.03355202906721853,-0.28376032850793154,-0.5286928432277768,0.0
