,feature,divergence
1,AGEP,1.0460549489256779
9,PINCP_DECILE,0.47402597402597413
7,NPF,0.11525120094934907
3,MSP,0.09937653369856768
6,NOC,0.07798813189601742
2,SEX,0.06167582417582418
0,PUMA,0.05709400603882797
10,POVPIP,0.049235555218331506
5,RAC1P,0.02687350963213033
4,HISP,0.011907407956218077
8,OWN_RENT,0.004261916579758954
