,feature,divergence
0,AGEP,5.245504495504496
7,PINCP_DECILE,2.555234768206895
6,EDU,1.3190053002977131
2,MSP,0.7727272727272728
3,RAC1P,0.37826523121263156
5,OWN_RENT,0.21071969875839977
1,SEX,0.04129619659999095
9,DEYE,0.02671036769138035
4,HOUSING_TYPE,0.020764944369990622
8,DVET,0.012896751653906191
