,feature,divergence
0,AGEP,9.315722385322161
3,RAC1P,4.735068526841395
2,MSP,4.006272020702739
8,DVET,3.988871974702141
7,PINCP_DECILE,3.4003310882635933
6,EDU,2.859580778124058
5,OWN_RENT,1.3620502436186546
4,HOUSING_TYPE,1.054848252112083
9,DEYE,0.8547349076797991
1,SEX,0.07301695697383714
