,feature,divergence
8,PINCP_DECILE,1.9704641832936727
7,EDU,0.775905600722674
6,INDP_CAT,0.47899974202555456
2,MSP,0.2887580856875939
4,RAC1P,0.15360206551273548
5,OWN_RENT,0.09190927786628987
0,PUMA,0.048165651735345816
3,HISP,0.04334498163133936
1,SEX,0.005509022122500595
