,EDU,HISP,INDP_CAT,MSP,OWN_RENT,PINCP_DECILE,PUMA,RAC1P,SEX
0,-0.5711275826037827,0.09765649436928059,-0.500444253098502,-0.298286221689241,0.004362825624502631,-0.5535746002048513,0.05716361394535678,0.12286875986066897,0.005393499728211855
1,-0.025747737539154988,0.5862344447408908,0.20355365568546913,0.20483595690526413,0.4980045256423208,-0.03326728927976896,0.035718054410579514,0.5505229960803363,0.13714153676526658
2,-0.02738764377907827,0.2879531448740162,0.10222790078216756,-0.2341882989942828,-0.02830656363992591,0.1475363813454964,0.8607935323039891,-0.23521682401783917,-0.17938086664465885
3,-0.011289996827380428,0.12662160088742894,-0.09007063761035525,0.0888490747364957,-0.15136372706999993,0.09636782792189551,-0.15395168477613286,0.24738566200910586,-0.9223524842354337
4,0.041105119419779686,0.34044241752763577,-0.014689687027022308,0.3471448576965208,-0.8096861230088349,-0.11316330943766995,0.07429342428193106,0.1773301091845838,0.2373203688359241
