,feature,divergence
7,EDU,4.945799567908073
8,PINCP_DECILE,3.457152931076772
6,INDP_CAT,2.6706932773109244
5,OWN_RENT,1.480905440228737
2,MSP,1.0114738045288858
1,SEX,0.5912568938398439
0,PUMA,0.35481815535930106
4,RAC1P,0.10274058262934793
3,HISP,0.015646181277626195
