,AGEP,DEYE,DVET,EDU,HOUSING_TYPE,MSP,OWN_RENT,PINCP_DECILE,RAC1P,SEX
0,-0.5003671965995964,0.0390001005780114,-0.09147255741886544,-0.5717285720585459,0.028571268082504625,-0.23289866092055816,0.06753307375165413,-0.5718403334470055,0.16142351159960283,0.01389730658822761
1,-0.03675130220352757,-0.009456974854131169,-0.020757550366643996,-0.009303160616243424,0.7107583250013617,0.2344716621141068,-0.6402728025062312,-0.1192153810375208,-0.09207325951810622,-0.07245047965053669
2,0.09901175711451676,-0.27791274265991367,0.6235894739239634,-0.16046422730358365,-0.06821032417491214,-0.3925356471229511,-0.14847233213293992,0.012234921473095656,-0.24609473311526872,-0.5068089898784714
3,-0.11347758108071125,-0.34360233153166325,0.22875269641390114,0.01796521640023352,0.09691595087680066,0.5511477770143688,0.27656242994914604,-0.018082836577398342,0.5527299875731503,-0.34774840301319393
4,0.23737997636266478,-0.7955381192427596,-0.041654714747564894,-0.09690685272827093,0.003113264186997561,-0.017539553050354872,-0.01847310658803239,-0.16340211137630795,-0.08018248525367021,0.515611994955069
