,PUMA,SEX,MSP,HISP,RAC1P,OWN_RENT,INDP_CAT,EDU,PINCP_DECILE
PUMA,0.0,-0.010415338589853025,0.016036499562148206,0.02211478547036068,0.06976203704013488,0.0005801794344362093,0.013972167127601132,0.05315509133671416,-0.012119825533214324
SEX,-0.010415338589853025,1.1102230246251565e-16,-0.03645373258056134,-0.007498818721903288,-0.0009423760062842821,-0.02756194532943229,0.02884612863202058,0.013900458220253275,0.08037011329725462
MSP,0.016036499562148213,-0.03645373258056134,0.0,-0.013381590799342221,0.019600256032941347,0.06359338478233675,-0.13739313587669164,-0.155297249184606,-0.17369358432583804
HISP,0.022114785470360682,-0.007498818721903288,-0.013381590799342221,0.0,-0.12039834586129826,-0.031985454051662934,-0.012779237401972694,0.04131261255537723,0.033952633547873375
RAC1P,0.06976203704013488,-0.0009423760062842821,0.019600256032941347,-0.12039834586129826,0.0,-0.011393646566973135,0.027563649444033455,0.04638719513888216,0.054481882860376266
OWN_RENT,0.0005801794344362059,-0.027561945329432295,0.06359338478233675,-0.03198545405166292,-0.011393646566973139,0.0,-0.03351816158741462,-0.018953048536940173,-0.03677256210441968
INDP_CAT,0.013972167127601132,0.02884612863202058,-0.1373931358766916,-0.012779237401972694,0.027563649444033455,-0.03351816158741462,0.0,-0.28786369204756723,-0.28110053581956496
EDU,0.05315509133671416,0.013900458220253275,-0.15529724918460597,0.041312612555377215,0.04638719513888216,-0.018953048536940173,-0.2878636920475672,-2.220446049250313e-16,-0.45013656359629817
PINCP_DECILE,-0.012119825533214322,0.08037011329725463,-0.17369358432583804,0.03395263354787337,0.054481882860376266,-0.03677256210441968,-0.2811005358195649,-0.45013656359629817,2.220446049250313e-16
