,AGEP,DEYE,DVET,EDU,HOUSING_TYPE,MSP,OWN_RENT,PINCP_DECILE,RAC1P,SEX
0,-0.5028447292406174,0.04301220449129495,-0.07175908242364273,-0.5679702824416615,0.15157002341314008,-0.14873136663161812,-0.08761200318303149,-0.5866974558755629,0.13573808015826005,0.04635121613684509
1,0.0830459170525026,-0.10230268734180509,-0.019075772037854606,0.11162185388090909,0.6716988815264697,0.39456449129251936,-0.5978167220009147,-0.02294975112682246,-0.028007983581811325,0.06525117564494225
2,-0.1351379504584531,0.2606459383708686,0.49819505834567246,-0.006038019141981127,0.09158676751919231,-0.06551219753834367,-0.11924577457641812,0.13773881465729762,0.2536920988164552,-0.7452083295905295
3,0.22223680784031372,-0.65504361937859,0.44402949102174893,-0.21438907305983695,-0.027478646941788767,-0.2593302376221278,-0.10001161192989198,-0.11685032394868455,-0.42037880580730874,-0.10010936582182076
4,0.01864476847813666,-0.46355251690190824,0.2676442887071615,0.06380068629860544,-0.003217298954142446,0.2522850174589754,0.23686945384444322,-0.057983656396184136,0.7405275973679867,0.19380143897425528
