,AGEP,DEYE,HISP,MSP,NOC,NPF,OWN_RENT,PINCP_DECILE,POVPIP,PUMA,RAC1P,SEX
0,-0.37939206594301245,0.05555013259684671,0.103460632083558,-0.3315259817499767,0.5077179706325322,0.47860172097377784,0.19328919095959857,-0.34886607997624675,-0.24695715432248577,0.08085406385186711,0.13473883570214623,0.027876449212039113
1,0.06928418939533212,-0.1649233219013692,0.23855175616384497,0.3627695432271129,-0.1136124561628426,-0.23523888825842545,0.5727092974150876,-0.06873881872846478,-0.5635153330188836,-0.05259663918370706,0.2112491840208385,0.11654644177421558
2,-0.44507739238751876,0.19625255361545924,0.3255300405212953,0.2931716956563725,-0.1697339570477344,-0.1718488397910121,-0.25445338588096605,-0.3649325468906667,0.2771655706994957,-0.19202123017182,0.4441323420093893,-0.06527807176604355
3,0.17710503691009905,0.04116021645175269,0.612168015675267,-0.09869138110859421,-0.015479222032568522,0.08601373655208021,-0.010580164115233756,0.3131249557320824,0.10106130990737763,0.6040627269828776,0.21831909546723674,-0.2321302079882684
4,0.08907735788192007,-0.5526733208319607,0.15216175196415466,-0.0772745761943141,-0.09556726832953916,-0.007237575499854265,-0.30406561975188345,-0.31242843855794045,0.037719099148850285,0.243912262212495,-0.022779424641588997,0.6299246986516578
