,feature,divergence
10,POVPIP,8.920167456911685
3,MSP,3.9096035273244683
5,RAC1P,2.9441872307089696
4,HISP,2.940332415450397
1,AGEP,1.7826892989562575
9,PINCP_DECILE,1.7505022115123356
0,PUMA,1.331078220344442
8,OWN_RENT,1.3245054123335747
6,NOC,1.3237662330037807
7,NPF,0.8586222057118724
2,SEX,0.04791211429455022
