,EDU,HISP,INDP_CAT,MSP,OWN_RENT,PINCP_DECILE,PUMA,RAC1P,SEX
0,-0.5661256654249889,0.15509979203949487,-0.48974627551270167,-0.3043552111334553,0.049481524472133505,-0.5534536170037255,-0.0438993270199642,0.10682166712636441,0.029409685729567037
1,-0.003460126786582583,0.6176667604119589,0.20689453940539182,0.26008369416549004,0.33893200713047544,-0.020471515636094062,0.21019913550127892,0.5896488174217622,0.02938586966518438
2,-0.01855610931064597,0.12612634670486117,-0.10267619157272141,-0.21350482906193413,-0.2902481486688407,0.22623656138595938,0.04080408225365436,0.20127577296702825,-0.8660353478351919
3,-0.05000731534029694,0.051328234679272736,0.08272803769322976,0.18707511355719206,0.031452503601868485,-0.003924210086919788,-0.9599163500806983,0.16169289819497956,-0.0665958145650524
4,0.0874941559091388,0.10041662662184067,0.0039022339364796835,-0.007443873101255577,-0.8449588410538794,-0.04769712797520327,0.00729889127870299,0.3602809085133182,0.36892352752015695
