,feature,divergence
1,AGEP,0.35805998512765447
10,POVPIP,0.12657597255568992
9,PINCP_DECILE,0.08341284167096447
7,NPF,0.019915371976564598
0,PUMA,0.01637449977964911
3,MSP,0.011544628886465506
6,NOC,0.008378757169578374
5,RAC1P,0.005926362900255632
4,HISP,0.0045077875893363446
11,DEYE,0.001089789504601875
8,OWN_RENT,0.00046894145864202763
2,SEX,0.00046346939565988787
