,AGEP,DVET,EDU,HOUSING_TYPE,MSP,OWN_RENT,PINCP_DECILE,RAC1P,SEX
0,-0.4998057299410397,-0.07106053098906517,-0.5692835980526704,0.15567481101450142,-0.14672118901377096,-0.09099128616656635,-0.5888061433512743,0.13447921545416466,0.047353100809054714
1,0.07761816699081746,-0.022302352715000258,0.12350856052983132,0.673563447093183,0.3992316465832574,-0.6004735578258826,-0.011662828755800353,-0.023893010335050344,0.062246643548456514
2,-0.05102814145196017,0.6186303444425207,-0.07942093627638286,0.07529543234999994,-0.14724358821647102,-0.14155313037776557,0.08853405886324994,0.10438112852222263,-0.7363856842050341
3,-0.20801078825285188,-0.19255590427150704,0.17537913507554226,0.022752657068108785,0.3412021914287792,0.21871078352010323,0.0960776361549132,0.8330627760491226,-0.14456959571618416
4,0.16583733737204787,0.686981515199795,0.029633444012215793,0.0047653812668938325,-0.06756593636978828,0.014247860690334957,-0.11078546960819985,0.33605441357567584,0.6080126470664258
