,feature,divergence
0,AGEP,0.5378098427394198
6,EDU,0.17941498724836444
7,PINCP_DECILE,0.10410687203990387
2,MSP,0.02536665567447536
3,RAC1P,0.018914710858790477
1,SEX,0.013523333002012139
5,OWN_RENT,0.007517088207962375
4,HOUSING_TYPE,0.004591667933055942
8,DVET,0.0019326544265219651
9,DEYE,0.0008904015103842894
