,feature,divergence
1,AGEP,5.370244146727354
9,PINCP_DECILE,3.4906898985737587
7,NPF,0.8356410035037737
3,MSP,0.5286322793271772
6,NOC,0.41079528624613043
0,PUMA,0.3236500540810383
10,POVPIP,0.18856119501295804
8,OWN_RENT,0.05951576278147512
5,RAC1P,0.040454200011026564
4,HISP,0.024051891149539276
2,SEX,0.0037370105043997848
