,EDU,HISP,INDP_CAT,MSP,OWN_RENT,PINCP_DECILE,PUMA,RAC1P,SEX
0,-0.5757868439330529,0.0655962186864465,-0.5141938332553491,-0.2728696795873831,-0.022671741617568995,-0.5612568911504168,0.020403976696721768,0.08960660596565197,0.036667620896030415
1,0.01703030164170177,0.6184436714821471,0.11852298117427673,0.18150826369063766,0.2024810524278773,-0.06517823296748976,-0.4003205814922269,0.6014969265729603,0.05424525681744896
2,-0.018228842236507604,-0.06572759874428347,0.10657145973913071,0.46282526466702134,-0.501504945821376,-0.27022531075256845,-0.13488876154468946,-0.10102759843425202,0.6456410825976956
3,-0.04154568258569087,0.11622791106425734,-0.036073459998693394,0.18129651282594084,-0.7187839530939919,0.010864233334593812,0.008139862360925156,0.14065669961475358,-0.6434099327581596
4,-0.06316752979119367,0.43095669291447813,0.13171436987063437,0.15381880983239038,0.02878836407423231,-0.036416247239772215,0.8685452527883878,0.041254670460693296,0.10511695190814717
