,AGEP,DEYE,DVET,EDU,HOUSING_TYPE,MSP,OWN_RENT,PINCP_DECILE,RAC1P,SEX
0,-0.5251615970832849,0.06525346816091604,-0.11259059023351779,-0.554952812312645,-0.05893922391740689,-0.24157157887476574,0.12599373017480245,-0.5520087567508632,0.12658595063201158,0.029244942000674665
1,0.028117658417162593,-0.18658641777119225,-0.11718581844773276,-0.09819642367100954,0.7053995999603061,0.11063300778624555,-0.6234402039734311,-0.18005310148012765,0.03095182596207012,0.09558646071481433
2,-0.08134938043213276,0.16780383264887838,0.5529867249917653,-0.09293384395818206,0.07833761585472811,-0.25478598948784137,-0.2359754365225542,0.10915704418016084,0.08570655941929113,-0.71048938832395
3,-0.15479221705588833,0.3132249273013635,-0.11734411123309153,0.09253546874419313,0.09949165121325129,0.5617909540969767,0.11943281341259124,0.038713914057829424,0.7010062049706134,-0.1513827361499011
4,-0.00505087942742359,-0.8560167110688466,0.2659565134223645,-0.08439859638473007,0.01642240345330593,0.22538144922975406,0.284021078105672,-0.06826570574970225,0.17794701922761474,-0.14592489455366023
