,PUMA,SEX,MSP,HISP,RAC1P,OWN_RENT,INDP_CAT,EDU,PINCP_DECILE
PUMA,-7.771561172376096e-16,0.008775841319928895,-0.009980393039695664,-0.036122961563606185,0.0510360016314064,0.07019342979743465,0.04544204547086808,0.013068348846058894,-0.04729523299633184
SEX,0.008775841319928895,2.6645352591003757e-15,0.014836478609139076,0.012165170061938273,-0.024116519177901724,0.003333058131657806,0.020848074280342334,-0.015529634956433839,0.12439115731360857
MSP,-0.009980393039695664,0.014836478609139076,1.3322676295501878e-15,-0.05000836041509145,-0.05530796861555746,-0.08361786016842486,-0.10455128432276994,0.04556464426428669,0.0571467804123742
HISP,-0.036122961563606185,0.012165170061938273,-0.05000836041509145,-2.4424906541753444e-15,-0.1824175226903209,-0.0736438356893102,-0.02238711654646952,0.11625260884931049,0.029461019189095883
RAC1P,0.0510360016314064,-0.024116519177901724,-0.05530796861555746,-0.1824175226903209,5.10702591327572e-15,-0.048992365692071375,-0.07422292179879794,0.06711364559680917,0.05177563187541151
OWN_RENT,0.07019342979743465,0.003333058131657806,-0.08361786016842486,-0.0736438356893102,-0.048992365692071375,0.0,-0.0024370564640875843,0.02290136353001159,-0.014055685890724902
INDP_CAT,0.04544204547086808,0.020848074280342334,-0.10455128432276994,-0.02238711654646952,-0.07422292179879794,-0.0024370564640875843,-9.992007221626409e-16,-0.08403908519254633,-0.12784026555660488
EDU,0.013068348846058894,-0.015529634956433839,0.04556464426428669,0.11625260884931049,0.06711364559680917,0.02290136353001159,-0.08403908519254633,-4.440892098500626e-16,-0.09076406124110203
PINCP_DECILE,-0.04729523299633184,0.12439115731360857,0.0571467804123742,0.029461019189095883,0.05177563187541151,-0.014055685890724902,-0.12784026555660488,-0.09076406124110203,3.3306690738754696e-16
