,AGEP,HISP,MSP,NOC,NPF,OWN_RENT,PINCP_DECILE,POVPIP,PUMA,RAC1P,SEX
0,-0.4184082940980471,0.0731751920001833,-0.3607321473356715,0.5406571467877551,0.5055806361880881,0.12104875481954484,-0.31234783885455597,-0.11426033918891043,0.02295619046668218,0.12398031953303583,-0.01904661699542442
1,-0.2557920099086164,0.0016666730213694136,0.009929854513861457,-0.04968640505320175,0.03200620299598239,-0.6646642095559365,-0.17883989153404856,0.6670922851266552,-0.07846254514826213,0.0774074914130364,-0.007301103883568104
2,-0.2914974127446682,0.41824814681787015,0.3957155791138619,-0.1282180386630457,-0.27797972033003676,0.13050625514202913,-0.40992921037273294,-0.16876846288925873,-0.2718621601724566,0.38408141027120946,0.23411565107063947
3,0.05343975209419779,0.3857777712473686,-0.06015818723000464,0.027008586046662203,0.06677477280481733,0.09026285570298283,0.410391284266415,0.13367331415554826,-0.2655451762105035,0.4074950173691113,-0.639147078992939
4,-0.1742482098345281,0.26530503985093634,0.2374361690560977,-0.07779795887900873,-0.03766831774394126,-0.052572121049977036,-0.1069992778071193,-0.057013507048679746,0.8354238387356863,-0.03927021245115476,-0.3441875723976164
