,PUMA,SEX,MSP,HISP,RAC1P,OWN_RENT,INDP_CAT,EDU,PINCP_DECILE
PUMA,0.0,-0.0034185262728889153,-0.008353296337876823,-0.043529197991821915,-0.020475060842639684,-0.02033804437160622,0.005931446893130124,0.00142541791721678,0.013606807671843683
SEX,-0.0034185262728889153,0.0,-0.04090234862973738,0.043527245589752565,0.02388702726769322,0.015288397855264044,0.00033711455059315734,-0.07581525070826067,0.06605453140956971
MSP,-0.008353296337876823,-0.04090234862973738,0.0,-0.05398491387451211,0.003855561682933186,0.0012206230564890154,-0.02485446138622846,0.0562506910583592,-0.0010491420532081075
HISP,-0.043529197991821915,0.043527245589752565,-0.05398491387451211,1.1102230246251565e-16,-0.0807475543332952,-0.037172313600808415,-0.040027704493365984,-0.003383752558380859,-0.0023739041397601024
RAC1P,-0.020475060842639684,0.02388702726769322,0.0038555616829331896,-0.0807475543332952,0.0,-0.038227597500589225,-0.05594505694831502,0.007904986058285365,0.022184452003518644
OWN_RENT,-0.020338044371606225,0.015288397855264044,0.001220623056489012,-0.037172313600808415,-0.038227597500589225,-1.1102230246251565e-16,-0.07376096677236592,0.016136881126088062,-0.0041602124951651345
INDP_CAT,0.005931446893130124,0.0003371145505931608,-0.024854461386228488,-0.04002770449336599,-0.05594505694831502,-0.07376096677236592,-1.1102230246251565e-16,-0.07587999266390183,0.0037349790156271934
EDU,0.001425417917216773,-0.07581525070826066,0.0562506910583592,-0.003383752558380887,0.007904986058285352,0.016136881126088062,-0.07587999266390189,-1.1102230246251565e-16,-0.0029690827780084472
PINCP_DECILE,0.013606807671843683,0.06605453140956971,-0.0010491420532081075,-0.0023739041397601024,0.022184452003518658,-0.004160212495165128,0.0037349790156271934,-0.002969082778008336,0.0
