,feature,divergence
8,PINCP_DECILE,2.3159221926854903
7,EDU,0.7959870408253863
6,INDP_CAT,0.3732239580152743
2,MSP,0.2807589664647743
0,PUMA,0.1153006477118299
4,RAC1P,0.10029562076413315
3,HISP,0.07426226157881724
5,OWN_RENT,0.06535304750058196
1,SEX,0.034216163536809674
