,EDU,HISP,INDP_CAT,MSP,OWN_RENT,PINCP_DECILE,PUMA,RAC1P,SEX
0,-0.5757868439330526,0.06559621868644605,-0.5141938332553488,-0.2728696795873837,-0.02267174161756879,-0.5612568911504168,0.020403976696721598,0.08960660596565193,0.03666762089603014
1,0.017030301641701728,0.6184436714821487,0.11852298117427668,0.18150826369063683,0.2024810524278778,-0.06517823296748959,-0.40032058149222655,0.601496926572959,0.0542452568174489
2,-0.018228842236508613,-0.06572759874428064,0.10657145973913112,0.4628252646670224,-0.5015049458213757,-0.2702253107525692,-0.13488876154468785,-0.10102759843425332,0.6456410825976951
3,-0.041545682585690684,0.11622791106425932,-0.0360734599986924,0.18129651282593928,-0.7187839530939927,0.010864233334593978,0.008139862360929853,0.14065669961475538,-0.6434099327581586
4,-0.06316752979119303,0.4309566929144771,0.1317143698706344,0.15381880983238463,0.028788364074235198,-0.03641624723977066,0.8685452527883887,0.041254670460694434,0.10511695190815018
