,PUMA,SEX,MSP,HISP,RAC1P,OWN_RENT,INDP_CAT,EDU,PINCP_DECILE
PUMA,2.3314683517128287e-15,-0.0032872295881346773,-0.07261168606238555,-0.026723487287541925,-0.20835976149431665,-0.04813455981972628,0.018808270209029365,-0.014135988058121676,0.024662167515154487
SEX,-0.0032872295881346773,0.0,-0.012369726147104385,-0.036344255852797686,-0.010496825422342145,-0.043088185128044375,-0.04188112546454346,-0.03165372344717353,-0.03567084699680059
MSP,-0.07261168606238555,-0.012369726147104385,-6.661338147750939e-15,-0.09763630147150953,-0.030597991255643373,-0.031137352437152106,-0.016862574921898632,0.11391866184020649,0.10902353191974512
HISP,-0.026723487287541925,-0.036344255852797686,-0.09763630147150953,3.6637359812630166e-15,0.04707390181436796,0.025166121686334753,-0.08369151145078024,0.006195389106572996,-0.02922074090015646
RAC1P,-0.20835976149431665,-0.010496825422342145,-0.030597991255643373,0.04707390181436796,0.0,0.0036583737114650183,-0.1138996478271895,0.014401997054886831,-0.01653820437333281
OWN_RENT,-0.04813455981972628,-0.043088185128044375,-0.031137352437152106,0.025166121686334753,0.0036583737114650183,3.774758283725532e-15,-0.05366910505154225,-0.09092024492350564,-0.044147737355297714
INDP_CAT,0.018808270209029365,-0.04188112546454346,-0.016862574921898632,-0.08369151145078024,-0.1138996478271895,-0.05366910505154225,1.887379141862766e-15,0.17364968622374344,0.176139857154753
EDU,-0.014135988058121676,-0.03165372344717353,0.11391866184020649,0.006195389106572996,0.014401997054886831,-0.09092024492350564,0.17364968622374344,-1.3322676295501878e-15,0.11292681721923092
PINCP_DECILE,0.024662167515154487,-0.03567084699680059,0.10902353191974512,-0.02922074090015646,-0.01653820437333281,-0.044147737355297714,0.176139857154753,0.11292681721923092,-1.2545520178264269e-14
