,feature,divergence
1,AGEP,6.732395487512639
10,POVPIP,3.429700248170221
9,PINCP_DECILE,2.0015466728652784
7,NPF,0.5035612084014931
3,MSP,0.30276794152139996
6,NOC,0.26821962541856137
0,PUMA,0.12991596638655478
8,OWN_RENT,0.11198125873589182
5,RAC1P,0.09104196961230368
4,HISP,0.07599156378219032
2,SEX,0.02944602856145051
