,EDU,HISP,INDP_CAT,MSP,OWN_RENT,PINCP_DECILE,PUMA,RAC1P,SEX
0,-0.5711275826037828,0.09765649436928114,-0.5004442530985025,-0.29828622168924135,0.004362825624503061,-0.5535746002048507,0.05716361394535742,0.12286875986066875,0.00539349972821249
1,-0.025747737539155123,0.5862344447408909,0.2035536556854698,0.20483595690526393,0.49800452564231923,-0.033267289279769185,0.03571805441058011,0.550522996080335,0.1371415367652673
2,-0.027387643779077566,0.2879531448740122,0.10222790078216862,-0.23418829899428129,-0.028306563639924974,0.14753638134549427,0.8607935323039932,-0.2352168240178427,-0.17938086664464056
3,-0.01128999682738111,0.12662160088743146,-0.09007063761035354,0.08884907473648884,-0.15136372706999598,0.09636782792189867,-0.15395168477611604,0.24738566200910342,-0.922352484235438
4,0.041105119419778485,0.3404424175276368,-0.01468968702702314,0.34714485769652503,-0.809686123008835,-0.11316330943767147,0.0742934242819274,0.1773301091845811,0.23732036883591887
