,AGEP,DVET,EDU,HOUSING_TYPE,MSP,OWN_RENT,PINCP_DECILE,RAC1P,SEX
0,-0.4998057299410397,-0.07106053098906517,-0.5692835980526703,0.1556748110145019,-0.1467211890137705,-0.09099128616656688,-0.5888061433512742,0.13447921545416458,0.0473531008090546
1,0.07761816699081726,-0.022302352715000813,0.12350856052983207,0.6735634470931827,0.3992316465832574,-0.6004735578258825,-0.01166282875579961,-0.023893010335050903,0.062246643548457596
2,-0.051028141451959635,0.6186303444425244,-0.07942093627638547,0.07529543235000069,-0.14724358821646985,-0.14155313037776607,0.08853405886324828,0.10438112852220845,-0.7363856842050325
3,-0.2080107882528548,-0.19255590427150193,0.17537913507554115,0.022752657068110107,0.34120219142878105,0.21871078352010292,0.0960776361549145,0.8330627760491199,-0.14456959571619768
4,0.16583733737204165,0.686981515199801,0.02963344401221485,0.004765381266893742,-0.06756593636977039,0.014247860690345466,-0.11078546960820163,0.33605441357567334,0.6080126470664236
