,AGEP,DEYE,DVET,EDU,HOUSING_TYPE,MSP,OWN_RENT,PINCP_DECILE,RAC1P,SEX
0,-0.5003671965995976,0.039000100578011065,-0.09147255741886556,-0.5717285720585459,0.028571268082506512,-0.23289866092055622,0.06753307375165285,-0.5718403334470059,0.161423511599603,0.013897306588228221
1,-0.036751302203526015,-0.00945697485413198,-0.020757550366644343,-0.009303160616242164,0.7107583250013614,0.23447166211410836,-0.6402728025062314,-0.11921538103752007,-0.09207325951810742,-0.07245047965053654
2,0.09901175711451633,-0.2779127426599064,0.6235894739239599,-0.16046422730358317,-0.06821032417491352,-0.3925356471229576,-0.1484723321329438,0.012234921473095017,-0.24609473311527336,-0.5068089898784697
3,-0.113477581080697,-0.34360233153170366,0.22875269641390905,0.017965216400228162,0.09691595087680008,0.5511477770143616,0.276562429949142,-0.01808283657740542,0.5527299875731475,-0.3477484030131728
4,0.23737997636266997,-0.795538119242744,-0.04165471474757246,-0.09690685272827232,0.0031132641869915795,-0.017539553050382573,-0.01847310658804617,-0.1634021113763064,-0.08018248525369759,0.5156119949550845
