,feature,divergence
8,PINCP_DECILE,0.5393715995469337
7,EDU,0.41729114842454385
6,INDP_CAT,0.27413946697681324
2,MSP,0.1021833295951553
4,RAC1P,0.05917248115123282
5,OWN_RENT,0.051926508509540975
3,HISP,0.01847128050154648
0,PUMA,0.003552450444177846
1,SEX,0.0008625985676655734
