,AGEP,DEYE,DVET,EDU,HOUSING_TYPE,MSP,OWN_RENT,PINCP_DECILE,RAC1P,SEX
0,-0.500367196599597,0.039000100578010954,-0.0914725574188659,-0.5717285720585463,0.028571268082507456,-0.23289866092055697,0.0675330737516521,-0.5718403334470062,0.1614235115996021,0.013897306588227652
1,-0.036751302203525876,-0.009456974854132372,-0.020757550366644,-0.009303160616241736,0.7107583250013614,0.23447166211410794,-0.6402728025062308,-0.11921538103751902,-0.09207325951810774,-0.07245047965053848
2,0.09901175711451647,-0.27791274265990995,0.6235894739239652,-0.1604642273035826,-0.06821032417491267,-0.3925356471229527,-0.1484723321329403,0.012234921473095212,-0.24609473311526658,-0.5068089898784711
3,-0.11347758108069114,-0.3436023315317258,0.22875269641390636,0.017965216400226053,0.0969159508768008,0.5511477770143672,0.2765624299491447,-0.018082836577412775,0.552729987573146,-0.347748403013146
4,0.2373799763626756,-0.7955381192427301,-0.04165471474757727,-0.09690685272827204,0.003113264186989234,-0.01753955305040185,-0.018473106588056745,-0.1634021113763064,-0.08018248525371317,0.5156119949551006
