,EDU,HISP,INDP_CAT,MSP,OWN_RENT,PINCP_DECILE,PUMA,RAC1P,SEX
0,-0.5757868439330528,0.06559621868644594,-0.5141938332553486,-0.2728696795873835,-0.022671741617568644,-0.5612568911504167,0.02040397669672182,0.08960660596565184,0.03666762089603024
1,0.017030301641701204,0.6184436714821446,0.11852298117427695,0.18150826369064152,0.2024810524278763,-0.06517823296749181,-0.40032058149222893,0.6014969265729601,0.0542452568174525
2,-0.018228842236506806,-0.06572759874428788,0.10657145973912915,0.46282526466701784,-0.5015049458213799,-0.27022531075256717,-0.13488876154468604,-0.10102759843425176,0.6456410825976955
3,-0.04154568258569085,0.11622791106425373,-0.03607345999869514,0.18129651282594028,-0.7187839530939903,0.01086423333459395,0.008139862360915316,0.14065669961475272,-0.6434099327581634
4,-0.06316752979119421,0.430956692914479,0.13171436987063428,0.15381880983239288,0.02878836407422499,-0.03641624723977244,0.8685452527883878,0.04125467046069786,0.1051169519081407
