,AGEP,HISP,MSP,NOC,NPF,OWN_RENT,PINCP_DECILE,POVPIP,PUMA,RAC1P,SEX
0,-0.37712970483181535,0.1041352371601687,-0.33147797089484343,0.507949351097978,0.4785791057231921,0.1955413097646233,-0.3508381593954959,-0.2510332787998785,0.0809802090185352,0.1353094507650103,0.028158879848405254
1,0.05217897352424498,0.248076815827453,0.3832195882398832,-0.12304575686133898,-0.24863022882193944,0.5784354225419209,-0.06139564421859295,-0.5542800656460358,-0.05828465728733198,0.22155712006781458,0.1176976351240999
2,-0.4393634691608913,0.318404144823102,0.2641064334945755,-0.16668641207367046,-0.15586776602492786,-0.30641221380058503,-0.3998766337843829,0.2983191300704264,-0.19432893443511473,0.4450536162784235,-0.07160088936238976
3,0.1762370063952912,0.6169614406085226,-0.1017180233639433,-0.01807741156172732,0.08682112931289188,-0.024411995427564087,0.30000688005160786,0.1059673167284715,0.6035702499803817,0.2246386907717024,-0.23129873958018596
4,0.04670494665941993,0.1264815427285153,-0.00044495873170134065,-0.09334062214149204,-0.0492409197250604,-0.1945750225112177,-0.23857217577582007,0.007353049551732186,0.3555128272419869,-0.15737767160474825,0.8512910417539158
