,AGEP,DEYE,DVET,EDU,HOUSING_TYPE,MSP,OWN_RENT,PINCP_DECILE,RAC1P,SEX
0,-0.5251615970832847,0.0652534681609157,-0.11259059023351803,-0.5549528123126448,-0.058939223917406185,-0.24157157887476538,0.12599373017480145,-0.5520087567508636,0.1265859506320118,0.02924494200067447
1,0.028117658417164088,-0.18658641777119178,-0.11718581844773199,-0.09819642367100972,0.7053995999603067,0.11063300778624521,-0.623440203973431,-0.18005310148012654,0.030951825962070766,0.09558646071481305
2,-0.08134938043213275,0.16780383264888174,0.552986724991766,-0.09293384395818166,0.07833761585472647,-0.2547859894878405,-0.23597543652255323,0.10915704418016138,0.08570655941929267,-0.7104893883239488
3,-0.15479221705588916,0.3132249273013745,-0.1173441112330948,0.09253546874419413,0.0994916512132518,0.561790954096977,0.1194328134125899,0.03871391405782987,0.7010062049706074,-0.15138273614989844
4,-0.005050879427425835,-0.856016711068841,0.2659565134223719,-0.08439859638472907,0.01642240345330819,0.22538144922976147,0.28402107810567356,-0.06826570574970259,0.1779470192276243,-0.1459248945536581
