,EDU,HISP,INDP_CAT,MSP,OWN_RENT,PINCP_DECILE,PUMA,RAC1P,SEX
0,-0.5757868439330526,0.06559621868644538,-0.5141938332553491,-0.2728696795873838,-0.022671741617569123,-0.5612568911504165,0.020403976696722177,0.08960660596565152,0.03666762089603026
1,0.017030301641700874,0.6184436714821467,0.11852298117427662,0.18150826369063916,0.20248105242787637,-0.06517823296749109,-0.4003205814922276,0.6014969265729602,0.054245256817448934
2,-0.018228842236508364,-0.06572759874428309,0.10657145973912936,0.4628252646670224,-0.5015049458213786,-0.2702253107525686,-0.13488876154469326,-0.1010275984342562,0.6456410825976908
3,-0.04154568258569119,0.11622791106426249,-0.036073459998692756,0.18129651282593867,-0.7187839530939901,0.010864233334595352,0.008139862360936143,0.14065669961475397,-0.6434099327581612
4,-0.06316752979119293,0.4309566929144752,0.1317143698706351,0.15381880983238932,0.02878836407423854,-0.036416247239772825,0.8685452527883887,0.04125467046069463,0.10511695190815826
