,PUMA,SEX,MSP,HISP,RAC1P,OWN_RENT,INDP_CAT,EDU,PINCP_DECILE
PUMA,0.0,0.004869987827268732,0.054606917398543835,-0.09002993490992907,0.0949050413972245,0.013460433573611737,-0.02040270320172525,0.06757418817491682,0.0026324787235631826
SEX,0.004869987827268732,-1.1102230246251565e-16,-0.023710976906121013,-0.0211072196695469,-0.03627329532731835,-0.02476850564097662,-0.03261424815037133,-0.012648554293696112,0.05919598483125556
MSP,0.054606917398543835,-0.023710976906121017,0.0,0.001507699296915332,-0.024231088035373553,0.016299468949634417,-0.2252590672167175,-0.19148313478529314,-0.15943698377245105
HISP,-0.09002993490992907,-0.021107219669546897,0.001507699296915332,2.220446049250313e-16,-0.09367021982224585,-0.10932727499128501,0.025220737092526493,0.13267416706169877,0.09049441339048439
RAC1P,0.0949050413972245,-0.03627329532731835,-0.02423108803537355,-0.09367021982224585,0.0,-0.11059969092890032,0.049254303822002674,0.12118241347273569,0.12352019725295385
OWN_RENT,0.013460433573611737,-0.02476850564097662,0.01629946894963441,-0.10932727499128503,-0.11059969092890032,0.0,-0.05371998520145646,0.031500228106792344,0.021297126930354116
INDP_CAT,-0.02040270320172525,-0.03261424815037133,-0.2252590672167175,0.025220737092526493,0.049254303822002674,-0.053719985201456454,0.0,-0.3674508050345378,-0.36824902665636233
EDU,0.06757418817491682,-0.012648554293696112,-0.1914831347852931,0.13267416706169877,0.12118241347273569,0.03150022810679235,-0.3674508050345378,0.0,-0.5440359100884413
PINCP_DECILE,0.002632478723563183,0.05919598483125556,-0.15943698377245105,0.09049441339048439,0.12352019725295385,0.02129712693035412,-0.36824902665636233,-0.5440359100884413,0.0
