,feature,divergence
1,AGEP,4.103332548280735
10,POVPIP,4.0007407396975925
7,NPF,3.0511583544647505
9,PINCP_DECILE,2.0754009004711858
5,RAC1P,1.2422771179409369
3,MSP,1.1707125539082113
8,OWN_RENT,0.5234560162967896
0,PUMA,0.5153951096652326
2,SEX,0.34314400179356463
6,NOC,0.2987161903823984
4,HISP,0.22813499985754
