,AGEP,DEYE,DVET,EDU,HOUSING_TYPE,MSP,OWN_RENT,PINCP_DECILE,RAC1P,SEX
0,-0.5251615970832852,0.0652534681609157,-0.11259059023351772,-0.5549528123126448,-0.05893922391740651,-0.24157157887476582,0.1259937301748017,-0.552008756750863,0.1265859506320116,0.02924494200067472
1,0.028117658417164102,-0.1865864177711933,-0.1171858184477337,-0.09819642367100966,0.7053995999603052,0.11063300778624456,-0.6234402039734309,-0.18005310148012724,0.03095182596206946,0.09558646071481536
2,-0.08134938043213358,0.16780383264888313,0.552986724991764,-0.09293384395818131,0.07833761585472927,-0.25478598948783704,-0.23597543652255434,0.10915704418016062,0.08570655941929343,-0.7104893883239498
3,-0.15479221705589022,0.3132249273013512,-0.11734411123309238,0.09253546874419144,0.09949165121325403,0.5617909540969869,0.11943281341259804,0.03871391405782715,0.7010062049706087,-0.1513827361499029
4,-0.005050879427421378,-0.85601671106885,0.26595651342237214,-0.08439859638473152,0.01642240345330434,0.2253814492297449,0.2840210781056691,-0.06826570574970292,0.17794701922760653,-0.14592489455365687
