,AGEP,DEAR,DENSITY,DEYE,DPHY,DREM,DVET,EDU,HISP,HOUSING_TYPE,INDP_CAT,MSP,NOC,NPF,OWN_RENT,PINCP,PINCP_DECILE,POVPIP,PUMA,RAC1P,SEX
0,-0.3393418448709091,0.06287708791918976,-0.04070167875695571,0.02742260185001116,-0.2784907705349806,-0.2967820378563462,-0.04079700357672603,-0.3712626505616819,0.08819077708524084,-0.06082866009464186,-0.24120740338554592,-0.22696891574261638,0.28806320418817705,0.25246647133765776,0.07046308135278054,0.39935219176017706,-0.34342772304087765,-0.1388511040798549,-0.017931052447541295,0.05824923127874866,-0.008402821383121884
1,0.14790248440412462,-0.24486316398234484,-0.00985088544541015,-0.18004217291776914,-0.35148537117809037,-0.3352967640507611,0.02581873184511049,-0.11989657728409427,-0.10950220350515438,0.4287929545583772,-0.20410706876954388,-0.03707914022826711,-0.31085786899994394,-0.3130230317042416,-0.3378801821675073,0.06065162830001082,-0.04993519489863814,0.2789258184040477,-0.010433178828576806,-0.05364861235962808,-0.0045232563304660285
2,-0.05611223467551778,0.06971904630178132,0.6887240842440635,0.022719360319291632,-0.0744368901404214,-0.07770334898493035,-0.030759429454602073,0.04237924179357587,0.08863161862980587,-0.004274814006951535,0.03430154559915052,0.008566613629821914,-0.011504268854031687,-0.0587908132637859,0.055216313202530676,0.028413148099914905,0.01682122634128901,0.06485147828193803,0.6838276886491189,0.11819122499880252,0.01288472847277055
3,0.17339044810122028,-0.2850320229816579,0.016428512504068484,-0.2871345366201368,-0.22642438441736973,-0.17883284525821339,0.0909913384664783,-0.05166989675925396,0.00409356119446572,-0.26236073568426876,-0.06031752530834625,0.16570497935753314,-0.15551325383806178,-0.25146087606406664,0.5168352013610908,-0.10712475516974118,-0.02540918574387179,-0.48907567199768265,-0.01493168406595585,-0.02063024592968437,0.07301526054332856
4,-0.1586190994848456,0.1293205060376387,-0.03444177110604755,-0.0378257073401958,0.16333031784495855,0.14574478697479926,-0.340161139965002,-0.14211919780800247,0.3154303416533072,0.34344625550663654,-0.022874388340910143,0.4369253342578246,-0.10339844113114588,-0.1697712534434358,-0.028153273168586547,-0.07912447660428581,-0.3331104571701843,-0.16082370869020884,-0.05042969431834121,0.30147105209360064,0.29321178673207915
