,PUMA,SEX,MSP,HISP,RAC1P,OWN_RENT,INDP_CAT,EDU,PINCP_DECILE
PUMA,0.0,-0.02536689137149647,-0.07738011422440468,-0.21083483872451064,0.11724842048915918,-0.0044412582325913195,-0.06783643357314034,0.09065739224506103,0.0809789249062779
SEX,-0.02536689137149647,-6.661338147750939e-16,-0.024593783085951042,-0.02569017468253652,-0.024560441701161548,-0.046424087497348054,0.004407566974898441,0.03294544264458325,0.09510339604950917
MSP,-0.07738011422440468,-0.024593783085951042,0.0,-0.08300855629327143,0.024681601877957086,-0.06982370824909345,-0.2799479279817302,-0.2437187088129287,-0.21659657221283563
HISP,-0.21083483872451064,-0.02569017468253652,-0.08300855629327143,-1.4432899320127035e-14,-0.18478542216526486,-0.1539534947452671,0.02218730595989693,0.1730934063647873,0.13213741392857642
RAC1P,0.11724842048915918,-0.024560441701161548,0.024681601877957086,-0.18478542216526486,2.1094237467877974e-15,-0.09898445659958197,0.07801841661035494,0.15061730808445536,0.13801352439164827
OWN_RENT,-0.0044412582325913195,-0.046424087497348054,-0.06982370824909345,-0.1539534947452671,-0.09898445659958197,0.0,-0.08204564005722435,0.020505672826423967,-0.038330891849797474
INDP_CAT,-0.06783643357314034,0.004407566974898441,-0.2799479279817302,0.02218730595989693,0.07801841661035494,-0.08204564005722435,6.5503158452884236e-15,-0.5298653256078318,-0.5491693803099111
EDU,0.09065739224506103,0.03294544264458325,-0.2437187088129287,0.1730934063647873,0.15061730808445536,0.020505672826423967,-0.5298653256078318,-7.993605777301127e-15,-0.7313624381062852
PINCP_DECILE,0.0809789249062779,0.09510339604950917,-0.21659657221283563,0.13213741392857642,0.13801352439164827,-0.038330891849797474,-0.5491693803099111,-0.7313624381062852,2.220446049250313e-15
