,EDU,HISP,INDP_CAT,MSP,OWN_RENT,PINCP_DECILE,PUMA,RAC1P,SEX
0,-0.5661256654249887,0.15509979203949487,-0.4897462755127011,-0.30435521113345504,0.04948152447213367,-0.5534536170037253,-0.043899327019964005,0.10682166712636462,0.02940968572956685
1,-0.003460126786582699,0.617666760411958,0.206894539405392,0.260083694165491,0.33893200713047644,-0.020471515636093895,0.21019913550127786,0.5896488174217622,0.029385869665183615
2,-0.01855610931064501,0.1261263467048607,-0.10267619157272159,-0.21350482906193569,-0.2902481486688463,0.22623656138595913,0.04080408225366034,0.20127577296703067,-0.8660353478351892
3,-0.050007315340295816,0.05132823467927286,0.08272803769322923,0.18707511355718973,0.03145250360185316,-0.00392421008691924,-0.9599163500806981,0.1616928981949868,-0.06659581456505179
4,0.08749415590913952,0.10041662662183888,0.0039022339364793504,-0.007443873101256871,-0.844958841053877,-0.047697127975204826,0.007298891278718607,0.360280908513316,0.3689235275201635
