,AGEP,DEAR,DENSITY,DEYE,DPHY,DREM,DVET,EDU,HISP,HOUSING_TYPE,INDP_CAT,MSP,NOC,NPF,OWN_RENT,PINCP,PINCP_DECILE,POVPIP,PUMA,RAC1P,SEX
0,-0.3043560826645172,0.03469523376141078,-0.022714060027892724,0.0199344757245192,-0.30517253745947337,-0.31343259032514864,-0.024172068171974474,-0.3716013757360396,0.03316162594802985,-0.0793524606667507,-0.25883117083951224,-0.2539761827387479,0.2938625296488565,0.24417561310733885,0.046452309872237064,0.42027010044926355,-0.323287623748147,-0.0589666544111566,0.018941610082675364,0.056214031176926166,-0.006460394335196907
1,-0.04805731355033563,-0.08143170530484793,0.03332479496315832,-0.09953306574344384,-0.18934920663819724,-0.19968289387719776,0.003374563994853546,-0.16693385670142233,0.020140210491601914,0.54297491178457,-0.12637434435641698,0.20190843013906246,-0.3091779467982082,-0.3194705231811734,-0.40487332892094857,0.02117438120803483,-0.21376520286404097,0.3310257258413723,-0.0734222348309585,0.007965185657520878,0.04148975512608646
2,0.35675642674858327,-0.3965549128819619,0.0006694249318547263,-0.2966995120199271,-0.2930518993864885,-0.24999597585068078,0.14700041035868677,-0.07714378324672176,-0.08898326346352654,-0.1943218096917844,-0.22269935026488327,0.006424957353380473,-0.22276855428772835,-0.2615980718927611,0.284981603996547,-0.06470101439188007,0.006580330055642375,-0.3397806978829246,0.09454468048156525,-0.16698768981263037,0.02017733506803362
3,-0.18162853613012533,0.15835774085756232,0.35234095029912355,0.09007274944188094,0.03204374224309271,0.011706722024192887,-0.13881588079898988,-0.08261566596107354,0.31485251007044807,0.01766353378383676,0.058809498511678174,0.3468679427672234,-0.09030862369703184,-0.2314118495363014,0.3639012352004058,-0.02213117737018972,-0.20131511056830131,-0.3357609345714465,-0.31332246669600045,0.29587388176395074,0.1600034018331483
4,0.09707876578772184,-0.3351954189269897,0.3700940995343045,-0.22810744038307976,0.09095449358931712,0.11556131887448443,0.30969526605011427,0.0675992343654162,0.2056172655644114,0.02007641137086497,-0.14343190130750677,-0.2429264381941848,0.09239672822257672,0.12485342542490817,-0.04819178394455007,0.051045515796160235,0.0989589959749443,0.17857495781942498,-0.4055387248657113,0.3182521138424453,-0.32918090507760867
