,EDU,HISP,INDP_CAT,MSP,OWN_RENT,PINCP_DECILE,PUMA,RAC1P,SEX
0,-0.5711275826037834,0.09765649436928037,-0.5004442530985018,-0.29828622168924135,0.004362825624502249,-0.5535746002048513,0.05716361394535703,0.12286875986066846,0.005393499728212223
1,-0.025747737539155508,0.5862344447408906,0.20355365568546857,0.2048359569052643,0.49800452564232023,-0.033267289279769185,0.03571805441057809,0.5505229960803361,0.137141536765266
2,-0.027387643779078222,0.28795314487401275,0.1022279007821694,-0.234188298994282,-0.02830656363992283,0.14753638134549443,0.8607935323039924,-0.23521682401784083,-0.17938086664464348
3,-0.011289996827381535,0.1266216008874298,-0.09007063761035403,0.08884907473649153,-0.1513637270699978,0.09636782792189776,-0.1539516847761176,0.24738566200910211,-0.9223524842354375
4,0.04110511941977971,0.34044241752763676,-0.014689687027022474,0.3471448576965202,-0.809686123008836,-0.11316330943766902,0.07429342428192948,0.17733010918458458,0.23732036883592103
