,EDU,HISP,INDP_CAT,MSP,OWN_RENT,PINCP_DECILE,PUMA,RAC1P,SEX
0,-0.571127582603782,0.09765649436928103,-0.5004442530985019,-0.2982862216892418,0.004362825624501944,-0.5535746002048508,0.05716361394535803,0.12286875986066784,0.005393499728211931
1,-0.025747737539155435,0.5862344447408914,0.20355365568546868,0.20483595690526388,0.49800452564231845,-0.033267289279769796,0.035718054410579694,0.5505229960803356,0.13714153676526777
2,-0.027387643779076622,0.28795314487401746,0.10222790078216795,-0.23418829899428137,-0.02830656363992619,0.14753638134549585,0.8607935323039885,-0.23521682401784308,-0.17938086664465064
3,-0.011289996827380494,0.1266216008874293,-0.09007063761035432,0.08884907473649012,-0.15136372706999582,0.09636782792189759,-0.15395168477612636,0.24738566200910583,-0.9223524842354361
4,0.04110511941978,0.34044241752763543,-0.014689687027023474,0.3471448576965216,-0.8096861230088369,-0.11316330943766975,0.07429342428192767,0.17733010918458328,0.23732036883591925
