,AGEP,DVET,EDU,HOUSING_TYPE,MSP,OWN_RENT,PINCP_DECILE,RAC1P,SEX
0,-0.49827499055679303,-0.09016851692861472,-0.5734945916533547,0.02903160962723833,-0.23250878224365407,0.06773793923583114,-0.5735114526811429,0.16154876022663667,0.013807273727307605
1,-0.03731193294255059,-0.021353625248359535,-0.008350774585726996,0.7107184529249717,0.2345052908826727,-0.6404833628352131,-0.11833349837453747,-0.09220454226446939,-0.07242391602342536
2,0.05620074464745899,0.6021983789361268,-0.1332667573864032,-0.07645100128935962,-0.4384563661164841,-0.17338870786418561,0.05091525687636311,-0.2801125596314789,-0.554284012069958
3,-0.19502712780741788,0.2437803487866504,0.05175221247879494,0.08706081099111065,0.5066767263980062,0.2583707438767106,0.047323194746255695,0.53661712963139,-0.5278290534994624
4,0.17519382532366384,0.6229138781933063,0.004040228999033224,0.06295474341276157,-0.10892822499819288,-0.12078577963023637,-0.07099744591671925,0.4852841347578361,0.5570546734545944
