,feature,divergence
1,AGEP,0.24788503187689714
0,PUMA,0.05285786326495051
10,POVPIP,0.04386923804491067
9,PINCP_DECILE,0.02647962565074785
7,NPF,0.007796031115363585
3,MSP,0.005226303440247632
6,NOC,0.00329297375660581
5,RAC1P,0.002283625942987231
4,HISP,0.001066430605752284
8,OWN_RENT,0.0003350778441336272
2,SEX,0.00013844204968604945
11,DEYE,7.736495875905122e-05
