,AGEP,HISP,MSP,NOC,NPF,OWN_RENT,PINCP_DECILE,POVPIP,PUMA,RAC1P,SEX
0,-0.37712970483181485,0.10413523716016893,-0.3314779708948433,0.5079493510979789,0.4785791057231926,0.19554130976462392,-0.350838159395496,-0.25103327879988,0.08098020901853487,0.13530945076501028,0.028158879848406065
1,0.052178973524245886,0.2480768158274549,0.38321958823988295,-0.12304575686134056,-0.24863022882193997,0.5784354225419212,-0.06139564421859303,-0.5542800656460347,-0.0582846572873323,0.22155712006781556,0.11769763512410276
2,-0.43936346916089153,0.3184041448230999,0.2641064334945757,-0.1666864120736706,-0.15586776602492755,-0.30641221380058603,-0.39987663378438487,0.29831913007042593,-0.19432893443511384,0.44505361627842394,-0.0716008893623904
3,0.17623700639528855,0.6169614406085211,-0.10171802336394241,-0.018077411561727708,0.08682112931289132,-0.02441199542756406,0.3000068800516074,0.1059673167284719,0.6035702499803837,0.22463869077170256,-0.23129873958019181
4,0.046704946659415124,0.1264815427285146,-0.0004449587316977168,-0.09334062214149352,-0.04924091972506248,-0.19457502251122,-0.2385721757758242,0.007353049551731383,0.35551282724199945,-0.15737767160475652,0.8512910417539084
