,EDU,HISP,INDP,MSP,OWN_RENT,PINCP_DECILE,PUMA,RAC1P,SEX
0,-0.5700681373889287,0.09761949483711785,-0.505896303961321,-0.2959488199312492,0.001189476550277728,-0.5509265731613423,0.062331156862749024,0.12069030482022419,0.001775364195993081
1,-0.025938424185831574,0.5822610319099029,0.19870270108731847,0.20338130313123115,0.5012540017731135,-0.0364103925889096,0.022990553094662844,0.5530164297885215,0.1432324783613591
2,-0.015964312865312733,0.30165811415497457,0.08580949258369933,-0.22588570904946276,-0.018736225438194812,0.15972520260893372,0.8589001650182501,-0.2251056632550243,-0.1900385769230968
3,-0.007615822816968837,0.12576551614901874,-0.09470854105676663,0.10126136864545729,-0.15221921431015273,0.09603100136015658,-0.1660712021414022,0.2527414707005224,-0.9170882858490511
4,0.04543336834215137,0.34329293419448054,-0.021569286118927167,0.3528656458276837,-0.8044708733841698,-0.10992335316425317,0.07773413082191911,0.17420969362411107,0.24384058341989664
