,AGEP,DEAR,DEYE,DPHY,DREM,DVET,EDU,HISP,HOUSING_TYPE,INDP,INDP_CAT,MSP,NOC,NPF,OWN_RENT,PINCP,PINCP_DECILE,POVPIP,PUMA,RAC1P,SEX
0,-0.3083053071871781,0.04743396387031987,0.01838233021502751,-0.267399402576629,-0.28276919492514924,-0.03735289486866662,-0.3608853575889528,0.07953987295401527,-0.04641349174855044,-0.2821315543545741,-0.28030694972959,-0.21899092087049704,0.26300336406134917,0.22545282904264677,0.057576187736642644,0.38564761618911964,-0.33662142232619524,-0.12786422477592946,-0.011294221439137064,0.05211422646033938,-0.010584821832968449
1,0.22798007713742668,-0.26247968175603686,-0.18427025510612965,-0.23303651348208118,-0.20924049927609925,0.033721671215246954,-0.06991362327431021,-0.12025098369285261,0.38971883942127505,-0.3037389945453054,-0.3050725295527741,-0.00700051219659243,-0.332426578485683,-0.3417844554907284,-0.31029571156504515,0.006899346971622866,-0.029550007709002665,0.24403779217275912,-0.01211386463875335,-0.07096921170803763,-0.008860285289336035
2,-0.23117982707401957,0.24200108117827043,0.2110324553760664,-0.21088522254546396,-0.25365883253505866,-0.05555891068547643,-0.002868196625277146,0.014466569093518738,0.2691701670826556,0.3539338579995852,0.3541713467125468,-0.10468213793693007,0.040415451057801845,0.11830562645038056,-0.3773155950664865,0.09877751825997022,0.08717644643125305,0.45310172318684694,0.09071038009016706,0.07144970294741171,-0.05684641216473647
3,0.024085373611952062,-0.1271181916535246,-0.15641414313765983,-0.49278814972460194,-0.4682136156028698,0.08383190473529137,-0.05174548134850647,0.014738412070926016,-0.15513674726397556,0.27034256764126474,0.27067651223237665,0.12948900653934445,-0.16266771921017498,-0.21540382601236813,0.3847991110820303,-0.07208216274257193,0.08137326943099692,-0.25041694920846175,0.04695762533171493,0.03655986337161918,0.025006830762302586
4,-0.1763216605105808,0.1586591143278978,-0.017883262670735863,0.09763479813653994,0.07918242685129082,-0.33805986459681675,-0.1352262867861942,0.3349981624667289,0.33197322314692557,0.023950002262839755,0.029381118897244797,0.45225899911181333,-0.11923309755953296,-0.19239491769414283,0.0038838092613955374,-0.08529195098594738,-0.3062768594551644,-0.14745145289081973,0.04287794028864991,0.3311177469561433,0.2847683407638777
