,feature,divergence
7,EDU,0.14793624420176452
8,PINCP_DECILE,0.1396479410269446
6,INDP_CAT,0.09411809430845493
0,PUMA,0.0752358967087533
2,MSP,0.02686772326571977
5,OWN_RENT,0.012506699669348378
1,SEX,0.012130897619438863
4,RAC1P,0.007825631679481715
3,HISP,0.004172364128600451
