,AGEP,DEAR,DENSITY,DEYE,DPHY,DREM,DVET,EDU,HISP,HOUSING_TYPE,INDP_CAT,MSP,NOC,NPF,OWN_RENT,PINCP,PINCP_DECILE,POVPIP,PUMA,RAC1P,SEX
0,-0.3393423207703623,0.0628768129467585,-0.04070193682417544,0.027422491136519987,-0.27849031710633254,-0.2967818342700972,-0.04079692804982719,-0.37126065994875385,0.08819038487596653,-0.060825902798203414,-0.24120392942827462,-0.2269722549810572,0.2880610557769823,0.2524667864879414,0.07046416891829504,0.3993533025670211,-0.3434300304759878,-0.13885321993760844,-0.017930751258220863,0.058249057064038885,-0.008403758237645179
1,0.14793292756008397,-0.24482286545386098,-0.009954719477866724,-0.18004903585605192,-0.35150122996073,-0.3352966245778253,0.025827230934498787,-0.12009265200013047,-0.1094651702377376,0.4285489883740407,-0.20430679866001455,-0.03687270696774362,-0.31079278117348125,-0.3130413556765158,-0.33802059516720084,0.060576237223141295,-0.049789409983613836,0.2790351977212344,-0.010327758687271732,-0.0536307251041688,-0.004462691779457798
2,-0.05617946988828689,0.069792815546486,0.6884556228818278,0.02268272347671117,-0.07446235448488484,-0.07771364692363153,-0.030726760951071606,0.04226858354869016,0.08872500628955123,-0.004823566010480219,0.03400286087336362,0.008896429912850478,-0.011497639055692897,-0.05892235150293545,0.05482545162169778,0.028372749297493872,0.016912695583998757,0.06497026402818236,0.684086378575315,0.11822651537217836,0.012957072243137161
3,0.17354698082320136,-0.28480110817002574,0.01635700657404357,-0.28724416745840586,-0.22638376596119963,-0.1787506491472592,0.09112135403662233,-0.05256400337622769,0.004305346600360228,-0.2633132684996658,-0.060575890893747444,0.16614968727333315,-0.1556239815604589,-0.25162603860691746,0.5160781469480659,-0.10723574628200726,-0.025113990515415408,-0.4889823527173248,-0.014759492665490618,-0.02063970444152601,0.07313700054123615
4,-0.15809094990610692,0.12934055444045658,-0.033494370839637334,-0.03731654080222599,0.16277359675804137,0.14536174955109743,-0.34045187261573273,-0.1426596558241224,0.31556700184300274,0.34252471229527204,-0.025581081125883424,0.439220073507488,-0.10182526430019742,-0.1691638247820256,-0.02768235058030527,-0.08026225437762259,-0.3318976565239789,-0.15887327920676741,-0.051554738071713554,0.30158116340813157,0.2936085388759905
