,feature,divergence
0,AGEP,0.14647432521128945
6,EDU,0.017286340025149477
7,PINCP_DECILE,0.009718654004823302
2,MSP,0.0026583700582637343
3,RAC1P,0.002240409621747133
8,DVET,0.0014498775242413019
5,OWN_RENT,0.00048098787516684394
1,SEX,0.00013846178623888594
4,HOUSING_TYPE,8.425874353542098e-05
