,feature,divergence
7,EDU,0.1851485513026619
8,PINCP_DECILE,0.15187623193709746
0,PUMA,0.10256523662096417
6,INDP_CAT,0.07929303210951326
2,MSP,0.03237707643405288
4,RAC1P,0.021577735524176907
3,HISP,0.020082605349660856
5,OWN_RENT,0.008325091647251828
1,SEX,0.0016591367418166136
