,AGEP,DEAR,DENSITY,DEYE,DPHY,DREM,DVET,EDU,HISP,HOUSING_TYPE,INDP_CAT,MSP,NOC,NPF,OWN_RENT,PINCP,PINCP_DECILE,POVPIP,PUMA,RAC1P,SEX
0,-0.30435771413779233,0.03469483527278872,-0.022713790705171173,0.019933695404683545,-0.3051723857678317,-0.3134329431373147,-0.024171469751802205,-0.37159810357860196,0.03316097586405975,-0.07934851595914993,-0.25883224838969693,-0.2539762302428974,0.29386861928177194,0.24417118279896163,0.046451117160622925,0.42027215379903216,-0.32328456272780576,-0.05897045368921112,0.018942831620913352,0.05621361750144041,-0.006460238088735554
1,-0.048044414887454416,-0.08142907908367815,0.033324163178455005,-0.09952491822168333,-0.18935224838068404,-0.1996812801649694,0.0033684571563948607,-0.16694166012277586,0.020147570107976836,0.5429545972527797,-0.12637665084661479,0.20191115200436444,-0.3091981787335648,-0.31945479451753284,-0.4048562745799228,0.021161859457965185,-0.21378706227171007,0.3310593511985647,-0.07342704439509379,0.007965024211664215,0.04148862890943965
2,0.35693239045715053,-0.39651988325225346,0.000659925888471598,-0.2966410174097825,-0.293061584412701,-0.24996920055333602,0.14694355040902293,-0.07744322758442648,-0.08893450982003172,-0.19451062013005077,-0.2225558341462534,0.006369306239622452,-0.22315377800835062,-0.26131232488024375,0.2851028533306293,-0.0648516065544861,0.00638143437949848,-0.3395448457828836,0.09445049743393313,-0.16694299733024517,0.02016380228858562
3,-0.18203128280799605,0.15827689440548406,0.35233051456997355,0.08985084649504727,0.032140748836633024,0.011678334037936354,-0.1386213762666388,-0.08181486505237745,0.3146047769837359,0.018780827958791088,0.05869475862680773,0.3468505399268732,-0.08878056836897047,-0.23246690975373246,0.3637308079439257,-0.021673977607739696,-0.20080591801332975,-0.33673998322374965,-0.3129512329132781,0.2957791708360162,0.16003594566962448
4,0.09643058129778243,-0.3358786764580432,0.3694710476085056,-0.22916720921404177,0.09214492311988005,0.1166386674990127,0.31022086985522584,0.06821994262412939,0.20572267515852963,0.02063019885809885,-0.14398145052224628,-0.24239919418906722,0.09394488088397131,0.12370051068096335,-0.049443959672518065,0.05187625446702526,0.09831536194366954,0.17669958114542436,-0.40480210545846174,0.3185154141305869,-0.3288917041975486
