,AGEP,DEYE,DVET,EDU,HOUSING_TYPE,MSP,OWN_RENT,PINCP_DECILE,RAC1P,SEX
0,-0.5028447292406174,0.043012204491294725,-0.0717590824236427,-0.5679702824416614,0.15157002341313824,-0.14873136663161934,-0.087612003183031,-0.586697455875563,0.13573808015826014,0.04635121613684551
1,0.08304591705250117,-0.10230268734180406,-0.019075772037854394,0.1116218538809081,0.6716988815264692,0.39456449129251925,-0.597816722000915,-0.022949751126823723,-0.028007983581810975,0.06525117564494214
2,-0.13513795045846017,0.26064593837089006,0.4981950583456605,-0.006038019141973633,0.09158676751919312,-0.06551219753833659,-0.11924577457641462,0.1377388146573012,0.25369209881647314,-0.7452083295905233
3,0.22223680784030905,-0.6550436193785797,0.4440294910217672,-0.21438907305983712,-0.027478646941785936,-0.25933023762212837,-0.10001161192989656,-0.11685032394868033,-0.42037880580730247,-0.10010936582184596
4,0.018644768478138504,-0.4635525169019122,0.26764428870715745,0.06380068629860555,-0.0032172989541426333,0.2522850174589726,0.23686945384444177,-0.0579836563961843,0.7405275973679875,0.1938014389742571
