,EDU,HISP,INDP_CAT,MSP,OWN_RENT,PINCP_DECILE,PUMA,RAC1P,SEX
0,-0.5711275826037825,0.09765649436928037,-0.5004442530985019,-0.29828622168924196,0.004362825624502575,-0.553574600204851,0.05716361394535719,0.12286875986066828,0.005393499728211942
1,-0.025747737539157618,0.5862344447408911,0.2035536556854693,0.20483595690526277,0.4980045256423212,-0.0332672892797673,0.035718054410577654,0.5505229960803355,0.137141536765268
2,-0.02738764377907806,0.2879531448740148,0.1022279007821689,-0.23418829899428106,-0.028306563639925425,0.14753638134549538,0.8607935323039906,-0.23521682401783828,-0.17938086664465452
3,-0.011289996827380034,0.12662160088742755,-0.09007063761035494,0.08884907473649213,-0.15136372706999843,0.09636782792189687,-0.1539516847761283,0.247385662009109,-0.9223524842354345
4,0.041105119419778444,0.34044241752763604,-0.014689687027022807,0.34714485769652514,-0.8096861230088341,-0.11316330943767147,0.0742934242819302,0.17733010918458278,0.23732036883592164
