,PUMA,SEX,MSP,HISP,RAC1P,OWN_RENT,INDP_CAT,EDU,PINCP_DECILE
PUMA,0.0,-0.06697007332145136,0.07856707352102588,,0.02560088753481722,-0.01647055933380895,-0.09397325704651639,-0.06451966740543581,-0.04554369087669836
SEX,-0.06697007332145136,0.0,-0.06334089006886628,,-0.07097777211411976,0.09409844749004795,-0.14927272435068528,-0.11335917241187946,-0.031045605784262076
MSP,0.07856707352102588,-0.06334089006886628,4.6629367034256575e-15,,-0.04234466547554328,-0.18820068454044522,0.01176350747683591,0.15724663835464167,0.17415347783070417
HISP,,,,,,,,,
RAC1P,0.02560088753481722,-0.07097777211411976,-0.04234466547554328,,5.551115123125783e-16,-0.07987230512368668,-0.03552918889288666,0.01865909332164155,0.012828217169951465
OWN_RENT,-0.01647055933380895,0.09409844749004795,-0.18820068454044522,,-0.07987230512368668,0.0,-0.19591832701073156,-0.19957072695459394,-0.1889094149546559
INDP_CAT,-0.09397325704651639,-0.14927272435068528,0.01176350747683591,,-0.03552918889288666,-0.19591832701073156,0.0,0.31511409775468113,0.4029132493958067
EDU,-0.06451966740543581,-0.11335917241187946,0.15724663835464167,,0.01865909332164155,-0.19957072695459394,0.31511409775468113,1.4432899320127035e-15,0.19337667361405786
PINCP_DECILE,-0.04554369087669836,-0.031045605784262076,0.17415347783070417,,0.012828217169951465,-0.1889094149546559,0.4029132493958067,0.19337667361405786,-1.1102230246251565e-16
