,AGEP,DEAR,DENSITY,DEYE,DPHY,DREM,DVET,EDU,HISP,HOUSING_TYPE,INDP_CAT,MSP,NOC,NPF,OWN_RENT,PINCP_DECILE,POVPIP,PUMA,PWGTP,RAC1P,SEX,WGTP
0,-0.3615380694326956,0.0754018649937563,-0.045221026405472146,0.03153768642733636,-0.2889432423659713,-0.3082604229550042,-0.04405211832615968,-0.3882802529780056,0.11398121422796086,-0.08852847620762014,-0.2388331329070625,-0.20615684929584516,0.32194877914185305,0.28645442938686133,0.10607005578117319,-0.35795857892436506,-0.18144612996979453,-0.011356876702452248,0.14863923122576772,0.0728933167128495,-0.006632908939058312,0.15291952138998977
1,-0.05247459487455545,0.14684082694739062,0.10274863360923646,0.1000433852255756,0.3004616236673952,0.29234864656333975,0.0023324073748742717,0.1621918335565202,0.10910286872927344,-0.30601396545594217,0.20675401849310476,0.11764379255871991,0.1520642118202933,0.13170166149435794,0.29659300774633945,0.12092874685375951,-0.1958135566342397,0.14315771920354062,0.42874512628970796,0.060654896275349104,-0.0017087121030760855,0.4489153395078183
2,0.047377904979142245,-0.1113439565560689,0.5155120919750796,-0.11941632862861346,-0.24796531604981067,-0.2382695721416016,0.006743668683695869,-0.028314365950679182,0.05678597328059419,0.2014997098945482,-0.06486474377264569,0.06967082997718135,-0.19594271485586331,-0.2550777059914284,-0.04694714499741333,0.0007917619764753157,0.1246792380025116,0.5412678919316444,0.2537653202867923,0.0883347252020676,0.007559233228847116,0.2165977437607577
3,0.1668756751387362,-0.2874806718032375,-0.4299640025393817,-0.23524782200210798,-0.1387313345248466,-0.1132496508689036,0.08436666500837624,-0.0730705372587966,-0.019990145260290648,0.10969518232658308,-0.08696643963939046,0.1584329467643853,-0.2301044084429461,-0.2655440710130892,0.08019992217924359,-0.004333913173102159,-0.133677433565479,-0.3818355507453918,0.3646506376536119,-0.05117106382053131,0.00016793272596999699,0.3612505328206601
4,-0.19688156796243184,0.216766502606187,-0.1546496394468615,0.17486756947649224,0.19174817622910806,0.14422698738742132,-0.16295461940769446,-0.047908458829459516,0.1683338581996529,0.45827590561961096,0.032847915511097774,0.10640619975139465,0.030710444156503303,0.08160680762469004,-0.48736815937232136,-0.0985231376664172,0.3763584819000092,-0.09101694687879827,0.23705721230449217,0.16487167003148584,-0.000518618959736061,0.18556938353706534
