,AGEP,DEYE,DVET,EDU,HOUSING_TYPE,MSP,OWN_RENT,PINCP_DECILE,RAC1P,SEX
0,-0.5003671965995964,0.039000100578011176,-0.09147255741886563,-0.5717285720585461,0.0285712680825064,-0.23289866092055728,0.06753307375165232,-0.5718403334470057,0.1614235115996021,0.013897306588227826
1,-0.03675130220352621,-0.00945697485413189,-0.020757550366643344,-0.009303160616242857,0.7107583250013606,0.2344716621141069,-0.6402728025062312,-0.1192153810375193,-0.0920732595181079,-0.07245047965053941
2,0.09901175711451712,-0.27791274265991256,0.6235894739239634,-0.16046422730358334,-0.06821032417491392,-0.3925356471229539,-0.14847233213293964,0.012234921473094768,-0.24609473311527036,-0.5068089898784683
3,-0.11347758108070959,-0.34360233153166125,0.22875269641390955,0.01796521640023324,0.09691595087680102,0.551147777014364,0.2765624299491436,-0.018082836577397537,0.5527299875731558,-0.34774840301319204
4,0.23737997636266314,-0.7955381192427603,-0.04165471474756598,-0.09690685272827126,0.0031132641869978106,-0.017539553050351347,-0.018473106588030863,-0.16340211137630745,-0.08018248525367291,0.5156119949550684
