,feature,divergence
0,AGEP,5.173478096786367
7,PINCP_DECILE,2.613345620121423
6,EDU,2.1776540345015176
2,MSP,0.4202284662271183
1,SEX,0.35959580698174254
3,RAC1P,0.2440308354701718
5,OWN_RENT,0.1326925873998904
4,HOUSING_TYPE,0.037349896120342674
8,DVET,0.022050399533017864
9,DEYE,0.007027278305131673
