,PUMA,SEX,MSP,HISP,RAC1P,OWN_RENT,INDP_CAT,EDU,PINCP_DECILE
PUMA,-7.771561172376096e-16,0.030951024925145856,-0.14675820268134993,,0.05445762540040201,-0.053600459798513245,-0.044777260183018336,-0.13695690881183123,-0.2035676744538792
SEX,0.030951024925145856,1.0547118733938987e-14,-0.0790287792838133,,0.03538451107970007,-0.019248767660317013,-0.009324498795260993,-0.09363052196996105,0.03329507925038386
MSP,-0.14675820268134993,-0.0790287792838133,-1.4432899320127035e-15,,-0.0026972453720769674,0.008668437152706723,-0.08403503974633342,0.07298854242491892,0.056735462091684064
HISP,,,,,,,,,
RAC1P,0.05445762540040201,0.03538451107970007,-0.0026972453720769674,,1.1213252548714081e-14,-0.07998615878942585,-0.022076345697925492,0.12325349599218456,0.09263723836290717
OWN_RENT,-0.053600459798513245,-0.019248767660317013,0.008668437152706723,,-0.07998615878942585,7.993605777301127e-15,-0.024709395287767305,0.10496684219052174,-0.008516465530129485
INDP_CAT,-0.044777260183018336,-0.009324498795260993,-0.08403503974633342,,-0.022076345697925492,-0.024709395287767305,-1.5543122344752192e-15,-0.12772327013780738,-0.022873828297939047
EDU,-0.13695690881183123,-0.09363052196996105,0.07298854242491892,,0.12325349599218456,0.10496684219052174,-0.12772327013780738,5.551115123125783e-16,-0.04817235392929353
PINCP_DECILE,-0.2035676744538792,0.03329507925038386,0.056735462091684064,,0.09263723836290717,-0.008516465530129485,-0.022873828297939047,-0.04817235392929353,4.884981308350689e-15
