,feature,divergence
4,HOUSING_TYPE,1.9557474186538653
5,OWN_RENT,1.7160997668000104
0,AGEP,1.1069219240518824
7,PINCP_DECILE,0.3815116753208611
6,EDU,0.26593883754109554
2,MSP,0.02226436390864517
1,SEX,0.01840625840926735
3,RAC1P,0.009009239621911696
9,DEYE,0.0031782126503847145
8,DVET,0.001996980505850836
