,PUMA,SEX,MSP,HISP,RAC1P,OWN_RENT,INDP_CAT,EDU,PINCP_DECILE
PUMA,-1.1102230246251565e-16,0.023678057557054412,0.061477181279559284,-0.023019649417849355,0.040415456762126906,-0.011661143113806866,-0.082370088041226,-0.07422439599889627,-0.04477209656116349
SEX,0.023678057557054412,1.1657341758564144e-14,0.016986349738283914,-0.039735071585395194,-0.033836876071637836,-0.06259348166115739,-0.08235074071707273,-0.044351689549450485,0.03920569709109011
MSP,0.061477181279559284,0.016986349738283914,8.43769498715119e-15,-0.03368766538761325,0.04416756077348684,0.07315156726021539,-0.2524196144748756,-0.39487572214886435,-0.3163722918775488
HISP,-0.023019649417849355,-0.039735071585395194,-0.03368766538761325,0.0,-0.3421871010778501,-0.1493916221729212,0.014490434378024983,0.09636530302080064,0.08698936083558134
RAC1P,0.040415456762126906,-0.033836876071637836,0.04416756077348684,-0.3421871010778501,9.769962616701378e-15,-0.15548064793916044,0.026408754592881493,0.07714315940176442,0.09892885181575384
OWN_RENT,-0.011661143113806866,-0.06259348166115739,0.07315156726021539,-0.1493916221729212,-0.15548064793916044,8.992806499463768e-15,-0.0767871106287171,-0.003590041143303283,-0.04976843539510212
INDP_CAT,-0.082370088041226,-0.08235074071707273,-0.2524196144748756,0.014490434378024983,0.026408754592881493,-0.0767871106287171,2.3314683517128287e-15,-0.5270604972110302,-0.5245023956491265
EDU,-0.07422439599889627,-0.044351689549450485,-0.39487572214886435,0.09636530302080064,0.07714315940176442,-0.003590041143303283,-0.5270604972110302,-2.220446049250313e-16,-0.5261352908742752
PINCP_DECILE,-0.04477209656116349,0.03920569709109011,-0.3163722918775488,0.08698936083558134,0.09892885181575384,-0.04976843539510212,-0.5245023956491265,-0.5261352908742752,1.5543122344752192e-15
