,AGEP,DVET,EDU,HOUSING_TYPE,MSP,OWN_RENT,PINCP_DECILE,RAC1P,SEX
0,-0.523527992344445,-0.11330048397398518,-0.5577994184152767,-0.05393228622651373,-0.24114403751438793,0.12454740422460009,-0.5554133596418105,0.12625067651263064,0.030770485285244356
1,0.02262222664037078,-0.11614040433815889,-0.08366437780575556,0.7126341935240581,0.11347794414364355,-0.6501150015339162,-0.16473139116611785,0.037209131437122955,0.08428944017105618
2,-0.07026686994033556,0.5816628730852497,-0.10872247268642643,0.05504586891624211,-0.2726271015977966,-0.19459366359478678,0.10109980859063533,0.06473817871065264,-0.7178271461811077
3,-0.14877983393719502,-0.0204808185811414,0.058246309194188745,0.0914440680151898,0.5887213556498386,0.20274174332504002,0.02083970512121699,0.7293127685145598,-0.21368666374245798
4,0.18534594678290203,0.29571291973969643,0.08803527150265344,-0.10462339831566245,-0.469833760555618,-0.1620958846332838,0.02123537486203317,0.6168881586437971,0.48112753487320153
