,feature,divergence
0,AGEP,4.8254829528250465
4,HOUSING_TYPE,1.884856160751768
5,OWN_RENT,1.5667461718138247
7,PINCP_DECILE,0.295496894409938
9,DEYE,0.2567228866300535
2,MSP,0.12460773489445794
6,EDU,0.10242997112591158
1,SEX,0.09854950724862932
3,RAC1P,0.00784531295245645
8,DVET,0.002954153576198079
