,AGEP,HISP,MSP,NOC,NPF,OWN_RENT,PINCP_DECILE,POVPIP,PUMA,RAC1P,SEX
0,-0.46206731655758715,0.17229438035653877,-0.2352415499240677,0.4852564301774993,0.44975173836798527,0.1525676139153607,-0.4038975082063281,-0.2552143140962603,-0.013253438783225359,0.10945176274988137,0.004434341342924308
1,0.040222638311390925,0.17952821707467348,0.41344433077751946,-0.13969336011938288,-0.2838100726392041,0.577993868934513,-0.08425944050001875,-0.5547096160240302,0.00957516519055735,0.1460651294505469,0.15762969903432875
2,-0.10705523648905094,0.5597321764429591,0.14670291473082536,-0.08323796522869037,-0.0671291764035348,-0.2124491182465426,0.03465886196805529,0.23380931579635272,0.31083017232926846,0.6413793303764166,-0.1824744761603542
3,-0.04743752371493376,0.0019671738776302376,0.02697304167510027,-0.13594230202908525,-0.11168192354357388,-0.3102532295671178,-0.3980486661739812,0.10449213536054464,-0.0289860632521845,0.08625873147996967,0.831965102029437
4,0.03849997016229437,0.10322755847068482,0.07154933010310778,-0.056336227181840004,0.014544651477988585,-0.15383582298267023,-0.02177870968994488,-0.04212116724928741,-0.9284815800060378,0.2725368180436048,-0.13072441429580847
