,AGEP,DEAR,DENSITY,DEYE,DPHY,DREM,DVET,EDU,HISP,HOUSING_TYPE,INDP_CAT,MSP,NOC,NPF,OWN_RENT,PINCP,PINCP_DECILE,POVPIP,PUMA,RAC1P,SEX
0,-0.28776897405504775,0.031249324588342405,-0.04877554358293601,0.009460815022882388,-0.29246521725084634,-0.3062731057629627,-0.027543424941676775,-0.36656409920828187,0.04278541283122297,-0.0932359579232586,-0.2437411351073564,-0.26795199532548136,0.29832083022956885,0.2706247839421026,0.07654857222776439,0.40404637759310374,-0.32007636635280323,-0.13116193426552314,0.046708896410279546,0.0660649332433862,0.0007144731405353019
1,-0.05736588246842861,-0.07214715254795899,-0.03604979629286906,-0.04956482030136943,-0.2017855507756765,-0.20548310584713442,0.00301460928260621,-0.1389461135066033,-0.06821556989265075,0.5403889443228791,-0.20113820046604142,0.07441696261520174,-0.27647955647731104,-0.24658520088256458,-0.46808857587329167,0.06549875892803418,-0.16051570342118543,0.3801709520824323,-0.06099950665950303,-0.06303166933234271,-0.06474905558923585
2,0.243079775485274,-0.1932455710865149,-0.4798348801410894,-0.06615807178196652,-0.008735357235468477,0.009719604990389846,0.17316560243149415,0.09750492386485796,-0.32806300865911464,-0.1434802342367216,-0.05794573667195418,-0.3644852651826768,0.1267693984669539,0.20413979611042968,-0.2509688734634113,0.01699666686954067,0.21312237608324025,0.13627421424271163,0.23649371758102525,-0.34211471928598486,-0.08297684480660485
3,0.2891484533809891,-0.43460380713349994,0.009245811615362778,-0.4194431504902814,-0.3099267133803819,-0.2602800842423156,0.15103320355918012,-0.08778852543938954,-0.00863843264800423,-0.15950616432722992,-0.14243455774030206,0.12125136880239287,-0.21959775977492058,-0.26048212514855007,0.24675076273008842,-0.108495616403861,-0.021092632679327608,-0.3262060023620811,-0.008456764609405585,-0.031680332340221606,0.002900706209674473
4,-0.017059177126388596,-0.1752049077044741,-0.2973178429199296,-0.18786890051339197,0.4372134371505932,0.44173699490049323,-0.030177060852929226,-0.20175653092898285,0.12430468435382487,0.14505016009889696,-0.2877145055608345,0.17108112548508858,0.026604018028795428,0.031057959785696657,-0.09873624345432941,-0.042178034091519476,-0.3827698856478275,-0.2497911414214881,0.20747140805543854,0.051467103198583726,0.0327817630661939
