,PUMA,SEX,MSP,HISP,RAC1P,OWN_RENT,INDP_CAT,EDU,PINCP_DECILE
PUMA,2.55351295663786e-15,0.008806614534123553,0.019861869968670648,0.046187480140669146,0.05583050454005273,-0.003877296317846425,0.02079890736064943,0.024500774944265474,0.0007659151274660193
SEX,0.008806614534123553,-5.773159728050814e-15,-0.013539035348607151,0.016165078480745727,0.003606974305045865,-0.005155732058494497,-0.007379714102474,0.003045786161788704,0.03131063425073319
MSP,0.019861869968670648,-0.013539035348607151,1.1102230246251565e-15,-0.021998039388933584,0.024422432723242463,0.05376195361177436,-0.04105589055925757,-0.040060354679328,0.0006480507678813668
HISP,0.046187480140669146,0.016165078480745727,-0.021998039388933584,8.881784197001252e-16,-0.0789515010574799,-0.03992360679968507,-0.008667604953584672,0.03838480899655192,0.05248667393577578
RAC1P,0.05583050454005273,0.003606974305045865,0.024422432723242463,-0.0789515010574799,2.4424906541753444e-15,0.00755828824703412,0.03834980154864828,0.02756238261122814,0.043856578768161444
OWN_RENT,-0.003877296317846425,-0.005155732058494497,0.05376195361177436,-0.03992360679968507,0.00755828824703412,0.0,-0.012266029422506444,0.013298290137415,-0.019064142204147497
INDP_CAT,0.02079890736064943,-0.007379714102474,-0.04105589055925757,-0.008667604953584672,0.03834980154864828,-0.012266029422506444,-1.2212453270876722e-15,-0.0812688169134535,-0.03868310630885857
EDU,0.024500774944265474,0.003045786161788704,-0.040060354679328,0.03838480899655192,0.02756238261122814,0.013298290137415,-0.0812688169134535,2.3314683517128287e-15,-0.1598809113941897
PINCP_DECILE,0.0007659151274660193,0.03131063425073319,0.0006480507678813668,0.05248667393577578,0.043856578768161444,-0.019064142204147497,-0.03868310630885857,-0.1598809113941897,2.55351295663786e-15
