,PUMA,SEX,MSP,HISP,RAC1P,OWN_RENT,INDP_CAT,EDU,PINCP_DECILE
PUMA,-1.1102230246251565e-16,-0.0036978593263274568,0.009053763286026507,0.00022935475707719366,0.01082388869246835,0.005213779387639962,0.0039705016917483855,-0.008766108539896844,-0.007064909383844947
SEX,-0.0036978593263274568,-2.220446049250313e-16,0.006752197968124946,0.010826703080128047,-0.00291201555663273,0.0005284985987498853,-0.002166631110154228,-0.0056279160334279585,0.0008875359510490677
MSP,0.009053763286026514,0.006752197968124946,0.0,-0.0077325033274786865,0.012365171405761058,0.00759014875643757,0.0007420478434670974,0.011433607512948363,0.004955205324801315
HISP,0.00022935475707720754,0.010826703080128047,-0.0077325033274786865,2.220446049250313e-16,0.005777802617971742,0.009998597650062932,-0.004463445299893974,-0.004772288289154547,-0.004367885527146134
RAC1P,0.01082388869246835,-0.0029120155566327265,0.012365171405761058,0.005777802617971742,0.0,-0.004833019497478497,0.007535304216633197,0.006660368316976695,0.008062877547517638
OWN_RENT,0.005213779387639962,0.0005284985987498853,0.007590148756437563,0.009998597650062918,-0.0048330194974785246,1.1102230246251565e-16,-0.0054104923190965715,0.001515230752326395,0.0034432051183054604
INDP_CAT,0.003970501691748382,-0.002166631110154235,0.0007420478434671252,-0.004463445299893974,0.00753530421663319,-0.005410492319096558,0.0,0.0013572706566357673,0.008059170873324195
EDU,-0.00876610853989683,-0.0056279160334279585,0.01143360751294839,-0.004772288289154575,0.0066603683169767225,0.001515230752326395,0.0013572706566357118,0.0,0.00487889916403117
PINCP_DECILE,-0.007064909383844946,0.0008875359510490538,0.004955205324801315,-0.004367885527146148,0.008062877547517638,0.0034432051183054604,0.008059170873324195,0.004878899164031281,0.0
