,AGEP,DEAR,DENSITY,DEYE,DPHY,DREM,DVET,EDU,HISP,HOUSING_TYPE,INDP_CAT,MSP,NOC,NPF,OWN_RENT,PINCP,PINCP_DECILE,POVPIP,PUMA,RAC1P,SEX
0,-0.339343438283905,0.06287696330290614,-0.040702117281254,0.027423100142865916,-0.2784885922137315,-0.2967803523190708,-0.040795716497269534,-0.3712653609085251,0.08819163270474757,-0.060829304202173605,-0.2412002276944012,-0.2269726896615702,0.2880568493485939,0.2524648619503118,0.07045949563665782,0.3993550189713757,-0.3434313500285928,-0.13885579690575928,-0.017929712796185028,0.05824617145202042,-0.008404468411149373
1,0.1476688566585732,-0.24489612164849384,-0.00994094856479343,-0.1798585246908758,-0.35134923706577564,-0.33519189089124424,0.025899188528504487,-0.11996797888144359,-0.10938001305250698,0.4285570013323394,-0.20400721528502036,-0.03696487988458083,-0.31120215839069454,-0.3131877740470371,-0.3381870640134634,0.06079702440562533,-0.050209818461843386,0.27880381939761023,-0.010347968342474072,-0.05401339090547248,-0.004606520888937991
2,-0.05682786400834973,0.0697548508819143,0.6887892093845716,0.023376754830035682,-0.07384709277020074,-0.07723414984132379,-0.030463118471973503,0.041804326700964026,0.08902780027219387,-0.004817661931659724,0.035043529686410245,0.008709316565580182,-0.012816816799834804,-0.059441527016734066,0.054077825742964575,0.02901630551249973,0.015746363234087152,0.06430349538125676,0.6840457767540657,0.116865953625258,0.012551892243044534
3,0.17158476509286863,-0.28468422320573816,0.01683319539027286,-0.2855181067110602,-0.22470432083939246,-0.17740984525411335,0.09140109229752115,-0.05372225827632126,0.00525901846600646,-0.26323176155692085,-0.05818826019504335,0.16656980759080897,-0.15925540107511904,-0.2538642420431955,0.5144888931998879,-0.10562799685203571,-0.028863009835298117,-0.4914294060355416,-0.014113995292683345,-0.02408872224248787,0.07261033715013039
4,-0.15627055733959697,0.12937777625771546,-0.03446749752517775,-0.039638822903623354,0.16087103479113313,0.14377526728145462,-0.34239924079138934,-0.13898737767575564,0.3153947320549399,0.3455368678423888,-0.028850832406535142,0.43919942359312586,-0.0956014665616931,-0.1651961637884354,-0.025191287528894848,-0.08284269102606161,-0.32782598371419125,-0.15410534762523345,-0.0528168953068654,0.30906569956961244,0.29482461264055704
