,AGEP,SEX,MSP,RAC1P,HOUSING_TYPE,OWN_RENT,EDU,PINCP_DECILE,DVET
AGEP,0.0,-0.03758270201913981,-0.017101517473502574,0.01935907339520876,0.026618327685662878,0.032283182670043445,-0.053255458855659854,-0.041827442994218755,-0.07654601189289588
SEX,-0.03758270201913981,0.0,-0.00509460311613821,-0.006969959397235011,-0.001574840228773567,0.011885449874242827,-0.030931786953738858,0.0023780475457522154,0.08859820887591904
MSP,-0.017101517473502574,-0.00509460311613821,0.0,0.010782425167971323,-0.023861769913541442,0.003738704783148264,0.009117122110467196,0.027783635809600277,-0.014668403457509936
RAC1P,0.01935907339520876,-0.006969959397235011,0.010782425167971323,-8.659739592076221e-15,-0.04934503090837235,-0.01800914931715248,-0.0052352957954945045,0.013726407613232433,-0.007983406281218727
HOUSING_TYPE,0.026618327685662878,-0.001574840228773567,-0.023861769913541442,-0.04934503090837235,-1.3322676295501878e-15,-0.00013699379728937533,0.05913760087253678,0.16895161630303526,-0.0003693623405015573
OWN_RENT,0.032283182670043445,0.011885449874242827,0.003738704783148264,-0.01800914931715248,-0.00013699379728937533,0.0,-0.013205073617685897,-0.07736878807519436,-0.004325628463226574
EDU,-0.053255458855659854,-0.030931786953738858,0.009117122110467196,-0.0052352957954945045,0.05913760087253678,-0.013205073617685897,-5.10702591327572e-15,-0.23629256862895548,-0.03352663402084821
PINCP_DECILE,-0.041827442994218755,0.0023780475457522154,0.027783635809600277,0.013726407613232433,0.16895161630303526,-0.07736878807519436,-0.23629256862895548,-2.220446049250313e-16,-0.08153777052981086
DVET,-0.07654601189289588,0.08859820887591904,-0.014668403457509936,-0.007983406281218727,-0.0003693623405015573,-0.004325628463226574,-0.03352663402084821,-0.08153777052981086,0.0
