,feature,divergence
7,EDU,3.950611395737213
8,PINCP_DECILE,3.566284292910564
6,INDP_CAT,3.1726720476089745
0,PUMA,2.288850286996677
2,MSP,1.9301898346601347
5,OWN_RENT,1.3798765458193016
3,HISP,1.0259365063478092
1,SEX,0.7836768507323224
4,RAC1P,0.06865178522604522
