,feature,divergence
0,AGEP,0.5346975088967971
7,PINCP_DECILE,0.18398479651942032
6,EDU,0.12909378036929067
2,MSP,0.035446009389671324
1,SEX,0.019037674034902752
3,RAC1P,0.0095890482358184
5,OWN_RENT,0.007957090428592654
8,DVET,0.004049149081786761
4,HOUSING_TYPE,0.0021594072551286998
9,DEYE,0.0013535262044208386
