,AGEP,DEAR,DENSITY,DEYE,DPHY,DREM,DVET,EDU,HISP,HOUSING_TYPE,INDP_CAT,MSP,OWN_RENT,PINCP_DECILE,POVPIP,PUMA,PWGTP,RAC1P,SEX,WGTP
0,-0.3553193713285905,0.056227731665094136,-0.0447592574012529,0.014185286589240008,-0.3680132832735661,-0.3845414076736483,-0.050806871619603816,-0.4391226461122575,0.11446468788042291,-0.04371106268266665,-0.2868725263365142,-0.20022450318437354,0.10376754866647696,-0.3971968494414344,-0.1803563155865456,-0.01082059836514199,0.15021668002290006,0.080034303772771,-1.6193293321414316e-06,0.1487228221217764
1,-0.07625189142706683,0.1340359477575906,0.12826861464433717,0.08204241233361047,0.20903396799223983,0.20241765996254182,-0.006529114309562715,0.09196596513557402,0.13128702151243118,-0.284233558030756,0.15463557390131277,0.12504772119465715,0.3290754156896245,0.06358711130868655,-0.22484414235348082,0.17760487442113423,0.5030216429740909,0.08311680125688126,0.005754394525390516,0.5175799768047159
2,0.006032932451039026,-0.03250497964052397,0.6378421532550084,-0.04378711390394212,-0.15387140142039107,-0.1551245224154388,-0.0014624674843336672,0.03917408525835747,0.03339354518322169,0.18284124904618465,-0.011660787633775132,-0.02764036159965406,-0.16197849002619777,0.04260705364910234,0.23976422202253703,0.6418804126334221,0.04025374879878094,0.07766471851104968,-0.013511123744007949,0.006313180633988858
3,0.17446489567411724,-0.364372720343919,-0.22983384418454172,-0.27323994527383744,-0.12235662292981267,-0.11002274104552201,0.1716335893673261,0.013381221995441006,-0.02760544295749941,0.32678588865829034,-0.06675677819987746,0.0388465704311958,-0.2858611774069868,0.11279211249223392,0.22011307200353772,-0.14669279004736416,0.43504997085325575,-0.056128727276237564,-0.11575381810082692,0.410920787187632
4,-0.2645791053967099,0.3565000921173131,-0.10389043868155559,0.2570927942901445,0.2436109523065586,0.1922573494912143,-0.2790770026879702,-0.07708421529030979,0.2137054415753398,0.3992099876815232,0.042292634240259655,0.1717182143244006,-0.3617698153761805,-0.1881204843246131,0.2581822176058362,-0.07335508926415173,0.10395764054812255,0.22012842830403254,0.09517581928182224,0.05420499813896151
