,EDU,HISP,INDP_CAT,MSP,OWN_RENT,PINCP_DECILE,PUMA,RAC1P,SEX
0,-0.5757868439330528,0.06559621868644638,-0.5141938332553491,-0.2728696795873834,-0.022671741617568856,-0.5612568911504169,0.020403976696721778,0.08960660596565201,0.03666762089603055
1,0.01703030164170123,0.6184436714821475,0.11852298117427695,0.18150826369064196,0.20248105242787245,-0.06517823296749159,-0.40032058149222804,0.6014969265729588,0.05424525681745085
2,-0.018228842236507947,-0.06572759874428924,0.10657145973912885,0.46282526466702195,-0.5015049458213787,-0.27022531075256817,-0.1348887615446889,-0.10102759843425523,0.6456410825976919
3,-0.04154568258568957,0.11622791106425176,-0.03607345999869666,0.18129651282593592,-0.7187839530939917,0.010864233334595935,0.008139862360917833,0.14065669961475186,-0.6434099327581628
4,-0.06316752979119301,0.4309566929144786,0.13171436987063412,0.15381880983239005,0.02878836407422118,-0.03641624723977166,0.8685452527883885,0.041254670460697716,0.10511695190814481
