,PUMA,SEX,MSP,HISP,RAC1P,OWN_RENT,INDP_CAT,EDU,PINCP_DECILE
PUMA,1.1102230246251565e-16,0.0008471964032326462,-0.008627718316790267,-0.029535077855244445,0.004268342827421981,-0.03170220478669349,0.0014803893926358478,-0.008831376934921677,0.003745088114455085
SEX,0.0008471964032326462,-2.220446049250313e-16,-0.03110361297530888,0.011354363754350935,0.0030576401913510304,-0.010090753681972663,-0.011799092115971407,-0.06385492030710646,0.07207505847326602
MSP,-0.008627718316790267,-0.03110361297530888,0.0,-0.048734026167752895,-0.007903793139818881,0.014486038465986978,-0.027056375701344115,0.054725336200030256,0.021486269314860557
HISP,-0.029535077855244445,0.011354363754350935,-0.048734026167752895,0.0,-0.10057589768741033,-0.050749139011465424,-0.022855110204662535,0.018395783150462308,0.03278193236492738
RAC1P,0.004268342827421981,0.0030576401913510313,-0.007903793139818878,-0.10057589768741033,0.0,-0.035823571473869775,-0.03479235725873463,0.015274154197286532,0.03529128520089453
OWN_RENT,-0.0317022047866935,-0.010090753681972663,0.014486038465986976,-0.050749139011465424,-0.03582357147386976,0.0,-0.04675565524488133,0.0210013222208865,-0.008881916105115066
INDP_CAT,0.0014803893926358478,-0.011799092115971407,-0.027056375701344115,-0.022855110204662542,-0.03479235725873463,-0.04675565524488133,0.0,-0.09994744543801354,0.0003604385450381997
EDU,-0.00883137693492167,-0.06385492030710646,0.054725336200030256,0.018395783150462308,0.015274154197286526,0.0210013222208865,-0.0999474454380136,0.0,-0.061048325011222815
PINCP_DECILE,0.0037450881144550814,0.07207505847326602,0.02148626931486053,0.032781932364927394,0.03529128520089454,-0.00888191610511506,0.0003604385450381997,-0.061048325011222704,0.0
