,AGEP,DEYE,DVET,EDU,HOUSING_TYPE,MSP,OWN_RENT,PINCP_DECILE,RAC1P,SEX
0,-0.5028447292406173,0.043012204491294725,-0.07175908242364266,-0.5679702824416619,0.1515700234131392,-0.14873136663161868,-0.08761200318303222,-0.5866974558755632,0.13573808015826017,0.04635121613684479
1,0.08304591705250199,-0.10230268734180488,-0.019075772037853763,0.1116218538809086,0.6716988815264695,0.39456449129251936,-0.5978167220009152,-0.02294975112682246,-0.028007983581811467,0.06525117564494208
2,-0.13513795045846355,0.26064593837090133,0.4981950583456531,-0.006038019141969636,0.09158676751919373,-0.0655121975383312,-0.11924577457641224,0.13773881465730356,0.25369209881648097,-0.7452083295905225
3,0.2222368078403068,-0.6550436193785791,0.4440294910217785,-0.21438907305983712,-0.027478646941785444,-0.2593302376221273,-0.10001161192989542,-0.11685032394867839,-0.4203788058072927,-0.10010936582185623
4,0.018644768478135954,-0.46355251690190685,0.2676442887071533,0.06380068629860675,-0.003217298954142668,0.25228501745897647,0.2368694538444436,-0.057983656396183636,0.7405275973679896,0.19380143897425733
