,feature,divergence
1,AGEP,2.028417442430181
9,PINCP_DECILE,1.0158055233432117
7,NPF,0.6638122883405904
10,POVPIP,0.30723124516628003
3,MSP,0.23965990666518897
8,OWN_RENT,0.11789923258724867
6,NOC,0.09697847081405629
5,RAC1P,0.08719742857805937
4,HISP,0.043730325563149125
2,SEX,0.04077920092595633
11,DEYE,0.006321612011062818
0,PUMA,0.004170768412596004
