,EDU,HISP,INDP_CAT,MSP,OWN_RENT,PINCP_DECILE,PUMA,RAC1P,SEX
0,-0.5757868439330536,0.06559621868644627,-0.5141938332553488,-0.2728696795873834,-0.02267174161756905,-0.5612568911504171,0.020403976696721737,0.08960660596565202,0.036667620896030456
1,0.01703030164170172,0.6184436714821452,0.11852298117427684,0.18150826369064058,0.20248105242787381,-0.06517823296749126,-0.40032058149222843,0.6014969265729605,0.054245256817451216
2,-0.018228842236507437,-0.06572759874428544,0.10657145973912946,0.46282526466702006,-0.5015049458213792,-0.2702253107525676,-0.13488876154468804,-0.10102759843425585,0.6456410825976939
3,-0.041545682585688345,0.11622791106423959,-0.03607345999869914,0.18129651282593387,-0.7187839530939917,0.01086423333459613,0.008139862360895238,0.14065669961475274,-0.6434099327581647
4,-0.06316752979119453,0.43095669291447936,0.13171436987063292,0.15381880983239665,0.02878836407420571,-0.03641624723977166,0.868545252788389,0.04125467046070421,0.10511695190812592
