,PUMA,SEX,MSP,HISP,RAC1P,OWN_RENT,INDP_CAT,EDU,PINCP_DECILE
PUMA,0.0,0.00568913160316472,-0.09184620966074261,,-0.17414863750157927,-0.025280850555558888,-0.13514019104862676,-0.09843899942080403,-0.13330707951251153
SEX,0.00568913160316472,1.1102230246251565e-16,-0.09753059018705926,,0.025735299455343804,0.06953655089374144,-0.233447566453961,-0.10024436518993927,-0.0019251374693817491
MSP,-0.09184620966074258,-0.09753059018705926,-2.220446049250313e-16,,-0.02429634977899505,-0.23097641328523225,0.31618214548100254,0.4859917809864255,0.6567116970949668
HISP,,,,,,,,,
RAC1P,-0.17414863750157922,0.025735299455343804,-0.02429634977899505,,0.0,0.017436498383146322,-0.019425624838660276,0.06068442421812749,0.02796343518895167
OWN_RENT,-0.025280850555558888,0.06953655089374143,-0.23097641328523225,,0.017436498383146315,0.0,-0.17012213541970467,-0.18272234839479137,-0.2328570709556209
INDP_CAT,-0.13514019104862676,-0.233447566453961,0.3161821454810026,,-0.019425624838660276,-0.17012213541970467,-2.220446049250313e-16,0.24671059277813995,0.36401538212313417
EDU,-0.09843899942080403,-0.10024436518993927,0.4859917809864256,,0.06068442421812749,-0.18272234839479135,0.24671059277814,0.0,0.23146204078671873
PINCP_DECILE,-0.13330707951251156,-0.0019251374693817491,0.6567116970949667,,0.02796343518895167,-0.23285707095562086,0.36401538212313417,0.23146204078671873,0.0
