,AGEP,DEYE,DVET,EDU,HOUSING_TYPE,MSP,OWN_RENT,PINCP_DECILE,RAC1P,SEX
0,-0.5003671965995972,0.03900010057801162,-0.09147255741886547,-0.5717285720585459,0.028571268082504833,-0.23289866092055772,0.06753307375165404,-0.5718403334470051,0.16142351159960378,0.01389730658822861
1,-0.03675130220352753,-0.00945697485413079,-0.02075755036664397,-0.009303160616243535,0.7107583250013616,0.2344716621141059,-0.6402728025062315,-0.11921538103752084,-0.09207325951810748,-0.07245047965053755
2,0.09901175711451793,-0.2779127426599107,0.6235894739239615,-0.16046422730358398,-0.06821032417491489,-0.39253564712295763,-0.1484723321329426,0.012234921473092908,-0.2460947331152777,-0.5068089898784651
3,-0.1134775810806925,-0.34360233153171815,0.22875269641390947,0.01796521640022608,0.09691595087680124,0.5511477770143596,0.27656242994914043,-0.018082836577408445,0.5527299875731472,-0.34774840301316357
4,0.23737997636267205,-0.7955381192427349,-0.0416547147475787,-0.0969068527282721,0.00311326418699219,-0.01753955305038983,-0.018473106588051014,-0.16340211137630672,-0.08018248525370493,0.5156119949550961
