,AGEP,HISP,MSP,NOC,NPF,OWN_RENT,PINCP_DECILE,POVPIP,PUMA,RAC1P,SEX
0,-0.4184082940980472,0.07317519200018341,-0.3607321473356722,0.5406571467877548,0.5055806361880881,0.12104875481954533,-0.3123478388545561,-0.1142603391889109,0.02295619046668202,0.12398031953303609,-0.019046616995424308
1,-0.2557920099086144,0.0016666730213668601,0.009929854513858267,-0.049686405053200336,0.0320062029959841,-0.6646642095559372,-0.17883989153404548,0.6670922851266569,-0.07846254514826088,0.07740749141303416,-0.007301103883569745
2,-0.29149741274467034,0.41824814681787004,0.3957155791138631,-0.12821803866304599,-0.27797972033003737,0.13050625514202457,-0.4099292103727349,-0.16876846288925465,-0.27186216017245574,0.3840814102712099,0.2341156510706403
3,0.05343975209419717,0.38577777124736756,-0.060158187230002935,0.027008586046663036,0.06677477280481718,0.09026285570298392,0.4103912842664157,0.1336733141555479,-0.26554517621050594,0.40749501736911187,-0.6391470789929381
4,-0.17424820983452835,0.2653050398509387,0.23743616905609732,-0.07779795887900845,-0.03766831774394057,-0.052572121049977515,-0.10699927780711889,-0.057013507048679336,0.8354238387356836,-0.03927021245115915,-0.34418757239761966
