,AGEP,DVET,EDU,HOUSING_TYPE,MSP,OWN_RENT,PINCP_DECILE,RAC1P,SEX
0,-0.498274990556792,-0.09016851692861472,-0.5734945916533555,0.029031609627232738,-0.23250878224365645,0.06773793923583624,-0.5735114526811429,0.16154876022663703,0.013807273727308639
1,-0.03731193294255501,-0.021353625248359986,-0.008350774585731607,0.7107184529249719,0.2345052908826721,-0.6404833628352122,-0.11833349837454235,-0.0922045422644681,-0.0724239160234248
2,0.05620074464746329,0.6021983789361233,-0.13326675738640464,-0.07645100128936094,-0.43845636611649386,-0.17338870786419136,0.05091525687636145,-0.28011255963149106,-0.5542840120699464
3,-0.19502712780741902,0.2437803487866628,0.051752212478791776,0.08706081099110871,0.5066767263979997,0.2583707438767095,0.047323194746255556,0.5366171296313799,-0.5278290534994746
4,0.1751938253236729,0.6229138781932828,0.004040228999038997,0.06295474341276013,-0.10892822499822001,-0.12078577963025201,-0.07099744591670948,0.4852841347578728,0.5570546734545788
