,PUMA,SEX,MSP,HISP,RAC1P,OWN_RENT,INDP_CAT,EDU,PINCP_DECILE
PUMA,2.7755575615628914e-15,-0.0014466997349925365,0.0031860064884318,-0.00583400335734701,0.05463753308521371,0.012981928869050223,0.02181179145201551,0.014827005040246366,-0.022805186075980123
SEX,-0.0014466997349925365,-3.1086244689504383e-15,-0.023306160296410618,0.023946833436371294,-0.007230885411155011,0.011354202370078562,-0.009868945827144357,-0.0331026917009047,0.11773761035073846
MSP,0.0031860064884318,-0.023306160296410618,0.0,-0.02698337172365505,-0.003767097351725642,-0.034697846283730197,-0.12193835033665845,0.05391455123083261,0.05303605827935218
HISP,-0.00583400335734701,0.023946833436371294,-0.02698337172365505,-5.551115123125783e-16,-0.17227550199677605,-0.05984567433478889,-0.057212430968725976,0.04804811922335622,0.017221742427060954
RAC1P,0.05463753308521371,-0.007230885411155011,-0.003767097351725642,-0.17227550199677605,-1.5543122344752192e-15,-0.023473850232206474,-0.018972210624156167,0.03306290303527251,0.03467770686375561
OWN_RENT,0.012981928869050223,0.011354202370078562,-0.034697846283730197,-0.05984567433478889,-0.023473850232206474,0.0,-0.0011525041116524967,0.0002037712108073019,-0.050256407712969624
INDP_CAT,0.02181179145201551,-0.009868945827144357,-0.12193835033665845,-0.057212430968725976,-0.018972210624156167,-0.0011525041116524967,1.0436096431476471e-14,-0.18230342941238287,-0.12771891513061395
EDU,0.014827005040246366,-0.0331026917009047,0.05391455123083261,0.04804811922335622,0.03306290303527251,0.0002037712108073019,-0.18230342941238287,0.0,-0.14190995404887952
PINCP_DECILE,-0.022805186075980123,0.11773761035073846,0.05303605827935218,0.017221742427060954,0.03467770686375561,-0.050256407712969624,-0.12771891513061395,-0.14190995404887952,1.2212453270876722e-15
