,feature,divergence
8,PINCP_DECILE,4.263144040762351
7,EDU,1.4669170262022522
4,RAC1P,1.258950095402387
6,INDP_CAT,1.02423272422415
0,PUMA,0.7311348246738797
2,MSP,0.652808102141102
5,OWN_RENT,0.4430398138821348
3,HISP,0.11072113177222673
1,SEX,0.06531851453337045
