,AGEP,HISP,MSP,NOC,NPF,OWN_RENT,PINCP_DECILE,POVPIP,PUMA,RAC1P,SEX
0,-0.4184082940980472,0.07317519200018352,-0.360732147335672,0.540657146787755,0.505580636188088,0.1210487548195449,-0.3123478388545561,-0.11426033918891038,0.022956190466682007,0.12398031953303582,-0.019046616995424353
1,-0.2557920099086143,0.001666673021366638,0.009929854513858758,-0.04968640505320092,0.03200620299598418,-0.6646642095559375,-0.17883989153404534,0.6670922851266573,-0.07846254514826123,0.07740749141303409,-0.007301103883570206
2,-0.2914974127446697,0.41824814681787215,0.3957155791138628,-0.12821803866304576,-0.2779797203300366,0.1305062551420251,-0.4099292103727327,-0.16876846288925348,-0.27186216017245834,0.3840814102712118,0.23411565107063842
3,0.053439752094201085,0.38577777124736656,-0.06015818723000802,0.027008586046663147,0.06677477280481861,0.09026285570298281,0.41039128426641797,0.1336733141555487,-0.265545176210505,0.4074950173691123,-0.6391470789929351
4,-0.1742482098345325,0.2653050398509328,0.237436169056102,-0.07779795887900848,-0.03766831774394172,-0.05257212104997574,-0.1069992778071203,-0.05701350704867985,0.8354238387356803,-0.03927021245115763,-0.3441875723976268
