,feature,divergence
8,PINCP_DECILE,2.9393446271106294
7,EDU,2.8250514790639913
6,INDP_CAT,2.743384102362352
2,MSP,0.29432649209719275
5,OWN_RENT,0.22596782305124283
0,PUMA,0.21882614130893274
4,RAC1P,0.07858796342362637
3,HISP,0.037711183891136986
1,SEX,0.0362942830048093
