,feature,divergence
10,POVPIP,4.640879509355166
0,PUMA,4.607096944764173
1,AGEP,3.2971773157134376
7,NPF,2.661942457248056
9,PINCP_DECILE,1.5083594223212036
3,MSP,0.6160026073783225
2,SEX,0.3121262474337543
6,NOC,0.28772757811614447
5,RAC1P,0.28531614643037617
8,OWN_RENT,0.05789204868349425
4,HISP,0.0527304228523183
