,PUMA,SEX,MSP,HISP,RAC1P,OWN_RENT,INDP_CAT,EDU,PINCP_DECILE
PUMA,-2.220446049250313e-16,-0.0028561581012042344,-0.0005399894798917212,-0.03385434925400209,-0.023506814750896277,0.12650835896256965,0.016920793013677615,0.06505039256579599,0.02961721569461496
SEX,-0.0028561581012042344,0.0,0.08290718804784222,0.022563046989085664,0.062162553037241476,0.039962563841617824,0.006114369353558316,-0.03986844643737138,0.02873966587016101
MSP,-0.0005399894798917143,0.08290718804784222,0.0,0.10398781586501901,0.10654660686287017,0.030458165097394956,-0.06714271327340121,-0.16380085947082984,-0.30691021286017395
HISP,-0.03385434925400209,0.022563046989085664,0.10398781586501901,2.220446049250313e-16,-0.011228806914595393,-0.002989704744705654,0.057241601450082016,0.15629968590939455,0.08513923608114742
RAC1P,-0.02350681475089629,0.062162553037241476,0.10654660686287017,-0.011228806914595407,0.0,-0.08913671190190456,-0.021003811081815912,0.06606784863297976,0.03487820933998306
OWN_RENT,0.12650835896256965,0.03996256384161784,0.030458165097394956,-0.002989704744705654,-0.08913671190190456,1.1102230246251565e-16,0.02854304883713156,0.05764332134935489,0.020143368501133928
INDP_CAT,0.016920793013677615,0.006114369353558316,-0.06714271327340121,0.057241601450082016,-0.0210038110818159,0.028543048837131567,0.0,-0.21771497868021347,-0.2452642336036273
EDU,0.06505039256579599,-0.03986844643737138,-0.1638008594708298,0.15629968590939455,0.06606784863297976,0.05764332134935489,-0.21771497868021347,0.0,-0.35661236626299286
PINCP_DECILE,0.029617215694614965,0.028739665870161017,-0.30691021286017395,0.08513923608114742,0.03487820933998306,0.02014336850113393,-0.2452642336036273,-0.35661236626299286,0.0
