,PUMA,SEX,MSP,HISP,RAC1P,OWN_RENT,INDP_CAT,EDU,PINCP_DECILE
PUMA,2.220446049250313e-15,0.04469310099539022,-0.023474504855682685,-0.06999029076944843,-0.09622152199858913,0.019927786014213737,0.06771397784873653,-0.06668496179975157,-0.08126960527980243
SEX,0.04469310099539022,-1.1435297153639112e-14,-0.019773005814799644,0.010291856930544508,0.022589663865838307,-0.0355537057704954,-0.06283558882252915,-0.04268901280859167,0.043640921373495706
MSP,-0.023474504855682685,-0.019773005814799644,0.0,-0.016017011052936903,-0.012117253224703466,0.051777782307310574,-0.14104096928921644,-0.018870935284258733,-0.001259244668683851
HISP,-0.06999029076944843,0.010291856930544508,-0.016017011052936903,-8.659739592076221e-15,-0.2041929681155059,-0.07711830781430747,-0.035970619446853654,0.036245150587430205,0.02295751744140457
RAC1P,-0.09622152199858913,0.022589663865838307,-0.012117253224703466,-0.2041929681155059,-2.1094237467877974e-15,-0.11476897837980121,-0.05697092674473986,0.126838029913037,0.09626846649348109
OWN_RENT,0.019927786014213737,-0.0355537057704954,0.051777782307310574,-0.07711830781430747,-0.11476897837980121,3.774758283725532e-15,-0.04814965308087258,0.07688779216682896,-0.029179863859815785
INDP_CAT,0.06771397784873653,-0.06283558882252915,-0.14104096928921644,-0.035970619446853654,-0.05697092674473986,-0.04814965308087258,-8.881784197001252e-15,-0.0714779007217915,0.0352031009379159
EDU,-0.06668496179975157,-0.04268901280859167,-0.018870935284258733,0.036245150587430205,0.126838029913037,0.07688779216682896,-0.0714779007217915,1.2212453270876722e-15,-0.025658451005423966
PINCP_DECILE,-0.08126960527980243,0.043640921373495706,-0.001259244668683851,0.02295751744140457,0.09626846649348109,-0.029179863859815785,0.0352031009379159,-0.025658451005423966,0.0
