,AGEP,HISP,MSP,NOC,NPF,OWN_RENT,PINCP_DECILE,POVPIP,PUMA,RAC1P,SEX
0,-0.4184082940980471,0.07317519200018308,-0.36073214733567216,0.5406571467877549,0.5055806361880881,0.1210487548195452,-0.31234783885455547,-0.11426033918891078,0.022956190466681924,0.1239803195330357,-0.019046616995424384
1,-0.2557920099086157,0.0016666730213681646,0.009929854513860185,-0.04968640505320074,0.03200620299598325,-0.6646642095559363,-0.17883989153404733,0.6670922851266564,-0.07846254514826126,0.07740749141303518,-0.007301103883568473
2,-0.29149741274466934,0.41824814681787054,0.395715579113863,-0.12821803866304599,-0.2779797203300365,0.130506255142027,-0.40992921037273394,-0.1687684628892574,-0.2718621601724565,0.3840814102712108,0.23411565107063823
3,0.05343975209419836,0.3857777712473696,-0.06015818723000499,0.027008586046662786,0.06677477280481783,0.09026285570298254,0.4103912842664166,0.13367331415554892,-0.26554517621050244,0.4074950173691114,-0.639147078992938
4,-0.17424820983452644,0.26530503985093784,0.23743616905609546,-0.07779795887900881,-0.037668317743940485,-0.05257212104997808,-0.10699927780711928,-0.057013507048679926,0.8354238387356869,-0.039270212451155244,-0.34418757239761544
