,AGEP,DEYE,DVET,EDU,HOUSING_TYPE,MSP,OWN_RENT,PINCP_DECILE,RAC1P,SEX
0,-0.5003671965995969,0.03900010057801129,-0.09147255741886577,-0.5717285720585462,0.028571268082508205,-0.23289866092055503,0.0675330737516514,-0.5718403334470058,0.16142351159960272,0.013897306588227944
1,-0.03675130220352506,-0.009456974854132535,-0.02075755036664237,-0.009303160616241294,0.7107583250013609,0.23447166211410825,-0.6402728025062308,-0.11921538103751836,-0.0920732595181078,-0.07245047965053845
2,0.09901175711451568,-0.2779127426599097,0.6235894739239654,-0.1604642273035831,-0.06821032417491377,-0.3925356471229523,-0.14847233213293923,0.012234921473093907,-0.24609473311526855,-0.5068089898784701
3,-0.11347758108069564,-0.34360233153170633,0.2287526964139081,0.017965216400228634,0.0969159508768005,0.5511477770143656,0.2765624299491438,-0.018082836577407307,0.5527299875731501,-0.3477484030131584
4,0.23737997636267102,-0.7955381192427413,-0.04165471474757819,-0.09690685272827254,0.003113264186990955,-0.017539553050386653,-0.01847310658804821,-0.16340211137630595,-0.08018248525370504,0.5156119949550868
