,EDU,HISP,INDP_CAT,MSP,OWN_RENT,PINCP_DECILE,PUMA,RAC1P,SEX
0,-0.575786843933052,0.06559621868644627,-0.5141938332553491,-0.27286967958738384,-0.02267174161756889,-0.5612568911504169,0.020403976696721594,0.08960660596565156,0.036667620896030415
1,0.017030301641701467,0.6184436714821463,0.1185229811742764,0.1815082636906398,0.20248105242787695,-0.06517823296749092,-0.4003205814922286,0.601496926572959,0.05424525681745086
2,-0.018228842236508076,-0.06572759874428374,0.10657145973912924,0.4628252646670217,-0.5015049458213839,-0.270225310752568,-0.1348887615446902,-0.10102759843425424,0.6456410825976889
3,-0.04154568258569181,0.11622791106426393,-0.036073459998692575,0.18129651282593895,-0.7187839530939866,0.010864233334595588,0.008139862360939408,0.14065669961475658,-0.6434099327581642
4,-0.06316752979119195,0.43095669291447214,0.13171436987063503,0.15381880983238627,0.0287883640742402,-0.03641624723977238,0.8685452527883897,0.041254670460700096,0.10511695190816062
