,EDU,HISP,INDP_CAT,MSP,OWN_RENT,PINCP_DECILE,PUMA,RAC1P,SEX
0,-0.5711275826037829,0.09765649436928103,-0.500444253098502,-0.29828622168924096,0.004362825624501361,-0.5535746002048512,0.057163613945357454,0.12286875986066885,0.005393499728211095
1,-0.025747737539155414,0.5862344447408919,0.20355365568546935,0.20483595690526296,0.49800452564232084,-0.033267289279769185,0.035718054410580645,0.5505229960803348,0.13714153676526591
2,-0.027387643779076844,0.2879531448740126,0.10222790078216892,-0.23418829899428567,-0.028306563639925994,0.14753638134549577,0.8607935323039911,-0.23521682401784236,-0.1793808666446435
3,-0.011289996827380163,0.12662160088743024,-0.09007063761035332,0.0888490747364892,-0.1513637270699967,0.09636782792189941,-0.1539516847761189,0.2473856620091031,-0.922352484235437
4,0.04110511941978045,0.3404424175276363,-0.014689687027021892,0.3471448576965216,-0.8096861230088357,-0.11316330943766943,0.07429342428192921,0.1773301091845858,0.23732036883591967
