,feature,divergence
1,AGEP,8.543195977598199
10,POVPIP,7.547532734121992
5,RAC1P,6.06989662775243
6,NOC,5.288581959262851
7,NPF,4.455819881053525
9,PINCP_DECILE,4.1360896005495675
3,MSP,3.5283102872554477
4,HISP,2.86732381192215
8,OWN_RENT,0.915337928156339
0,PUMA,0.53733217424901
2,SEX,0.005402480496045525
