,AGEP,HISP,MSP,NOC,NPF,OWN_RENT,PINCP_DECILE,POVPIP,PUMA,RAC1P,SEX
0,-0.3771297048318145,0.10413523716016937,-0.3314779708948431,0.5079493510979789,0.4785791057231922,0.1955413097646245,-0.3508381593954957,-0.2510332787998799,0.08098020901853512,0.13530945076501,0.02815887984840581
1,0.05217897352424492,0.24807681582745417,0.38321958823988406,-0.12304575686134037,-0.2486302288219408,0.5784354225419204,-0.06139564421859389,-0.5542800656460342,-0.05828465728733273,0.22155712006781453,0.11769763512410233
2,-0.43936346916089264,0.31840414482310586,0.2641064334945758,-0.16668641207367108,-0.15586776602492686,-0.306412213800587,-0.39987663378438465,0.29831913007042654,-0.19432893443510446,0.4450536162784212,-0.07160088936239387
3,0.17623700639529247,0.6169614406085179,-0.10171802336394363,-0.01807741156172693,0.08682112931289224,-0.02441199542756088,0.30000688005161,0.10596731672846849,0.6035702499803876,0.22463869077169674,-0.23129873958018657
4,0.04670494665941451,0.1264815427285097,-0.0004449587316968911,-0.09334062214149298,-0.049240919725062594,-0.19457502251121905,-0.23857217577582493,0.007353049551730327,0.35551282724199756,-0.15737767160475777,0.8512910417539092
