,PUMA,SEX,MSP,HISP,RAC1P,OWN_RENT,INDP_CAT,EDU,PINCP_DECILE
PUMA,4.3298697960381105e-15,-0.14530968599370223,-0.21477004166841993,,-0.3392883051919947,0.04385129151192402,-0.002592906275688589,-0.13701618808914223,-0.01679661695527608
SEX,-0.14530968599370223,2.5868196473766147e-14,-0.10095008843404202,,0.10001307069442111,-0.07887439136386683,-0.3911813478835788,-0.2926681062740188,-0.2849222545030247
MSP,-0.21477004166841993,-0.10095008843404202,-9.992007221626409e-16,,0.07140941054790742,-0.5439038927618879,-0.09975253594237951,0.23265169762915616,0.053437454368276044
HISP,,,,,,,,,
RAC1P,-0.3392883051919947,0.10001307069442111,0.07140941054790742,,-9.992007221626409e-16,0.10069033871664562,-0.1065254939735123,0.09632336432666778,0.05879206609579683
OWN_RENT,0.04385129151192402,-0.07887439136386683,-0.5439038927618879,,0.10069033871664562,-1.1102230246251565e-15,0.03513423759495171,-0.12044292704813005,0.06424417400610327
INDP_CAT,-0.002592906275688589,-0.3911813478835788,-0.09975253594237951,,-0.1065254939735123,0.03513423759495171,0.0,0.2762262846718625,0.36061449759483155
EDU,-0.13701618808914223,-0.2926681062740188,0.23265169762915616,,0.09632336432666778,-0.12044292704813005,0.2762262846718625,-1.2212453270876722e-15,0.1348922982448445
PINCP_DECILE,-0.01679661695527608,-0.2849222545030247,0.053437454368276044,,0.05879206609579683,0.06424417400610327,0.36061449759483155,0.1348922982448445,6.5503158452884236e-15
