,SEX,MSP,RAC1P,HOUSING_TYPE,OWN_RENT,EDU,PINCP_DECILE,DVET
SEX,0.0,0.0012455463191092169,-0.01852543443329792,0.029331347956058722,-0.014584703436004109,-0.013451235497343696,0.024272321515313285,0.07635380912977596
MSP,0.0012455463191092169,-1.1102230246251565e-16,-0.034150786772971856,-0.15328550272414992,-0.026179918661675655,-0.0936405946145167,-0.0752239921828783,0.016082668344182836
RAC1P,-0.01852543443329792,-0.034150786772971856,0.0,0.2829594969494072,-0.1820342638422665,0.05941464612995226,0.09713493676560776,0.385536130263393
HOUSING_TYPE,0.029331347956058722,-0.15328550272414992,0.2829594969494072,0.0,0.23685654829662292,-0.00887523712985712,0.10663602065567099,0.4653012682507364
OWN_RENT,-0.014584703436004109,-0.026179918661675655,-0.1820342638422665,0.23685654829662287,1.1102230246251565e-16,0.03525554736713032,0.008064140787690428,-0.12649008378608836
EDU,-0.013451235497343696,-0.09364059461451667,0.05941464612995227,-0.00887523712985712,0.03525554736713032,0.0,-0.2821700333286601,-0.07365846410211808
PINCP_DECILE,0.024272321515313285,-0.07522399218287831,0.09713493676560778,0.106636020655671,0.008064140787690431,-0.2821700333286601,0.0,-0.020195096214050655
DVET,0.07635380912977598,0.016082668344182836,0.38553613026339306,0.4653012682507365,-0.12649008378608836,-0.0736584641021181,-0.020195096214050655,0.0
