,AGEP,DEYE,DVET,EDU,HOUSING_TYPE,MSP,OWN_RENT,PINCP_DECILE,RAC1P,SEX
0,-0.5003671965995973,0.03900010057801073,-0.09147255741886669,-0.5717285720585459,0.02857126808250876,-0.23289866092055447,0.06753307375165146,-0.5718403334470058,0.16142351159960266,0.01389730658822793
1,-0.036751302203525085,-0.00945697485413129,-0.020757550366643385,-0.009303160616240877,0.7107583250013614,0.2344716621141092,-0.6402728025062305,-0.11921538103751739,-0.09207325951810659,-0.07245047965053869
2,0.09901175711451471,-0.27791274265990906,0.6235894739239621,-0.1604642273035841,-0.06821032417491243,-0.392535647122952,-0.14847233213294003,0.01223492147309499,-0.24609473311527,-0.5068089898784747
3,-0.1134775810807167,-0.3436023315316343,0.2287526964139103,0.017965216400236933,0.09691595087680027,0.5511477770143671,0.27656242994914626,-0.01808283657739107,0.5527299875731575,-0.34774840301320714
4,0.23737997636266167,-0.7955381192427715,-0.041654714747551,-0.09690685272827143,0.0031132641870018213,-0.017539553050337234,-0.018473106588023966,-0.1634021113763079,-0.08018248525365258,0.5156119949550572
