,AGEP,DEAR,DENSITY,DEYE,DPHY,DREM,DVET,EDU,HISP,HOUSING_TYPE,INDP_CAT,MSP,NOC,NPF,OWN_RENT,PINCP,PINCP_DECILE,POVPIP,PUMA,RAC1P,SEX
0,-0.3043565523992099,0.034695281307882325,-0.02271388494583956,0.019934245827946645,-0.3051725355145162,-0.3134326561812672,-0.024171901456063172,-0.37160104411739153,0.033161681480741355,-0.07935237071407684,-0.25883234476225164,-0.2539751573513363,0.2938649845616544,0.24417387225404383,0.04645139332999919,0.4202707874810558,-0.3232856724136016,-0.05896721957907941,0.018941681725567157,0.056213831328511175,-0.0064600718007072665
1,-0.04806108362630161,-0.08142979465982504,0.03332866868334364,-0.09953971447520837,-0.18934924975483114,-0.19968483775609147,0.0033787756320829516,-0.1669234850409228,0.020139071520940754,0.5430051784195741,-0.12640107165838063,0.2019265491153545,-0.30909002009652276,-0.319525078042263,-0.40488164308725055,0.02118947290307938,-0.21371360256326707,0.33100833572747707,-0.07341744638529438,0.007958213225759169,0.04149731800326507
2,0.35680882447359963,-0.39654886329981026,0.0006631703251980016,-0.29670865665124385,-0.2930463923948397,-0.24998970070074478,0.14699896318831698,-0.07721123805532251,-0.08899693820835944,-0.19425774320809844,-0.22261883918074812,0.00637210652855999,-0.22274122958581333,-0.2616077854398126,0.28498483587736667,-0.06470519857171539,0.006579988570464809,-0.3398230611578889,0.0945347181395212,-0.16697408674014874,0.020170103234874767
3,-0.1816215575310764,0.15840819971485925,0.35237541871369854,0.08999950628534018,0.03204514168506611,0.011706035762784145,-0.13876194334120315,-0.08265885446638334,0.3148249096582911,0.017832923828119997,0.058637605602913,0.34702629841011046,-0.08980538038178251,-0.2316551316522762,0.36395347887786955,-0.02210699053611121,-0.20101533271912253,-0.3357485061450258,-0.31333144805804247,0.2957902635191007,0.16006187040912181
4,0.09740907918159221,-0.33518450328126836,0.3700111278506322,-0.22779354034733237,0.0908466628243769,0.11554106214446015,0.3096077191776354,0.06699766661868957,0.2057724885327804,0.019191740037404297,-0.14253088441251077,-0.2434212380089883,0.0900953953898731,0.12627037605371025,-0.04794059925170603,0.05056335595862028,0.09772648241451502,0.17922009488726134,-0.40557253408765337,0.3185857317097559,-0.3294905418368882
