,AGEP,DEAR,DENSITY,DEYE,DPHY,DREM,DVET,EDU,HISP,HOUSING_TYPE,INDP_CAT,MSP,NOC,NPF,OWN_RENT,PINCP,PINCP_DECILE,POVPIP,PUMA,RAC1P,SEX
0,-0.2877692495844416,0.031249303972635124,-0.048775517795547216,0.009460777153189635,-0.2924652412194735,-0.3062731780762225,-0.027543400996534236,-0.3665631900550631,0.042785523901571955,-0.09323636720987437,-0.24374104644934405,-0.2679521705264061,0.29832050542083793,0.27062465031888744,0.07654813215851286,0.40404661792635366,-0.3200769753321631,-0.1311622059187969,0.046708905197080354,0.06606490664610253,0.0007143656962207021
1,-0.057357855037635005,-0.07214130952783035,-0.03604926250944361,-0.049568878304572295,-0.20177772784006773,-0.2054742257095112,0.0030180242338295454,-0.13900632934381374,-0.06821531943345284,0.5403051352259539,-0.20108187693786636,0.07441838328765706,-0.27657283912769953,-0.24653794737003987,-0.46811395259224237,0.06549473412480476,-0.16056865038577198,0.3802127170580515,-0.06101954571474358,-0.06303791926300065,-0.0647566862905973
2,0.24310652617751516,-0.19327015930540054,-0.4798300777820108,-0.06620955628326099,-0.008726311966221229,0.009732970030499916,0.17317946535771597,0.0973116254736564,-0.3280956221767449,-0.1435751403530628,-0.05793139090703349,-0.36448840919285064,0.12656085617900958,0.20422618617823765,-0.25087542975076804,0.016977099440495386,0.21314140180845326,0.13637950200621565,0.23648536352617966,-0.34210694536427066,-0.08295472500378148
3,0.28914795930742593,-0.4345395428596162,0.009303832713135278,-0.4194804330273013,-0.3098295683008765,-0.2602013924478527,0.1510274611320213,-0.08756078212759423,-0.008663008195687636,-0.15957118099899048,-0.14200312638668103,0.1205817347734324,-0.22062364369549778,-0.26024224308063015,0.2470271881903268,-0.10834492256235773,-0.021794958794837158,-0.32615938519278787,-0.008510383473325276,-0.03167203368484432,0.0028116224029959085
4,-0.016706943449885645,-0.17517714157715275,-0.2973859979508601,-0.1877041235503293,0.43697345699946244,0.4415723097798975,-0.030146469037907596,-0.20324745612597214,0.12443976625611206,0.14394778019202872,-0.28703558028834525,0.17254103484767944,0.027490931906463748,0.031018566702814936,-0.10007633424550628,-0.0425692335300609,-0.38251008492969096,-0.24977417978679836,0.20714265721956787,0.05123955373287414,0.03265405212876263
