,feature,divergence
1,AGEP,7.47165817691252
9,PINCP_DECILE,3.6360634480658733
7,NPF,1.8518499072421157
10,POVPIP,1.6419827614891152
0,PUMA,1.2226141980337841
3,MSP,0.9503107417350052
6,NOC,0.4384141797332874
8,OWN_RENT,0.24696045894043514
4,HISP,0.20479915181931097
5,RAC1P,0.17377036124693285
2,SEX,0.13648114726110927
