,AGEP,DEYE,HISP,MSP,NOC,NPF,OWN_RENT,PINCP_DECILE,POVPIP,PUMA,RAC1P,SEX
0,-0.4202983801456888,0.10319236608506877,0.0715295175998198,-0.3574241131440502,0.5379069442938613,0.50307397492467,0.12043262353163844,-0.30669828697669343,-0.11153736595100616,0.021651918074335447,0.124592504157149,-0.020107113687656275
1,-0.2557105820770591,0.03645415643114058,0.0002685807166426385,0.013037730878058432,-0.052350110199852834,0.029409607641185664,-0.6636930658262259,-0.17305816280514486,0.668256787821238,-0.07973791941448305,0.07784410669339423,-0.009224452460775696
2,-0.2914014067044803,-0.010066805504420198,0.4184420552435271,0.39474562689677195,-0.12768387961819827,-0.2773323736399003,0.12942409398013996,-0.4119433156033555,-0.1685679139371412,-0.2712330904459234,0.3835999672345008,0.23509623618169082
3,0.02154401443112014,0.2980778779314982,0.3226021634757173,-0.013193977401962913,0.01378313676575324,0.04269660798620199,0.11064253899148623,0.4290537799163791,0.12695394557312584,-0.2714331565375637,0.3824329410849593,-0.6099582668773996
4,0.17213391515093787,-0.8323737083413298,0.3956843019358611,-0.1933387301687836,0.015062115880600191,0.08233891471181387,-0.0808238234304339,0.01075574071186719,0.029544008315227382,0.14152956034199815,0.17543940389979618,-0.13505851921898354
