,feature,divergence
1,AGEP,1.0181936322287197
9,PINCP_DECILE,0.2698566640519146
7,NPF,0.1948724789017476
10,POVPIP,0.08945808716359245
6,NOC,0.04886991028295377
3,MSP,0.04171977209767896
2,SEX,0.02862985685071573
0,PUMA,0.028156140225105708
8,OWN_RENT,0.02034474424243357
5,RAC1P,0.010414099683506072
4,HISP,0.009799467683236963
