,PUMA,SEX,MSP,HISP,RAC1P,OWN_RENT,INDP_CAT,EDU,PINCP_DECILE
PUMA,1.9984014443252818e-15,-0.002108019618190028,0.009040973672651428,-0.05049607855431521,0.01472218007862245,-0.01567972682199893,0.02869783291069236,0.06584278655477716,0.0440075932245446
SEX,-0.002108019618190028,-5.662137425588298e-15,-0.02560305393944283,0.012262837244229462,0.00293111714405646,-0.013041107402761123,-0.017817463971013824,-0.048200615191391474,0.035580035014556935
MSP,0.009040973672651428,-0.02560305393944283,-1.7763568394002505e-15,0.05013234231935699,0.11218419847872634,0.1385113852528373,-0.2538769740427458,-0.37656632446512517,-0.3208020160352879
HISP,-0.05049607855431521,0.012262837244229462,0.05013234231935699,2.3314683517128287e-15,-0.11163036879857076,-0.027518473303084573,0.00997605096683694,0.058379848629867045,0.011519334457173125
RAC1P,0.01472218007862245,0.00293111714405646,0.11218419847872634,-0.11163036879857076,-4.9960036108132044e-15,-0.03099056109427012,0.03290973631011062,0.047893477371729415,0.030141290403406698
OWN_RENT,-0.01567972682199893,-0.013041107402761123,0.1385113852528373,-0.027518473303084573,-0.03099056109427012,3.774758283725532e-15,-0.047515557954765586,0.03644140816704408,-0.020610985581800755
INDP_CAT,0.02869783291069236,-0.017817463971013824,-0.2538769740427458,0.00997605096683694,0.03290973631011062,-0.047515557954765586,2.220446049250313e-15,-0.4433474941558863,-0.48331524068347226
EDU,0.06584278655477716,-0.048200615191391474,-0.37656632446512517,0.058379848629867045,0.047893477371729415,0.03644140816704408,-0.4433474941558863,1.2212453270876722e-15,-0.4905607088970805
PINCP_DECILE,0.0440075932245446,0.035580035014556935,-0.3208020160352879,0.011519334457173125,0.030141290403406698,-0.020610985581800755,-0.48331524068347226,-0.4905607088970805,-1.2212453270876722e-15
