,AGEP,DEAR,DEYE,DPHY,DREM,DVET,EDU,HISP,HOUSING_TYPE,INDP,INDP_CAT,MSP,NOC,NPF,OWN_RENT,PINCP,PINCP_DECILE,POVPIP,PUMA,PWGTP,RAC1P,SEX,WGTP
0,-0.2602463776253545,0.019037145378822194,0.0005206985570868341,-0.2764273182451279,-0.2868763031852399,-0.024067858173728536,-0.3571257223290629,0.04206642837648354,-0.07975483905180758,-0.28236395423969174,-0.279359710663938,-0.2473392496562686,0.27005845623109903,0.2422941938417619,0.07109204024526906,0.38328828118366637,-0.3166753573112533,-0.12647724213282277,0.03549506510364117,0.07668272856273825,0.0632077762794668,-0.003385992552174549,0.08351055154079365
1,-0.02756145978624833,0.07125526443313591,0.03944208909162586,0.11132883392851164,0.10708404737958488,-0.01204790666492573,0.08082854155757857,0.08510631984630827,-0.4138183538664383,0.23864676851321437,0.2366366614164031,-0.0003703463707103163,0.20341381107918044,0.16011573419027694,0.4289754309429135,-0.04599056216186777,0.11223966690289805,-0.3214091323871756,0.029474712118820898,0.35084329415195314,0.06952511134543943,0.050356099489908865,0.4126132800702277
2,0.14334696764500685,-0.25340039306220463,-0.25718181776429194,-0.12761792875480027,-0.09713122300405172,0.049526466037654336,-0.11135178916415005,0.06019410109334217,0.12858322674432116,-0.23248696267723917,-0.23322200275288202,0.3070364746147736,-0.32794293301469757,-0.38077014121581015,0.107219203599849,-0.13108561066169794,-0.13340303391660752,-0.1620911652335677,-0.11327271659481074,0.37117811032398434,0.03373902598768211,-0.022738089109111632,0.32880452650124986
3,-0.4329521197422473,0.3669287403953383,0.2812330205375739,0.01237959078610737,-0.040372921380929114,-0.1900801889035643,-0.08676642917652834,0.16415639663009057,0.3771040165774848,0.21217754528952693,0.21187976725115293,0.24529472205817038,-0.0631077029692339,-0.10084226640896725,-0.11535066685730183,0.06709055586131377,-0.1580253984656801,0.21666189264648952,-0.09218891612138497,0.2581273450943883,0.16485166424964987,0.020114132644975566,0.16602043201256475
4,-0.0025961968009605638,-0.10628870042319451,-0.09231357499519323,-0.5490582266823086,-0.549968113593351,0.11750094240979109,0.03353397065302558,-0.12119117832934677,-0.039174145999960865,0.333465928871191,0.3326124498619745,-0.08587054614062727,-0.08850490979323006,-0.09477570122466414,0.01254026547361986,0.031921891312235,0.23048545587224464,0.12878083006037472,0.06572295368377067,0.029946154867544966,-0.1461728735550878,-0.03228430143509877,0.02370974000834202
