,PUMA,SEX,MSP,HISP,RAC1P,OWN_RENT,INDP_CAT,EDU,PINCP_DECILE
PUMA,2.6645352591003757e-15,0.051242301729911795,-0.019855908146574897,,,,-0.2566846100500263,-0.1778292965511395,-0.2742285850219743
SEX,0.051242301729911795,0.0,-0.22381420593565982,,,,-0.22704470860395878,-0.19909902894566311,-0.09035870801225407
MSP,-0.019855908146574897,-0.22381420593565982,-1.5543122344752192e-15,,,,-0.04945009797252409,0.15563748071940642,0.20546908909476597
HISP,,,,,,,,,
RAC1P,,,,,,,,,
OWN_RENT,,,,,,,,,
INDP_CAT,-0.2566846100500263,-0.22704470860395878,-0.04945009797252409,,,,1.0547118733938987e-14,0.3463613531988864,0.5079582550613402
EDU,-0.1778292965511395,-0.19909902894566311,0.15563748071940642,,,,0.3463613531988864,-1.7763568394002505e-15,0.1634754107939248
PINCP_DECILE,-0.2742285850219743,-0.09035870801225407,0.20546908909476597,,,,0.5079582550613402,0.1634754107939248,1.6653345369377348e-15
