,feature,divergence
1,AGEP,10.713710910070281
5,RAC1P,6.080154143601333
9,PINCP_DECILE,4.321756119643313
10,POVPIP,2.6418984704516757
7,NPF,1.821490220327639
8,OWN_RENT,1.1918836626367972
3,MSP,0.37297514054234704
0,PUMA,0.18600737475662138
6,NOC,0.15772012202384608
2,SEX,0.02433569193748275
4,HISP,0.001639344262295078
