,feature,divergence
7,EDU,3.1230323079193907
6,INDP_CAT,2.3384096124336575
8,PINCP_DECILE,1.5165591302484054
1,SEX,0.06976196166371629
0,PUMA,0.056353485066564235
2,MSP,0.05610621531756187
4,RAC1P,0.019785322655413284
3,HISP,0.01097106409804324
5,OWN_RENT,0.010678593038467729
