,AGEP,SEX,MSP,RAC1P,HOUSING_TYPE,OWN_RENT,EDU,PINCP_DECILE,DVET
AGEP,0.0,-0.021387067913242453,0.0603000471582226,0.03154348282352545,-0.03835841429766194,0.02267750693397934,-0.0016780607154092686,-0.011848061285188394,
SEX,-0.02138706791324246,0.0,-0.004332700130940928,-0.00898332089403243,0.05305157739357835,-0.04276780377246655,-0.02879835155808876,0.042067349320102296,
MSP,0.0603000471582226,-0.004332700130940928,-1.1102230246251565e-16,-0.09249826273004867,-0.1040358118708378,-0.04792106859929149,0.08657247705765939,0.11660325284998627,
RAC1P,0.03154348282352546,-0.008983320894032431,-0.09249826273004867,0.0,0.006712215971000171,-0.13119257206699664,0.0672386401450841,0.04472429685704897,
HOUSING_TYPE,-0.03835841429766193,0.05305157739357835,-0.10403581187083777,0.006712215971000171,0.0,0.23463990404574245,0.01439978782650336,0.07104541825229757,
OWN_RENT,0.022677506933979324,-0.04276780377246655,-0.04792106859929149,-0.13119257206699664,0.23463990404574242,1.1102230246251565e-16,0.020314699147566215,0.012694272482088742,
EDU,-0.0016780607154093796,-0.02879835155808876,0.08657247705765941,0.0672386401450841,0.01439978782650336,0.020314699147566218,0.0,-0.11216923921723426,
PINCP_DECILE,-0.011848061285188394,0.042067349320102296,0.11660325284998627,0.044724296857048984,0.07104541825229757,0.012694272482088745,-0.11216923921723426,0.0,
DVET,,,,,,,,,
