,PUMA,SEX,MSP,HISP,RAC1P,OWN_RENT,INDP_CAT,EDU,PINCP_DECILE
PUMA,-2.886579864025407e-15,-0.05548419700234243,0.10750157990102083,0.053765151326064076,-0.09290968947824169,0.02712901129950815,-0.060118158328854115,0.03096646749502993,-0.015603063754111773
SEX,-0.05548419700234243,-3.219646771412954e-15,-0.0311440962370058,0.07413039257114062,-0.011555831624745907,-0.07374538313507235,-0.010725308770209031,0.039564115156182925,-0.08911347113699575
MSP,0.10750157990102083,-0.0311440962370058,0.0,0.07690777355537087,-0.01939334333456169,0.259903923017355,-0.030191046975465402,-0.06050044296322127,-0.18079627940591006
HISP,0.053765151326064076,0.07413039257114062,0.07690777355537087,1.1102230246251565e-15,0.0020978324550868233,-0.024302909973814846,-0.0011655763202868836,0.09338791845098823,-0.0015408947078737328
RAC1P,-0.09290968947824169,-0.011555831624745907,-0.01939334333456169,0.0020978324550868233,5.551115123125783e-16,-0.009989857407872907,-0.02537119665283655,-0.016601532680854764,0.022187809009139053
OWN_RENT,0.02712901129950815,-0.07374538313507235,0.259903923017355,-0.024302909973814846,-0.009989857407872907,0.0,-0.0025015065648516938,0.00043002731441474373,-0.06657804977081345
INDP_CAT,-0.060118158328854115,-0.010725308770209031,-0.030191046975465402,-0.0011655763202868836,-0.02537119665283655,-0.0025015065648516938,0.0,0.1801943900145514,0.03753410447035643
EDU,0.03096646749502993,0.039564115156182925,-0.06050044296322127,0.09338791845098823,-0.016601532680854764,0.00043002731441474373,0.1801943900145514,-1.2656542480726785e-14,0.0928155708037327
PINCP_DECILE,-0.015603063754111773,-0.08911347113699575,-0.18079627940591006,-0.0015408947078737328,0.022187809009139053,-0.06657804977081345,0.03753410447035643,0.0928155708037327,-4.773959005888173e-15
