,PUMA,SEX,MSP,HISP,RAC1P,OWN_RENT,INDP_CAT,EDU,PINCP_DECILE
PUMA,1.1102230246251565e-16,0.010018250662017093,0.0018364428239797028,0.002920009903057432,-0.000620163803731099,-0.002345214488833413,0.008077147490014544,0.005024180615982261,0.0038300566786563205
SEX,0.010018250662017095,0.0,-0.016118831853526524,0.008936641960695477,0.004677006087433401,0.023818367979909175,-0.002880516193729265,-0.015279100173032023,-0.017676352766376385
MSP,0.0018364428239797028,-0.016118831853526524,0.0,-0.0026387828818444786,0.009716328400578678,0.011898146507322477,0.00189342131480158,-0.004482588973510088,0.012672764952720461
HISP,0.0029200099030574304,0.008936641960695475,-0.0026387828818444786,0.0,0.0017303548054674045,-0.007474632723875954,0.004803955976519544,0.018488778504230557,0.01724873135230283
RAC1P,-0.0006201638037311007,0.004677006087433402,0.009716328400578685,0.0017303548054673906,0.0,0.011872255547339478,-0.005271413676419637,-0.006715722051376161,0.00911503732138147
OWN_RENT,-0.00234521448883342,0.023818367979909175,0.011898146507322476,-0.007474632723875947,0.01187225554733947,0.0,-0.002587564328486669,2.5719971828500054e-05,-0.0018348201949194357
INDP_CAT,0.008077147490014541,-0.002880516193729265,0.0018934213148015244,0.0048039559765195375,-0.00527141367641964,-0.002587564328486669,-1.1102230246251565e-16,-0.025723658490401757,-0.004795089254786555
EDU,0.005024180615982261,-0.015279100173032023,-0.004482588973510115,0.01848877850423053,-0.0067157220513761745,2.5719971828500054e-05,-0.025723658490401813,0.0,-0.0014258663296738971
PINCP_DECILE,0.0038300566786563205,-0.017676352766376385,0.012672764952720433,0.01724873135230283,0.009115037321381483,-0.0018348201949194218,-0.004795089254786611,-0.0014258663296737861,0.0
