,feature,divergence
0,AGEP,11.586133878681505
6,EDU,3.168815442733735
7,PINCP_DECILE,1.7849839414811313
2,MSP,0.6017210473539513
3,RAC1P,0.13595668880981412
1,SEX,0.12318212499264825
5,OWN_RENT,0.10296675219626095
8,DVET,0.08852629043572148
4,HOUSING_TYPE,0.030557892857412297
9,DEYE,0.01155774315720036
