,feature,divergence
0,PUMA,5.196058712266852
6,INDP_CAT,3.4374687481440054
7,EDU,3.3684833785506
8,PINCP_DECILE,2.648254815764603
2,MSP,0.6253179069781097
4,RAC1P,0.20201608318463427
1,SEX,0.16586970844189985
5,OWN_RENT,0.09166214834078942
3,HISP,0.03229078736544326
