,feature,divergence
0,AGEP,3.6031371226176416
2,MSP,2.6413426625577645
3,RAC1P,1.787306434567859
5,OWN_RENT,1.6548933910544898
7,PINCP_DECILE,0.1297249334516415
6,EDU,0.12401948143509181
1,SEX,0.07470905788687654
4,HOUSING_TYPE,0.030786853117220188
8,DVET,0.0014566204049749833
9,DEYE,0.0005446035982788686
