,PUMA,SEX,MSP,HISP,RAC1P,OWN_RENT,INDP_CAT,EDU,PINCP_DECILE
PUMA,2.220446049250313e-16,-0.2200998757323274,0.06594827402733228,0.13496411879994796,0.06292885514869914,0.009827118818440686,0.12553352912931698,0.027030732369305262,0.15168131559243592
SEX,-0.2200998757323274,1.0103029524088925e-14,-0.006788627586788517,-0.02296108289767692,0.12135133786964783,-0.2395017985301331,0.05505597984232158,0.01752445112881633,-0.11718892785034499
MSP,0.06594827402733228,-0.006788627586788517,4.440892098500626e-15,0.22421143799648563,0.14342118453773484,-0.0929363151812362,0.09315551143336342,-0.12285953421270285,0.03187899468693592
HISP,0.13496411879994796,-0.02296108289767692,0.22421143799648563,-2.220446049250313e-16,-0.18501331531747336,-0.060533711951523544,0.13246846089213687,-0.011834076312701225,0.09471293055479409
RAC1P,0.06292885514869914,0.12135133786964783,0.14342118453773484,-0.18501331531747336,0.0,-0.10348656710202246,0.1405132963724306,0.12972545951133901,0.3014620009401989
OWN_RENT,0.009827118818440686,-0.2395017985301331,-0.0929363151812362,-0.060533711951523544,-0.10348656710202246,5.773159728050814e-15,0.05313471800221647,-0.0070027505036425325,0.0690349019032497
INDP_CAT,0.12553352912931698,0.05505597984232158,0.09315551143336342,0.13246846089213687,0.1405132963724306,0.05313471800221647,4.6629367034256575e-15,-0.17796688898932778,-0.03047489759473998
EDU,0.027030732369305262,0.01752445112881633,-0.12285953421270285,-0.011834076312701225,0.12972545951133901,-0.0070027505036425325,-0.17796688898932778,0.0,-0.14692288847388413
PINCP_DECILE,0.15168131559243592,-0.11718892785034499,0.03187899468693592,0.09471293055479409,0.3014620009401989,0.0690349019032497,-0.03047489759473998,-0.14692288847388413,0.0
