,AGEP,SEX,MSP,RAC1P,HOUSING_TYPE,OWN_RENT,EDU,PINCP_DECILE,DVET
AGEP,5.551115123125783e-16,-0.07327235102079324,0.00019122699828716394,0.017948389605128415,-0.035785687905106764,0.07104141653517218,-0.043194639897117026,-0.017881521027423686,-0.0558407411871108
SEX,-0.07327235102079324,-1.3988810110276972e-14,0.04461287687709221,0.017182037052198056,0.0017414025684894304,-0.01998101269461394,-0.04924098142290059,0.001661443146426217,0.10559034198062862
MSP,0.00019122699828716394,0.04461287687709221,0.0,-0.013187959073048585,-0.008731344460218282,0.0030901273434920003,0.009607751955732213,0.021484329154346338,-0.00638209814108831
RAC1P,0.017948389605128415,0.017182037052198056,-0.013187959073048585,0.0,-0.018249625619964988,-0.01179648109751074,0.013656549316885078,0.027634758883129218,0.0008759723560019979
HOUSING_TYPE,-0.035785687905106764,0.0017414025684894304,-0.008731344460218282,-0.018249625619964988,3.5416114485542494e-14,0.011384597775447591,0.03972792099677424,0.0978643097400077,0.004756117238028629
OWN_RENT,0.07104141653517218,-0.01998101269461394,0.0030901273434920003,-0.01179648109751074,0.011384597775447591,0.0,0.012999516864891189,-0.007106075253927077,0.001831456929974641
EDU,-0.043194639897117026,-0.04924098142290059,0.009607751955732213,0.013656549316885078,0.03972792099677424,0.012999516864891189,1.6653345369377348e-15,-0.19356662227318872,-0.09109908101596939
PINCP_DECILE,-0.017881521027423686,0.001661443146426217,0.021484329154346338,0.027634758883129218,0.0978643097400077,-0.007106075253927077,-0.19356662227318872,0.0,-0.10954919679242091
DVET,-0.0558407411871108,0.10559034198062862,-0.00638209814108831,0.0008759723560019979,0.004756117238028629,0.001831456929974641,-0.09109908101596939,-0.10954919679242091,-1.7985612998927536e-14
