,DVET,EDU,HOUSING_TYPE,MSP,OWN_RENT,PINCP_DECILE,RAC1P,SEX
0,-0.09031920309990993,-0.6526079752061533,-0.06349458514777502,-0.345815683219358,0.10305849230679247,-0.6267725044602114,0.18780472030073295,0.05991481447898306
1,-0.03223277540441505,-0.09494912511477813,0.7070728781467986,0.18370880157884212,-0.6381895809962028,-0.20106775295699458,-0.06955819892601842,-0.06076353702854237
2,0.6191160860933843,-0.10489808312742271,-0.07171062381599527,-0.37688464205704847,-0.142295186465334,0.07709388088563357,-0.25646924805123644,-0.6054249378352969
3,0.22628227339519486,-0.031051272501166613,0.1070009077716884,0.4467506861810254,0.21624730141007534,-0.04654458456248421,0.7181067812911118,-0.4149579958266429
4,0.740056850637382,0.023716331941205704,0.05307972837067507,0.07121889655772282,-0.006103888259120779,-0.08754464201720566,0.0898529854643639,0.6542850478487726
