,AGEP,DEAR,DENSITY,DEYE,DPHY,DREM,DVET,EDU,HISP,HOUSING_TYPE,INDP_CAT,MSP,NOC,NPF,OWN_RENT,PINCP,PINCP_DECILE,POVPIP,PUMA,RAC1P,SEX
0,-0.3043560745720335,0.03469538957448428,-0.022714120087736073,0.019934403516502625,-0.3051723941688793,-0.3134323603997976,-0.02417213742235043,-0.37160272261919036,0.0331616844821379,-0.0793538765129761,-0.2588313486424149,-0.25397551820294717,0.2938619747392356,0.244175603278905,0.04645198407362547,0.4202702047711686,-0.32328702287425415,-0.05896586999600133,0.01894131734270711,0.05621407668144846,-0.006460311320705508
1,-0.04804487284967192,-0.08142532980592133,0.03332064318291069,-0.09953464721104105,-0.18934640985276982,-0.19967561498725453,0.0033706216121700792,-0.1669689877953533,0.020140049671877998,0.54294884072722,-0.12636899640110213,0.20191686985915538,-0.309188533890936,-0.31947077303983756,-0.40486396170148237,0.02117133471111712,-0.21376778084512216,0.3310556799792922,-0.0734292723012613,0.007965501622407264,0.04148679082624209
2,0.35681797877634847,-0.3965563270209913,0.0006708261808379707,-0.2966982126891806,-0.2930504079038897,-0.24999360728205688,0.1470005103232256,-0.07718960068875375,-0.08899501724616676,-0.19423766006813384,-0.22259211027962952,0.006346478008494305,-0.22275467498939305,-0.261594603526112,0.2849886021447899,-0.06471036992643318,0.006543409943164075,-0.3398377493416217,0.09455103162787937,-0.16696898237128135,0.020167434938072302
3,-0.18160130552949744,0.15832258459868037,0.3523313027265311,0.09010711855867756,0.032005294346811014,0.01165191869571431,-0.13881135973248862,-0.08225325252508817,0.31483095155197477,0.018191546283162094,0.05872035672022683,0.346723345491667,-0.09001269353122823,-0.2314260924533002,0.3642686035995966,-0.022230613432504008,-0.20143496190375076,-0.3357746238870668,-0.31321916241025777,0.29582244538784513,0.16001695935865848
4,0.09701261528882758,-0.33511691776810315,0.3700153558959459,-0.2281295375210945,0.09088748741194506,0.11553894727224548,0.30967724919679157,0.06762361016523989,0.20563344745892853,0.019253440478152452,-0.14328570801942647,-0.24283130808899908,0.09137611945356353,0.12542853971380954,-0.048383340055162934,0.05091696499060343,0.09836270336823982,0.17885417346444293,-0.40576146400360996,0.31829593100781645,-0.32933306931505635
