,feature,divergence
1,AGEP,9.246737841043892
9,PINCP_DECILE,2.1549170169650482
10,POVPIP,1.7274331079094385
7,NPF,1.4275114234045199
3,MSP,0.7900351452051899
0,PUMA,0.4012841756420878
6,NOC,0.397522306139992
8,OWN_RENT,0.2528877178099254
4,HISP,0.20147055887636744
5,RAC1P,0.18044972966337505
2,SEX,0.0034585816530959823
