,feature,divergence
1,AGEP,3.9363824289405684
9,PINCP_DECILE,2.2296867391657207
10,POVPIP,0.5938238899124523
0,PUMA,0.5231700330889462
2,SEX,0.4342773879911061
7,NPF,0.3369962061685476
3,MSP,0.3006419030365549
6,NOC,0.2128235162536501
8,OWN_RENT,0.1724044148418288
5,RAC1P,0.07988344303907594
4,HISP,0.020425703936342236
