,AGEP,DEYE,DVET,EDU,HOUSING_TYPE,MSP,OWN_RENT,PINCP_DECILE,RAC1P,SEX
0,-0.5003671965995964,0.039000100578010954,-0.09147255741886554,-0.5717285720585457,0.028571268082506568,-0.232898660920557,0.06753307375165253,-0.5718403334470055,0.16142351159960286,0.013897306588228124
1,-0.036751302203526424,-0.009456974854132563,-0.02075755036664433,-0.009303160616242905,0.7107583250013609,0.23447166211410783,-0.6402728025062306,-0.11921538103751957,-0.09207325951810841,-0.07245047965053748
2,0.09901175711451404,-0.27791274265990074,0.6235894739239651,-0.16046422730358198,-0.06821032417491286,-0.39253564712295375,-0.14847233213294161,0.012234921473096239,-0.2460947331152706,-0.5068089898784746
3,-0.113477581080705,-0.3436023315316764,0.22875269641390814,0.01796521640023105,0.09691595087680052,0.5511477770143646,0.2765624299491433,-0.018082836577400646,0.5527299875731525,-0.3477484030131846
4,0.23737997636266772,-0.7955381192427564,-0.041654714747558844,-0.0969068527282737,0.003113264186994494,-0.017539553050367584,-0.018473106588037733,-0.16340211137630684,-0.0801824852536837,0.5156119949550705
