,PUMA,SEX,MSP,HISP,RAC1P,OWN_RENT,EDU,PINCP_DECILE
PUMA,0.0,0.00692552320386931,0.06651564948771652,-0.011218327288351745,0.08346987325241577,0.020677036970716746,0.06123626960387393,-0.0027918715481590837
SEX,0.00692552320386931,0.0,0.0050385401022617375,0.002151378144890942,0.007096372854229406,-0.03915118692166687,-0.03861415116367909,0.06052756476895349
MSP,0.06651564948771652,0.0050385401022617375,-2.220446049250313e-16,-0.003435289866461552,-0.009095733352895118,-0.04249922093837105,-0.18061991637285102,-0.14296978506084076
HISP,-0.011218327288351745,0.002151378144890942,-0.003435289866461552,2.220446049250313e-16,-0.07583701105680535,-0.1220752466255931,0.13117692962840752,0.09029425588362149
RAC1P,0.08346987325241577,0.007096372854229406,-0.009095733352895118,-0.07583701105680535,0.0,-0.1469070094645326,0.14017258414394262,0.13549817881547277
OWN_RENT,0.020677036970716746,-0.03915118692166687,-0.04249922093837105,-0.12207524662559312,-0.1469070094645326,1.1102230246251565e-16,0.005222973413029013,0.002020971311971726
EDU,0.06123626960387393,-0.038614151163679084,-0.180619916372851,0.13117692962840752,0.14017258414394262,0.0052229734130290195,0.0,-0.01601636314137822
PINCP_DECILE,-0.002791871548159083,0.06052756476895349,-0.14296978506084076,0.09029425588362149,0.13549817881547277,0.002020971311971733,-0.01601636314137822,0.0
