,feature,divergence
1,AGEP,0.4662181468685873
10,POVPIP,0.20620877322430137
9,PINCP_DECILE,0.04022835063337493
7,NPF,0.02058140335491907
0,PUMA,0.013029325344241616
6,NOC,0.01055896932695757
3,MSP,0.009178271631036988
5,RAC1P,0.004483895238465704
4,HISP,0.0044692362150331255
2,SEX,0.0024834513548342985
11,DEYE,0.0013596808883482997
8,OWN_RENT,0.00017684131443198095
