,feature,divergence
1,AGEP,5.975106149842488
9,PINCP_DECILE,0.9056933842239185
7,NPF,0.5952134050993365
10,POVPIP,0.2384675745492079
6,NOC,0.16255363638343756
3,MSP,0.14496276896613192
5,RAC1P,0.1069517292419481
2,SEX,0.05140243189731197
8,OWN_RENT,0.04951459098810071
0,PUMA,0.02493964672206528
4,HISP,0.0101193659583512
11,DEYE,0.0003310141207326471
