,feature,divergence
1,AGEP,4.920399011622587
9,PINCP_DECILE,3.067484008528785
7,NPF,1.0070206177413565
3,MSP,0.6852461809531345
10,POVPIP,0.6219369698927375
0,PUMA,0.2592362116471303
8,OWN_RENT,0.1975294426379527
2,SEX,0.17836955975095814
6,NOC,0.1467690514083315
5,RAC1P,0.10769196633945807
4,HISP,0.04403719912472648
