,feature,divergence
1,AGEP,2.3058904556493998
0,PUMA,1.8320816398816677
9,PINCP_DECILE,1.0674935358758888
10,POVPIP,0.5155767015042124
7,NPF,0.3133631599994576
2,SEX,0.261790796287936
3,MSP,0.19792650325547845
6,NOC,0.08988105083972116
5,RAC1P,0.04070639032617585
8,OWN_RENT,0.027345659403955003
4,HISP,0.01518871347863852
