,AGEP,DEYE,DVET,EDU,HOUSING_TYPE,MSP,OWN_RENT,PINCP_DECILE,RAC1P,SEX
0,-0.5003671965995976,0.039000100578011176,-0.09147255741886585,-0.5717285720585461,0.02857126808250507,-0.2328986609205566,0.06753307375165493,-0.5718403334470058,0.16142351159960353,0.013897306588228228
1,-0.03675130220352758,-0.009456974854131765,-0.020757550366642258,-0.009303160616243955,0.7107583250013616,0.23447166211410675,-0.6402728025062308,-0.11921538103752154,-0.09207325951810715,-0.07245047965053805
2,0.09901175711451399,-0.27791274265990235,0.623589473923964,-0.16046422730358317,-0.06821032417491395,-0.3925356471229543,-0.1484723321329398,0.012234921473096294,-0.2460947331152697,-0.5068089898784754
3,-0.11347758108070816,-0.34360233153166825,0.22875269641390775,0.017965216400233158,0.09691595087680066,0.5511477770143656,0.27656242994914526,-0.018082836577397926,0.5527299875731517,-0.3477484030131908
4,0.23737997636266692,-0.7955381192427612,-0.041654714747559066,-0.09690685272827276,0.00311326418699627,-0.01753955305036299,-0.018473106588035998,-0.1634021113763069,-0.08018248525367544,0.5156119949550654
