,feature,divergence
0,PUMA,0.4191663941443597
7,EDU,0.142414893079433
8,PINCP_DECILE,0.06816745106427008
6,INDP_CAT,0.02823218624555117
2,MSP,0.02418639606825662
4,RAC1P,0.018373228009823196
1,SEX,0.014787627284497118
5,OWN_RENT,0.003918773802980169
3,HISP,0.0011500035611626239
