,AGEP,DEYE,DVET,EDU,HOUSING_TYPE,MSP,OWN_RENT,PINCP_DECILE,RAC1P,SEX
0,-0.5003671965995969,0.0390001005780114,-0.09147255741886635,-0.5717285720585461,0.02857126808250643,-0.2328986609205568,0.06753307375165267,-0.5718403334470056,0.16142351159960222,0.013897306588227763
1,-0.03675130220352624,-0.009456974854130978,-0.020757550366642535,-0.009303160616242579,0.7107583250013617,0.23447166211410658,-0.6402728025062312,-0.11921538103751887,-0.09207325951810744,-0.0724504796505382
2,0.09901175711451447,-0.27791274265990357,0.6235894739239627,-0.1604642273035826,-0.06821032417491457,-0.3925356471229543,-0.14847233213294087,0.012234921473096128,-0.2460947331152715,-0.5068089898784741
3,-0.11347758108072352,-0.3436023315316148,0.22875269641391607,0.017965216400238043,0.09691595087680135,0.5511477770143672,0.27656242994914515,-0.01808283657738935,0.5527299875731571,-0.3477484030132212
4,0.23737997636265923,-0.7955381192427837,-0.04165471474754738,-0.09690685272827193,0.003113264187002751,-0.017539553050327353,-0.018473106588019178,-0.1634021113763076,-0.08018248525363941,0.5156119949550432
