,feature,divergence
8,PINCP_DECILE,3.830946343275712
7,EDU,1.5819279440133354
6,INDP_CAT,0.9391031445345535
2,MSP,0.44784852364877975
0,PUMA,0.31898172181087947
4,RAC1P,0.04160376553232581
1,SEX,0.03380491111451245
5,OWN_RENT,0.03276800370072899
3,HISP,0.011511582397368304
