,feature,divergence
0,AGEP,11.442621218937008
6,EDU,4.4420870852349825
3,RAC1P,3.3904443119274283
2,MSP,2.640051803255036
8,DVET,2.495019325061244
5,OWN_RENT,1.2347225994262034
7,PINCP_DECILE,1.0669453047348052
9,DEYE,0.7575635618621093
4,HOUSING_TYPE,0.7113969051547686
1,SEX,0.024819102768253054
