,PUMA,SEX,MSP,HISP,RAC1P,OWN_RENT,INDP_CAT,EDU,PINCP_DECILE
PUMA,2.6645352591003757e-15,-0.01864342406434153,-0.11195832282916914,-0.3724128563634197,0.0690345980609081,-0.054882493890830386,0.00917952686760657,0.3069799667728566,0.2029903400862076
SEX,-0.01864342406434153,-1.9984014443252818e-15,-0.029935319243572296,-0.019855362824157747,0.001781145140124087,-0.06391273970385046,-0.042535975971878026,-0.0007864448977164991,0.04724869137058838
MSP,-0.11195832282916914,-0.029935319243572296,0.0,-0.04549877634978408,0.059225554197943994,0.01282557333817972,-0.3281511781804129,-0.24230054629003506,-0.19286394652769168
HISP,-0.3724128563634197,-0.019855362824157747,-0.04549877634978408,-1.1102230246251565e-15,-0.23502192958716456,-0.13833477835582822,0.008984055910431433,0.16514072250159256,0.12055613043632497
RAC1P,0.0690345980609081,0.001781145140124087,0.059225554197943994,-0.23502192958716456,-4.107825191113079e-15,-0.08727812253587394,0.05439705511189624,0.12015462766949087,0.12938773218533453
OWN_RENT,-0.054882493890830386,-0.06391273970385046,0.01282557333817972,-0.13833477835582822,-0.08727812253587394,0.0,-0.09173403066096553,0.07952992415286597,-0.01964181510595661
INDP_CAT,0.00917952686760657,-0.042535975971878026,-0.3281511781804129,0.008984055910431433,0.05439705511189624,-0.09173403066096553,0.0,-0.4454894478934932,-0.46450233290731846
EDU,0.3069799667728566,-0.0007864448977164991,-0.24230054629003506,0.16514072250159256,0.12015462766949087,0.07952992415286597,-0.4454894478934932,-3.6637359812630166e-15,-0.6848240515299344
PINCP_DECILE,0.2029903400862076,0.04724869137058838,-0.19286394652769168,0.12055613043632497,0.12938773218533453,-0.01964181510595661,-0.46450233290731846,-0.6848240515299344,4.440892098500626e-16
