,PUMA,SEX,MSP,HISP,RAC1P,OWN_RENT,INDP_CAT,EDU,PINCP_DECILE
PUMA,0.0,0.006532763756622522,0.06919847411204358,,,,-0.10196076256199396,-0.03929212081251135,-0.10480720324470583
SEX,0.006532763756622522,-1.3322676295501878e-15,-0.3166861444454305,,,,-0.16958584684531425,-0.12309831045609357,-0.04954970841880943
MSP,0.06919847411204358,-0.3166861444454305,4.6629367034256575e-15,,,,-0.06251956384790236,0.16275507263573938,0.2033135647055579
HISP,,,,,,,,,
RAC1P,,,,,,,,,
OWN_RENT,,,,,,,,,
INDP_CAT,-0.10196076256199396,-0.16958584684531425,-0.06251956384790236,,,,-2.6645352591003757e-15,0.36713657738384553,0.4991475208184169
EDU,-0.03929212081251135,-0.12309831045609357,0.16275507263573938,,,,0.36713657738384553,7.771561172376096e-16,0.18123665639746933
PINCP_DECILE,-0.10480720324470583,-0.04954970841880943,0.2033135647055579,,,,0.4991475208184169,0.18123665639746933,4.440892098500626e-16
