,EDU,HISP,INDP_CAT,MSP,OWN_RENT,PINCP_DECILE,PUMA,RAC1P,SEX
0,-0.5757868439330525,0.06559621868644627,-0.5141938332553488,-0.27286967958738345,-0.022671741617568904,-0.5612568911504168,0.020403976696721695,0.08960660596565201,0.036667620896030526
1,0.017030301641701794,0.6184436714821472,0.11852298117427656,0.18150826369063747,0.2024810524278751,-0.0651782329674897,-0.4003205814922284,0.6014969265729604,0.0542452568174482
2,-0.018228842236507063,-0.06572759874428481,0.10657145973912936,0.4628252646670201,-0.5015049458213761,-0.2702253107525676,-0.13488876154469087,-0.1010275984342519,0.6456410825976961
3,-0.041545682585692266,0.11622791106426267,-0.03607345999869206,0.18129651282594422,-0.7187839530939916,0.01086423333459298,0.00813986236093989,0.14065669961475255,-0.643409932758158
4,-0.06316752979119299,0.43095669291447586,0.13171436987063442,0.15381880983238902,0.028788364074243372,-0.036416247239772714,0.8685452527883872,0.04125467046069316,0.10511695190815923
