,AGEP,DEYE,DVET,EDU,HOUSING_TYPE,MSP,OWN_RENT,PINCP_DECILE,RAC1P,SEX
0,-0.5251615970832849,0.06525346816091615,-0.11259059023351795,-0.554952812312645,-0.058939223917406386,-0.24157157887476544,0.12599373017480184,-0.5520087567508638,0.12658595063201136,0.02924494200067492
1,0.028117658417163675,-0.18658641777119248,-0.11718581844773376,-0.09819642367100913,0.7053995999603055,0.1106330077862455,-0.6234402039734311,-0.18005310148012693,0.03095182596207154,0.09558646071481344
2,-0.08134938043213319,0.16780383264888096,0.552986724991763,-0.09293384395818212,0.07833761585472739,-0.2547859894878407,-0.2359754365225541,0.10915704418016121,0.08570655941929067,-0.7104893883239505
3,-0.1547922170558898,0.31322492730135504,-0.11734411123308858,0.09253546874419152,0.09949165121325157,0.5617909540969835,0.1194328134125969,0.03871391405782826,0.701006204970611,-0.15138273614990339
4,-0.005050879427422979,-0.8560167110688489,0.26595651342237153,-0.08439859638473163,0.016422403453305742,0.22538144922974895,0.2840210781056709,-0.06826570574970281,0.1779470192276062,-0.145924894553658
