,feature,divergence
1,AGEP,13.504570368844016
9,PINCP_DECILE,4.023071385733149
10,POVPIP,2.9182133461339523
7,NPF,0.7906922043010751
3,MSP,0.7166102728640226
2,SEX,0.2465833939982982
6,NOC,0.2106680207273133
5,RAC1P,0.1345935779179131
0,PUMA,0.1270975201617589
8,OWN_RENT,0.08566037118829924
4,HISP,0.08079566556413156
