,EDU,HISP,INDP_CAT,MSP,OWN_RENT,PINCP_DECILE,PUMA,RAC1P,SEX
0,-0.5661256654249887,0.15509979203949475,-0.4897462755127013,-0.3043552111334551,0.04948152447213364,-0.5534536170037251,-0.04389932701996386,0.10682166712636443,0.02940968572956674
1,-0.003460126786583079,0.6176667604119582,0.20689453940539193,0.26008369416549093,0.33893200713047633,-0.020471515636093507,0.21019913550127706,0.589648817421763,0.02938586966518077
2,-0.018556109310644064,0.12612634670485884,-0.10267619157272306,-0.2135048290619377,-0.29024814866885135,0.22623656138595954,0.0408040822536649,0.2012757729670302,-0.8660353478351867
3,-0.05000731534029254,0.05132823467927683,0.08272803769322838,0.18707511355718762,0.03145250360181909,-0.003924210086919767,-0.9599163500806979,0.16169289819500118,-0.06659581456504204
4,0.0874941559091412,0.10041662662183833,0.003902233936476998,-0.007443873101261954,-0.8449588410538773,-0.047697127975206116,0.007298891278754942,0.36028090851330774,0.3689235275201698
