,feature,divergence
8,PINCP_DECILE,5.576451052524014
6,INDP_CAT,5.161778679165437
7,EDU,4.158860376584363
2,MSP,1.3403147324291869
0,PUMA,0.8917480035492457
1,SEX,0.2959505978968755
4,RAC1P,0.11837418645870154
5,OWN_RENT,0.0893104492903373
3,HISP,0.02467104609253984
