,AGEP,HISP,MSP,NOC,NPF,OWN_RENT,PINCP_DECILE,POVPIP,PUMA,RAC1P,SEX
0,-0.37712970483181446,0.10413523716016915,-0.33147797089484343,0.5079493510979788,0.4785791057231922,0.19554130976462447,-0.3508381593954957,-0.2510332787998798,0.080980209018536,0.13530945076500978,0.02815887984840547
1,0.05217897352424563,0.2480768158274546,0.38321958823988345,-0.12304575686133985,-0.24863022882194052,0.5784354225419205,-0.061395644218592935,-0.5542800656460348,-0.05828465728733224,0.22155712006781508,0.117697635124102
2,-0.4393634691608901,0.31840414482310336,0.26410643349457386,-0.1666864120736695,-0.1558677660249262,-0.306412213800586,-0.3998766337843831,0.298319130070428,-0.1943289344351131,0.44505361627842677,-0.07160088936238845
3,0.17623700639528925,0.6169614406085212,-0.10171802336394165,-0.01807741156172854,0.08682112931289057,-0.02441199542756496,0.30000688005160586,0.10596731672847075,0.6035702499803908,0.22463869077169615,-0.23129873958018377
4,0.04670494665941507,0.12648154272850812,-0.00044495873169798396,-0.09334062214149251,-0.04924091972506286,-0.1945750225112191,-0.23857217577582554,0.007353049551730089,0.355512827241991,-0.1573776716047569,0.8512910417539128
