,AGEP,DEYE,DVET,EDU,HOUSING_TYPE,MSP,OWN_RENT,PINCP_DECILE,RAC1P,SEX
0,-0.5251615970832846,0.06525346816091593,-0.11259059023351779,-0.5549528123126448,-0.05893922391740682,-0.24157157887476594,0.12599373017480198,-0.552008756750863,0.12658595063201186,0.029244942000674498
1,0.028117658417162947,-0.1865864177711925,-0.11718581844773161,-0.09819642367100981,0.7053995999603044,0.11063300778624369,-0.6234402039734327,-0.18005310148012704,0.030951825962069867,0.09558646071481397
2,-0.08134938043213158,0.16780383264888277,0.552986724991765,-0.09293384395818154,0.07833761585472589,-0.25478598948784603,-0.2359754365225549,0.10915704418016133,0.08570655941928593,-0.7104893883239476
3,-0.1547922170558891,0.31322492730136425,-0.11734411123309174,0.09253546874419197,0.09949165121325301,0.5617909540969759,0.11943281341258925,0.03871391405783034,0.701006204970612,-0.15138273614990813
4,-0.0050508794274249985,-0.8560167110688449,0.26595651342237325,-0.08439859638473052,0.01642240345330761,0.22538144922975395,0.28402107810567095,-0.06826570574970203,0.1779470192276158,-0.1459248945536612
