,feature,divergence
7,EDU,0.48745332824327964
8,PINCP_DECILE,0.28728055863734275
6,INDP_CAT,0.1198793469851436
1,SEX,0.08015693049706651
0,PUMA,0.0776662252032867
2,MSP,0.06336544979180785
4,RAC1P,0.03406679167593643
5,OWN_RENT,0.0237409364932636
3,HISP,0.016950844768867247
