,PUMA,SEX,MSP,HISP,RAC1P,OWN_RENT,INDP_CAT,EDU,PINCP_DECILE
PUMA,0.0,0.011197274168077925,-0.0036469794580822126,0.04224765900391189,0.06669163802538854,0.0025928793324528493,0.014601107362904549,0.04229546184796891,-0.005268743254362293
SEX,0.011197274168077925,1.1102230246251565e-16,-0.04641146328838201,0.016527632200931213,-0.006036558180327605,0.0160511651677265,0.004317872953135682,-0.05168067937265794,0.07521714885181502
MSP,-0.0036469794580822057,-0.04641146328838201,-2.220446049250313e-16,-0.014943056800543985,-0.015565243876140833,-0.0027893702197447807,-0.04416109363295345,0.05877062735665248,-0.0031403102602335364
HISP,0.0422476590039119,0.016527632200931217,-0.014943056800543985,0.0,0.01968762118217246,-0.04293799363358815,-0.008442495101641877,0.050782662719360105,0.06435483395960884
RAC1P,0.06669163802538854,-0.006036558180327607,-0.015565243876140833,0.01968762118217246,0.0,-0.006523493474131566,0.000943424271168232,0.011347615611272347,0.04127689258460147
OWN_RENT,0.0025928793324528493,0.0160511651677265,-0.0027893702197447842,-0.042937993633588134,-0.006523493474131569,-1.1102230246251565e-16,-0.03378111603437968,-0.03438904585439632,-0.04978969665091693
INDP_CAT,0.014601107362904549,0.004317872953135682,-0.04416109363295345,-0.008442495101641877,0.000943424271168232,-0.03378111603437968,-2.220446049250313e-16,-0.09754924244844804,0.004448396135730892
EDU,0.04229546184796891,-0.05168067937265794,0.058770627356652505,0.05078266271936009,0.01134761561127234,-0.034389045854396325,-0.09754924244844798,0.0,-0.017894293577956577
PINCP_DECILE,-0.005268743254362291,0.07521714885181502,-0.0031403102602335226,0.06435483395960884,0.04127689258460147,-0.04978969665091693,0.004448396135730892,-0.017894293577956577,2.220446049250313e-16
