,PUMA,SEX,MSP,HISP,RAC1P,OWN_RENT,INDP_CAT,EDU,PINCP_DECILE
PUMA,3.3306690738754696e-16,-0.0013208783184004945,0.023122161724918613,-0.02615332514113218,0.010023432077310497,-0.004380227356901481,-0.00514887026353183,0.021962597305580367,-0.0008178407293519176
SEX,-0.0013208783184004945,0.0,-0.000498465773528245,-0.008298521187017039,-0.006096876782575331,-0.0031508726966006304,-0.00704578629193809,-0.0012893891762498118,0.004838858235435936
MSP,0.023122161724918613,-0.000498465773528245,-1.1102230246251565e-15,-0.004654143214706452,0.008949620673180588,0.011280558399696244,-0.052852482854048866,-0.07213196542753031,-0.02308457627773447
HISP,-0.02615332514113218,-0.008298521187017039,-0.004654143214706452,3.6637359812630166e-15,-0.0625815817111957,-0.012123883578896336,-0.006125093913933543,0.016753537742356522,0.014985384866203183
RAC1P,0.010023432077310497,-0.006096876782575331,0.008949620673180588,-0.0625815817111957,0.0,-0.021975806504606968,0.020107333031993156,0.03986022316797144,0.03747008802713796
OWN_RENT,-0.004380227356901481,-0.0031508726966006304,0.011280558399696244,-0.012123883578896336,-0.021975806504606968,-1.2212453270876722e-15,-0.008195230955868466,0.01033078913868233,-0.011231798343871332
INDP_CAT,-0.00514887026353183,-0.00704578629193809,-0.052852482854048866,-0.006125093913933543,0.020107333031993156,-0.008195230955868466,2.1094237467877974e-15,-0.08506766537791977,-0.07380062614932781
EDU,0.021962597305580367,-0.0012893891762498118,-0.07213196542753031,0.016753537742356522,0.03986022316797144,0.01033078913868233,-0.08506766537791977,2.220446049250313e-16,-0.11778000964563018
PINCP_DECILE,-0.0008178407293519176,0.004838858235435936,-0.02308457627773447,0.014985384866203183,0.03747008802713796,-0.011231798343871332,-0.07380062614932781,-0.11778000964563018,-2.4424906541753444e-15
