,feature,divergence
7,EDU,0.3690302066772655
8,PINCP_DECILE,0.23642419756409394
6,INDP_CAT,0.15563905242219048
2,MSP,0.06881295696540102
1,SEX,0.06337158416804434
0,PUMA,0.029590469925258933
5,OWN_RENT,0.01534445921575043
3,HISP,0.008951994126461407
4,RAC1P,0.007538401658743965
