,AGEP,DEYE,DVET,EDU,HOUSING_TYPE,MSP,OWN_RENT,PINCP_DECILE,RAC1P,SEX
0,-0.525161597083285,0.06525346816091604,-0.11259059023351792,-0.5549528123126446,-0.05893922391740651,-0.24157157887476582,0.1259937301748021,-0.5520087567508631,0.1265859506320115,0.02924494200067483
1,0.02811765841716348,-0.18658641777119317,-0.11718581844773188,-0.09819642367100992,0.705399599960305,0.11063300778624446,-0.623440203973432,-0.1800531014801276,0.030951825962068965,0.09558646071481403
2,-0.08134938043213209,0.16780383264888007,0.5529867249917678,-0.09293384395818224,0.07833761585472682,-0.25478598948784364,-0.23597543652255398,0.10915704418016027,0.08570655941928663,-0.7104893883239476
3,-0.15479221705588886,0.31322492730136237,-0.11734411123309134,0.09253546874419194,0.09949165121325279,0.5617909540969763,0.11943281341258952,0.03871391405783017,0.7010062049706135,-0.15138273614990636
4,-0.00505087942742378,-0.8560167110688457,0.26595651342237303,-0.0843985963847304,0.016422403453306304,0.2253814492297525,0.28402107810567156,-0.06826570574970292,0.17794701922761552,-0.1459248945536566
