,EDU,HISP,INDP_CAT,MSP,OWN_RENT,PINCP_DECILE,PUMA,RAC1P,SEX
0,-0.5711275826037827,0.09765649436927992,-0.5004442530985017,-0.2982862216892417,0.004362825624502464,-0.5535746002048506,0.05716361394535767,0.1228687598606689,0.005393499728212077
1,-0.025747737539155397,0.5862344447408895,0.20355365568546846,0.20483595690526465,0.49800452564232034,-0.033267289279769297,0.035718054410577904,0.550522996080336,0.13714153676526658
2,-0.027387643779078055,0.28795314487401746,0.1022279007821679,-0.23418829899428045,-0.028306563639924853,0.14753638134549665,0.8607935323039885,-0.23521682401783747,-0.17938086664466188
3,-0.011289996827379859,0.12662160088742555,-0.09007063761035532,0.08884907473649231,-0.15136372706999973,0.0963678279218961,-0.15395168477613586,0.24738566200911022,-0.922352484235433
4,0.0411051194197794,0.34044241752763793,-0.01468968702702303,0.34714485769652165,-0.8096861230088346,-0.11316330943767003,0.07429342428193,0.17733010918458164,0.23732036883592258
