,feature,divergence
6,EDU,2.0409026409183966
0,AGEP,1.9836102862197507
7,PINCP_DECILE,1.3942284508740204
2,MSP,0.27058528556740336
3,RAC1P,0.13408412842300457
5,OWN_RENT,0.07711303298528953
1,SEX,0.07697911630315468
4,HOUSING_TYPE,0.04221116773990091
8,DVET,0.009443775728018142
9,DEYE,0.0034866039688345937
