,feature,divergence
6,INDP_CAT,0.39394446033542957
8,PINCP_DECILE,0.24176780070960302
7,EDU,0.16580245365256127
5,OWN_RENT,0.07763999221469975
0,PUMA,0.06828890856974168
2,MSP,0.03658527099480513
1,SEX,0.017253040744804604
4,RAC1P,0.007955801552973644
3,HISP,0.0014508916351623684
