,AGEP,HISP,MSP,NOC,NPF,OWN_RENT,PINCP_DECILE,POVPIP,PUMA,RAC1P,SEX
0,-0.37712970483181485,0.10413523716016926,-0.3314779708948426,0.5079493510979782,0.4785791057231925,0.19554130976462472,-0.35083815939549606,-0.25103327879988,0.08098020901853498,0.13530945076501036,0.028158879848405594
1,0.05217897352424545,0.24807681582745295,0.38321958823988356,-0.12304575686134048,-0.24863022882194086,0.578435422541921,-0.061395644218592865,-0.554280065646035,-0.0582846572873349,0.2215571200678142,0.11769763512410271
2,-0.43936346916089003,0.31840414482310314,0.26410643349457397,-0.1666864120736703,-0.1558677660249266,-0.30641221380058553,-0.3998766337843826,0.2983191300704271,-0.1943289344351145,0.4450536162784262,-0.07160088936238895
3,0.17623700639528828,0.6169614406085193,-0.10171802336394067,-0.018077411561728318,0.08682112931288952,-0.024411995427561076,0.3000068800516065,0.10596731672846824,0.6035702499803883,0.224638690771699,-0.2312987395801936
4,0.04670494665941646,0.12648154272851406,-0.00044495873169853907,-0.09334062214149297,-0.04924091972506219,-0.19457502251121944,-0.23857217577582307,0.007353049551730581,0.3555128272419989,-0.15737767160475363,0.8512910417539089
