,PUMA,SEX,MSP,HISP,RAC1P,OWN_RENT,INDP_CAT,EDU,PINCP_DECILE
PUMA,0.0,-0.0004903897230996695,0.004550594589098372,-0.06217166314201732,0.01947664868898208,-0.008688923005995452,0.02323045305753942,0.06015846929225633,0.04089653535806179
SEX,-0.0004903897230996695,0.0,-0.02571230311968549,0.013971897091353498,-0.012846758323224794,-0.0092568993940987,-0.007479567646257235,-0.044031141736126635,0.02517042011310954
MSP,0.004550594589098372,-0.025712303119685493,0.0,0.06471530797317333,0.10598203273788791,0.1264148595308046,-0.22344589604211518,-0.27286923767578497,-0.27777304264370695
HISP,-0.06217166314201732,0.013971897091353495,0.06471530797317333,2.220446049250313e-16,-0.02145901178236235,-0.03310501240284594,0.02547245064029685,0.08297363019202877,0.025706995655660217
RAC1P,0.01947664868898208,-0.012846758323224794,0.10598203273788791,-0.021459011782362356,0.0,-0.03956158127247661,0.0508194567278137,0.05921355362889677,0.020369875074189137
OWN_RENT,-0.008688923005995448,-0.0092568993940987,0.1264148595308046,-0.033105012402845954,-0.03956158127247661,1.1102230246251565e-16,-0.029300411846864834,0.024913076277991802,-0.00877203050135806
INDP_CAT,0.02323045305753942,-0.007479567646257231,-0.22344589604211518,0.02547245064029685,0.0508194567278137,-0.029300411846864827,-2.220446049250313e-16,-0.3294727859291601,-0.3611461135910385
EDU,0.06015846929225633,-0.044031141736126635,-0.27286923767578497,0.08297363019202877,0.059213553628896756,0.024913076277991802,-0.3294727859291601,-2.220446049250313e-16,-0.4140613069579041
PINCP_DECILE,0.04089653535806179,0.02517042011310954,-0.2777730426437069,0.025706995655660217,0.02036987507418915,-0.008772030501358056,-0.3611461135910385,-0.41406130695790416,0.0
