,PUMA,SEX,MSP,HISP,RAC1P,OWN_RENT,INDP_CAT,EDU,PINCP_DECILE
PUMA,1.1435297153639112e-14,-0.0022723829527470786,-0.017796487284944103,-0.05695204959631489,-0.028308168064228256,-0.01876400142238401,0.0020930659540471692,0.003597167288885844,0.01877113149097854
SEX,-0.0022723829527470786,0.0,-0.023861110439937876,0.03141632130021981,0.02470896297820535,0.016250156248603174,0.00013642396647907395,-0.08715185569406442,0.08135835970471295
MSP,-0.017796487284944103,-0.023861110439937876,0.0,-0.03661449562513408,0.0010210027073309716,0.0013798154437940358,-0.04944354558755196,0.05142903483898359,-0.0023634808148690067
HISP,-0.05695204959631489,0.03141632130021981,-0.03661449562513408,-1.3322676295501878e-14,-0.18258332251099715,-0.06770524753930497,-0.028015660807502597,-0.006730330291985165,0.004584489938285613
RAC1P,-0.028308168064228256,0.02470896297820535,0.0010210027073309716,-0.18258332251099715,-1.3322676295501878e-14,0.006009288473343293,-0.036921579433485466,0.021334746480313152,0.027583466787550054
OWN_RENT,-0.01876400142238401,0.016250156248603174,0.0013798154437940358,-0.06770524753930497,0.006009288473343293,0.0,-0.08608199345683712,0.0193456420375219,-0.01737022161147951
INDP_CAT,0.0020930659540471692,0.00013642396647907395,-0.04944354558755196,-0.028015660807502597,-0.036921579433485466,-0.08608199345683712,-7.105427357601002e-15,-0.08311643144609804,0.0048292569690056575
EDU,0.003597167288885844,-0.08715185569406442,0.05142903483898359,-0.006730330291985165,0.021334746480313152,0.0193456420375219,-0.08311643144609804,-5.551115123125783e-16,-0.005186335510869
PINCP_DECILE,0.01877113149097854,0.08135835970471295,-0.0023634808148690067,0.004584489938285613,0.027583466787550054,-0.01737022161147951,0.0048292569690056575,-0.005186335510869,-3.3306690738754696e-15
