,AGEP,DEYE,DVET,EDU,HOUSING_TYPE,MSP,OWN_RENT,PINCP_DECILE,RAC1P,SEX
0,-0.5028447292406173,0.04301220449129417,-0.07175908242364279,-0.5679702824416623,0.15157002341313774,-0.1487313666316193,-0.08761200318303061,-0.5866974558755631,0.13573808015826028,0.04635121613684528
1,0.0830459170525007,-0.10230268734180438,-0.01907577203785437,0.11162185388090758,0.6716988815264695,0.3945644912925191,-0.5978167220009151,-0.02294975112682346,-0.02800798358181106,0.06525117564494143
2,-0.13513795045843163,0.2606459383708026,0.4981950583457194,-0.006038019142001111,0.09158676751918948,-0.0655121975383682,-0.11924577457642555,0.1377388146572854,0.2536920988164215,-0.7452083295905361
3,0.2222368078403269,-0.6550436193786171,0.4440294910217031,-0.21438907305983596,-0.02747864694179844,-0.25933023762211893,-0.10001161192987931,-0.11685032394869799,-0.42037880580733067,-0.10010936582174858
4,0.018644768478139884,-0.4635525169019054,0.2676442887071568,0.0638006862986078,-0.003217298954142571,0.2522850174589695,0.2368694538444401,-0.057983656396183914,0.7405275973679905,0.19380143897426677
