,feature,divergence
8,PINCP_DECILE,3.908971471471471
7,EDU,1.1257387899312905
6,INDP_CAT,0.8488156990355907
2,MSP,0.5465584752387007
5,OWN_RENT,0.16934354604760804
4,RAC1P,0.12636918443370057
0,PUMA,0.09761563631435266
1,SEX,0.04878753156642357
3,HISP,0.014187377317838566
