,feature,divergence
0,AGEP,11.378447269495929
6,EDU,4.402844771035751
3,RAC1P,3.2865632222427545
2,MSP,2.6731901165537284
8,DVET,2.489609352959897
5,OWN_RENT,1.217079160671382
7,PINCP_DECILE,1.1148601576393133
9,DEYE,0.7693223198003819
4,HOUSING_TYPE,0.7007307368628113
1,SEX,0.03194545030832752
