,PUMA,SEX,MSP,HISP,RAC1P,OWN_RENT,INDP_CAT,EDU,PINCP_DECILE
PUMA,0.0,0.09044858926201886,0.02617158985196122,-0.0033928987952530076,-0.14051872131946053,0.013855078988800352,0.014419724412529731,0.013618426093750309,0.0129744172020082
SEX,0.09044858926201886,0.0,-0.01821500456701421,-0.13652629238063202,-0.07032926536417883,0.06159791730961536,0.04210270018796744,0.07880422542347958,0.04714093547153535
MSP,0.02617158985196122,-0.01821500456701421,0.0,-0.045058828978036494,-0.00461773512762826,-0.008734389625629155,0.03870473801300156,0.012924770264833435,-0.02138037870759106
HISP,-0.0033928987952530215,-0.13652629238063202,-0.045058828978036494,2.220446049250313e-16,-0.06792745930643934,0.013419055372070596,-0.030210368666428327,-0.03929116316985004,-0.023592893911775464
RAC1P,-0.14051872131946053,-0.07032926536417883,-0.00461773512762826,-0.06792745930643934,0.0,0.007628209503541511,-0.0022651669855922665,0.05347812760790725,0.03373452565359919
OWN_RENT,0.013855078988800352,0.06159791730961538,-0.008734389625629155,0.013419055372070582,0.007628209503541483,0.0,-0.008772927681647592,-0.04706588621453105,-0.014351434793906236
INDP_CAT,0.014419724412529731,0.04210270018796744,0.03870473801300156,-0.030210368666428327,-0.0022651669855922665,-0.008772927681647592,0.0,0.04235987599900082,0.01157780201392894
EDU,0.013618426093750302,0.07880422542347956,0.012924770264833463,-0.03929116316985007,0.05347812760790724,-0.04706588621453105,0.04235987599900087,0.0,0.06936145075550448
PINCP_DECILE,0.0129744172020082,0.04714093547153535,-0.02138037870759106,-0.023592893911775464,0.033734525653599176,-0.014351434793906225,0.011577802013928995,0.06936145075550448,0.0
