,feature,divergence
8,PINCP_DECILE,0.31655637089392097
7,EDU,0.22485536270582987
6,INDP_CAT,0.14538503358411808
0,PUMA,0.11792253602840497
2,MSP,0.10676747187903379
4,RAC1P,0.08584572873184787
1,SEX,0.0746181561029412
5,OWN_RENT,0.02880371271836782
3,HISP,0.0174621206749765
