,feature,divergence
1,AGEP,0.43546507256184686
0,PUMA,0.21745796313615462
9,PINCP_DECILE,0.20206552128739425
7,NPF,0.057044592372635976
10,POVPIP,0.0511258663194335
3,MSP,0.02802643821134044
5,RAC1P,0.015567895931269431
6,NOC,0.01474047235596902
8,OWN_RENT,0.00597095695986076
4,HISP,0.0034652283714190235
2,SEX,0.0030844768146175428
