,PUMA,SEX,MSP,HISP,RAC1P,OWN_RENT,INDP_CAT,EDU,PINCP_DECILE
PUMA,0.0,-0.0010839270782192854,0.017845056848676377,-0.023759089024652028,0.013067977602122735,-0.0020300291790457167,-0.005492002560886796,0.014800416762446526,-0.000822196270138761
SEX,-0.0010839270782192854,0.0,-0.0005938393214035918,-0.005691103517528814,-0.007791993037634899,-0.002853154099943068,-0.00498005752177999,-0.0008773711449050793,0.003442151266742563
MSP,0.017845056848676377,-0.0005938393214035922,0.0,-0.002623215135385109,0.0009388871310687108,0.00859182256508425,-0.04504557347390309,-0.04622349414842483,-0.0181002573152063
HISP,-0.023759089024652014,-0.005691103517528814,-0.0026232151353851084,2.220446049250313e-16,-0.03753707609196907,-0.018838193910077586,-0.002246323016651376,0.02084667091189632,0.014846022978515935
RAC1P,0.013067977602122735,-0.007791993037634899,0.0009388871310687108,-0.03753707609196907,0.0,-0.019170438726705846,0.017186584147880844,0.041647604388433776,0.035899592295287774
OWN_RENT,-0.0020300291790457167,-0.0028531540999430643,0.008591822565084242,-0.018838193910077614,-0.019170438726705846,0.0,-0.006041446137382889,0.007010148753899013,-0.0046470103482130765
INDP_CAT,-0.005492002560886796,-0.00498005752177999,-0.04504557347390309,-0.002246323016651376,0.017186584147880844,-0.006041446137382882,-2.220446049250313e-16,-0.06578129695981899,-0.05665954923288047
EDU,0.014800416762446533,-0.0008773711449050793,-0.046223494148424804,0.02084667091189632,0.041647604388433776,0.0070101487538990065,-0.06578129695981894,0.0,-0.10228605608549979
PINCP_DECILE,-0.0008221962701387602,0.003442151266742563,-0.018100257315206286,0.014846022978515935,0.035899592295287774,-0.004647010348213073,-0.05665954923288047,-0.10228605608549973,0.0
