,EDU,HISP,INDP_CAT,MSP,OWN_RENT,PINCP_DECILE,PUMA,RAC1P,SEX
0,-0.5661256654249883,0.15509979203949487,-0.48974627551270145,-0.30435521113345504,0.04948152447213354,-0.5534536170037255,-0.043899327019964365,0.1068216671263645,0.029409685729566717
1,-0.0034601267865830986,0.6176667604119567,0.20689453940539226,0.26008369416549115,0.3389320071304783,-0.020471515636094728,0.21019913550127972,0.5896488174217618,0.02938586966518368
2,-0.01855610931064539,0.12612634670486134,-0.10267619157272162,-0.21350482906193183,-0.2902481486688487,0.22623656138595855,0.04080408225365529,0.20127577296703342,-0.8660353478351885
3,-0.050007315340287115,0.051328234679283574,0.08272803769323044,0.18707511355719017,0.03145250360177744,-0.003924210086924562,-0.9599163500806976,0.16169289819501867,-0.06659581456501235
4,0.08749415590914458,0.10041662662183465,0.003902233936473022,-0.007443873101274923,-0.8449588410538776,-0.04769712797520466,0.007298891278806463,0.36028090851330286,0.368923527520173
