,feature,divergence
10,POVPIP,9.09903293495119
1,AGEP,4.590938215102975
3,MSP,3.36766028214394
9,PINCP_DECILE,2.2970790969757773
0,PUMA,1.5627344145286142
7,NPF,1.023644785091877
6,NOC,0.50541651331125
5,RAC1P,0.497516747589673
8,OWN_RENT,0.3211700983573419
4,HISP,0.19517755816480842
2,SEX,0.09884792233825113
