,feature,divergence
1,AGEP,0.8711084433773509
9,PINCP_DECILE,0.5061540731995278
7,NPF,0.06504678025953582
0,PUMA,0.05580355610896792
3,MSP,0.04913212756893198
10,POVPIP,0.048667858629586905
6,NOC,0.040001578658711685
2,SEX,0.022427389582640234
5,RAC1P,0.013084252202543991
4,HISP,0.00965492214353858
8,OWN_RENT,0.007985079412582058
