,PUMA,SEX,MSP,HISP,RAC1P,OWN_RENT,INDP_CAT,EDU,PINCP_DECILE
PUMA,0.0,0.01806660427959715,-0.027587903436854907,0.025546476816682616,-0.036628526841502286,-0.005490654790244687,-0.011710063383762317,-0.0683059351205486,-0.07784176055476782
SEX,0.01806660427959715,5.551115123125783e-15,-0.0024792887570098485,-0.010649461070967004,-0.004743352610341227,0.000458647297257489,-0.014705763046534537,-0.008771221892363587,-0.0007454169819687273
MSP,-0.027587903436854907,-0.0024792887570098485,0.0,0.010582702813764257,-0.011096875923221158,-0.002871291712665306,-0.03213333586154524,-0.037114767259330494,-0.026060483534783352
HISP,0.025546476816682616,-0.010649461070967004,0.010582702813764257,0.0,-0.025355674617376603,0.06653296617869028,-0.003432720790204652,0.03249454634047516,0.03541225266327396
RAC1P,-0.036628526841502286,-0.004743352610341227,-0.011096875923221158,-0.025355674617376603,0.0,0.0038956311345482164,0.05435280145492492,0.05920368333405157,0.07657038132035111
OWN_RENT,-0.005490654790244687,0.000458647297257489,-0.002871291712665306,0.06653296617869028,0.0038956311345482164,1.3322676295501878e-15,0.03993448873570296,0.009595876331261105,-0.00980493615850328
INDP_CAT,-0.011710063383762317,-0.014705763046534537,-0.03213333586154524,-0.003432720790204652,0.05435280145492492,0.03993448873570296,0.0,0.028244605680630364,0.01191460756847762
EDU,-0.0683059351205486,-0.008771221892363587,-0.037114767259330494,0.03249454634047516,0.05920368333405157,0.009595876331261105,0.028244605680630364,2.220446049250313e-15,0.017508118823652552
PINCP_DECILE,-0.07784176055476782,-0.0007454169819687273,-0.026060483534783352,0.03541225266327396,0.07657038132035111,-0.00980493615850328,0.01191460756847762,0.017508118823652552,-2.220446049250313e-16
