,EDU,HISP,INDP_CAT,MSP,OWN_RENT,PINCP_DECILE,PUMA,RAC1P,SEX
0,-0.5757868439330528,0.06559621868644594,-0.5141938332553487,-0.2728696795873836,-0.022671741617568568,-0.5612568911504167,0.020403976696721574,0.08960660596565169,0.03666762089603026
1,0.01703030164170107,0.6184436714821469,0.11852298117427706,0.18150826369064205,0.2024810524278745,-0.06517823296749181,-0.400320581492227,0.6014969265729591,0.054245256817452264
2,-0.01822884223650813,-0.06572759874428684,0.10657145973912911,0.46282526466702045,-0.5015049458213813,-0.27022531075256784,-0.13488876154468818,-0.1010275984342557,0.6456410825976916
3,-0.04154568258569081,0.11622791106425577,-0.03607345999869527,0.18129651282593723,-0.7187839530939896,0.010864233334595477,0.00813986236092025,0.14065669961475152,-0.643409932758164
4,-0.06316752979119346,0.4309566929144769,0.13171436987063384,0.1538188098323895,0.028788364074225765,-0.036416247239771604,0.8685452527883889,0.041254670460696224,0.10511695190814561
