,AGEP,HISP,MSP,NOC,NPF,OWN_RENT,PINCP_DECILE,POVPIP,PUMA,RAC1P,SEX
0,-0.4184082940980466,0.07317519200018352,-0.36073214733567205,0.540657146787755,0.5055806361880879,0.12104875481954543,-0.3123478388545554,-0.11426033918891113,0.022956190466682187,0.12398031953303566,-0.019046616995424377
1,-0.2557920099086158,0.0016666730213685532,0.009929854513860586,-0.04968640505320068,0.03200620299598336,-0.6646642095559362,-0.17883989153404767,0.6670922851266554,-0.07846254514826183,0.07740749141303566,-0.007301103883568525
2,-0.2914974127446686,0.4182481468178715,0.3957155791138618,-0.12821803866304538,-0.2779797203300374,0.1305062551420282,-0.40992921037273267,-0.1687684628892578,-0.2718621601724571,0.3840814102712112,0.23411565107063922
3,0.05343975209419953,0.38577777124736934,-0.06015818723000603,0.027008586046662925,0.06677477280481843,0.0902628557029824,0.4103912842664175,0.1336733141555488,-0.2655451762105033,0.40749501736911165,-0.6391470789929364
4,-0.17424820983453534,0.26530503985092946,0.23743616905610426,-0.07779795887900859,-0.037668317743943025,-0.05257212104997528,-0.10699927780712434,-0.05701350704868169,0.8354238387356777,-0.039270212451165604,-0.34418757239763087
