,AGEP,HISP,MSP,NOC,NPF,OWN_RENT,PINCP_DECILE,POVPIP,PUMA,RAC1P,SEX
0,-0.3771297048318153,0.10413523716016793,-0.3314779708948423,0.5079493510979781,0.47857910572319196,0.1955413097646238,-0.350838159395496,-0.25103327879987963,0.0809802090185347,0.13530945076501041,0.02815887984840572
1,0.05217897352424566,0.2480768158274546,0.3832195882398826,-0.12304575686133981,-0.2486302288219404,0.5784354225419207,-0.06139564421859259,-0.5542800656460352,-0.05828465728733182,0.22155712006781342,0.11769763512410135
2,-0.43936346916089,0.31840414482310486,0.2641064334945754,-0.16668641207367058,-0.15586776602492725,-0.30641221380058575,-0.3998766337843832,0.2983191300704265,-0.19432893443511215,0.4450536162784242,-0.07160088936239065
3,0.17623700639529016,0.6169614406085195,-0.10171802336394369,-0.01807741156172643,0.08682112931289265,-0.024411995427562644,0.3000068800516097,0.1059673167284705,0.6035702499803852,0.22463869077169923,-0.2312987395801872
4,0.046704946659416956,0.12648154272851175,-0.0004449587316993561,-0.09334062214149284,-0.049240919725061345,-0.19457502251121908,-0.23857217577582296,0.007353049551731125,0.3555128272419941,-0.15737767160475263,0.8512910417539122
