,PUMA,SEX,MSP,HISP,RAC1P,OWN_RENT,INDP_CAT,EDU,PINCP_DECILE
PUMA,-8.104628079763643e-15,-0.028803374769461838,-0.012773637867148177,-0.09350519058048337,-0.15076187432218743,-0.10749347096782934,-0.04375169631761376,-0.14066555728486657,-0.05549793077961276
SEX,-0.028803374769461838,0.0,0.04499778840461355,-0.00501490079290296,-0.006521882637070896,-0.04591602175793008,-0.049965125123931795,-0.03546701204390013,0.07229126043764009
MSP,-0.012773637867148177,0.04499778840461355,0.0,0.07162885600044351,0.003386940106645843,0.04208019334276583,-0.24180273539897826,-0.2441377763523781,-0.1824454311058634
HISP,-0.09350519058048337,-0.00501490079290296,0.07162885600044351,4.218847493575595e-15,-0.20486988853369933,-0.04363155472525007,0.02506214965563066,0.14938932311157077,0.11007987179653216
RAC1P,-0.15076187432218743,-0.006521882637070896,0.003386940106645843,-0.20486988853369933,1.1102230246251565e-15,-0.043414838448550985,0.015232944287095693,0.09622199618900584,0.11719675721548638
OWN_RENT,-0.10749347096782934,-0.04591602175793008,0.04208019334276583,-0.04363155472525007,-0.043414838448550985,7.66053886991358e-15,0.001799698971052633,0.09198709977180862,0.06207570012778721
INDP_CAT,-0.04375169631761376,-0.049965125123931795,-0.24180273539897826,0.02506214965563066,0.015232944287095693,0.001799698971052633,3.3306690738754696e-15,-0.45695259817144107,-0.4528913185122964
EDU,-0.14066555728486657,-0.03546701204390013,-0.2441377763523781,0.14938932311157077,0.09622199618900584,0.09198709977180862,-0.45695259817144107,-6.661338147750939e-16,-0.6486410830117315
PINCP_DECILE,-0.05549793077961276,0.07229126043764009,-0.1824454311058634,0.11007987179653216,0.11719675721548638,0.06207570012778721,-0.4528913185122964,-0.6486410830117315,1.887379141862766e-15
