,feature,divergence
0,AGEP,7.977490838679641
7,PINCP_DECILE,4.505241851303882
6,EDU,3.2832234042630906
1,SEX,0.8013597302948827
2,MSP,0.6700842128488949
5,OWN_RENT,0.17666194741441252
3,RAC1P,0.09370868143307415
8,DVET,0.006942693315367051
4,HOUSING_TYPE,0.0058556980373447145
9,DEYE,0.004281977879022975
