,feature,divergence
5,OWN_RENT,1.7746296936771158
6,INDP_CAT,0.8322853594162395
3,HISP,0.6684645703156201
4,RAC1P,0.4286322523490343
8,PINCP_DECILE,0.30071214926648626
7,EDU,0.2963399762523667
2,MSP,0.09676368952684743
0,PUMA,0.011249217131570122
1,SEX,0.006494154548046693
