,feature,divergence
1,AGEP,6.619582777623996
10,POVPIP,6.162613651654732
6,NOC,4.534789771771227
5,RAC1P,4.147445493288293
3,MSP,3.0739568536632986
9,PINCP_DECILE,2.9154884263257905
7,NPF,2.539948576063769
4,HISP,2.0859341005882706
8,OWN_RENT,1.048246288621636
0,PUMA,0.4358663105572289
2,SEX,0.11980095718678152
