,PUMA,SEX,MSP,HISP,RAC1P,OWN_RENT,INDP_CAT,EDU,PINCP_DECILE
PUMA,-2.220446049250313e-16,0.0038157434565324593,0.010377626234198065,0.010514934915662081,0.013449602867752139,0.011087075387706577,0.0028558237541034476,9.952031820803509e-06,-0.0002475360280094728
SEX,0.00381574345653246,1.1102230246251565e-16,-0.04915266083660932,0.01729412769109593,0.020717287280528802,0.00648836473788765,0.0051648904799662665,-0.02154011812677562,-0.010513552623708844
MSP,0.010377626234198072,-0.04915266083660932,0.0,0.002028389004395269,0.006911664057762222,-0.03453022848324576,-0.009718594925875151,0.0034371219189558155,0.003698969172171024
HISP,0.010514934915662088,0.017294127691095937,0.002028389004395269,0.0,0.009662090514667099,-0.00020748394151941935,-0.014341343211934792,0.013678450952515464,0.009347945367028015
RAC1P,0.013449602867752139,0.020717287280528806,0.00691166405776222,0.009662090514667099,0.0,-0.009324937658381452,-0.013325671192603222,0.006130925798396046,-0.008971160382425084
OWN_RENT,0.011087075387706575,0.006488364737887649,-0.03453022848324576,-0.0002074839415194124,-0.009324937658381452,-1.1102230246251565e-16,-0.01801019389936854,-0.006710648722124909,-0.0049291468626057044
INDP_CAT,0.0028558237541034476,0.0051648904799662665,-0.009718594925875096,-0.014341343211934792,-0.013325671192603215,-0.018010193899368542,0.0,0.003079589309408104,0.007319712507691534
EDU,9.952031820803509e-06,-0.02154011812677562,0.0034371219189558433,0.013678450952515443,0.006130925798396039,-0.0067106487221249116,0.0030795893094081594,-2.220446049250313e-16,-0.0045780136779236535
PINCP_DECILE,-0.00024753602800947107,-0.010513552623708872,0.0036989691721710377,0.009347945367028009,-0.00897116038242507,-0.004929146862605701,0.007319712507691534,-0.0045780136779236535,2.220446049250313e-16
