,PUMA,SEX,MSP,HISP,RAC1P,OWN_RENT,INDP_CAT,EDU,PINCP_DECILE
PUMA,0.0,-0.031496588500603794,-0.14175226561129003,-0.10652717271967782,-0.213886917072241,-0.22619269399973566,-0.0314622744520323,-0.07479934208881377,-0.04778554416063214
SEX,-0.031496588500603794,-1.5543122344752192e-15,-0.00018140472196565526,0.02544028600864985,0.009881727035329912,-0.011989774276010383,0.040897315149089675,-0.06143277242650957,-0.09324066532597805
MSP,-0.14175226561129003,-0.00018140472196565526,-7.549516567451064e-15,0.0029969964964294557,0.025320029626767472,0.10245256849069732,-0.25139750202431355,-0.23610715949852068,-0.48682157416304705
HISP,-0.10652717271967782,0.02544028600864985,0.0029969964964294557,2.6645352591003757e-15,-0.08877982538718662,0.023415119179412906,0.012200871697096858,0.012409260127881273,0.04165582728931444
RAC1P,-0.213886917072241,0.009881727035329912,0.025320029626767472,-0.08877982538718662,5.995204332975845e-15,0.031963830920512415,0.03488733313967497,0.011413612696558481,0.07395184109974394
OWN_RENT,-0.22619269399973566,-0.011989774276010383,0.10245256849069732,0.023415119179412906,0.031963830920512415,-2.1538326677728037e-14,-0.09726338054168418,0.06138421099313048,0.039044817126893214
INDP_CAT,-0.0314622744520323,0.040897315149089675,-0.25139750202431355,0.012200871697096858,0.03488733313967497,-0.09726338054168418,-1.7763568394002505e-15,-0.33077986491583283,-0.24902093681380785
EDU,-0.07479934208881377,-0.06143277242650957,-0.23610715949852068,0.012409260127881273,0.011413612696558481,0.06138421099313048,-0.33077986491583283,-9.992007221626409e-16,-0.3720713662025601
PINCP_DECILE,-0.04778554416063214,-0.09324066532597805,-0.48682157416304705,0.04165582728931444,0.07395184109974394,0.039044817126893214,-0.24902093681380785,-0.3720713662025601,1.5543122344752192e-15
