,PUMA,SEX,MSP,HISP,RAC1P,OWN_RENT,INDP_CAT,EDU,PINCP_DECILE
PUMA,0.0,-0.004370236084493435,-0.1614359275697769,0.015936708769877697,-0.1878099516724406,0.031287087805065936,-0.08476956391002827,-0.15247508835056778,-0.18623214221202478
SEX,-0.004370236084493435,0.0,-0.19781950798533185,0.04583207014616668,0.08185186746084408,-0.025085528295694833,-0.3320523339062362,-0.21269822364258809,-0.18446638930584833
MSP,-0.16143592756977687,-0.19781950798533182,-2.220446049250313e-16,-0.11574342441813942,-0.034387895185787505,-0.4018780203803242,0.3654522939246098,0.48647930150776875,0.6894029524410484
HISP,0.015936708769877697,0.04583207014616668,-0.11574342441813942,2.220446049250313e-16,-0.0011574994170989172,0.04796260097617221,-0.06814200440818587,0.10498529739967467,-0.016598442833960614
RAC1P,-0.18780995167244066,0.08185186746084408,-0.034387895185787505,-0.0011574994170989034,-2.220446049250313e-16,0.06958435408756519,-0.11734086132913421,0.24199005515077254,0.10427975440600377
OWN_RENT,0.031287087805065936,-0.025085528295694833,-0.4018780203803242,0.04796260097617219,0.06958435408756519,-1.1102230246251565e-16,-0.051439701174211705,-0.11614920735273447,-0.24727656405459664
INDP_CAT,-0.08476956391002827,-0.3320523339062362,0.3654522939246097,-0.06814200440818587,-0.11734086132913424,-0.05143970117421169,0.0,0.24818556812720888,0.388392400232147
EDU,-0.15247508835056778,-0.21269822364258809,0.4864793015077687,0.10498529739967467,0.24199005515077254,-0.11614920735273447,0.24818556812720888,0.0,0.23636097521825727
PINCP_DECILE,-0.18623214221202478,-0.18446638930584833,0.6894029524410484,-0.0165984428339606,0.10427975440600377,-0.24727656405459664,0.388392400232147,0.23636097521825727,0.0
