,feature,divergence
8,PINCP_DECILE,0.22949779249448127
7,EDU,0.14846953818629433
6,INDP_CAT,0.09906796830798519
2,MSP,0.0628596047538002
0,PUMA,0.05199505341335431
1,SEX,0.042570862173380575
5,OWN_RENT,0.011451993503343916
3,HISP,0.007411819179841822
4,RAC1P,0.0029928712423602055
