,feature,divergence
8,PINCP_DECILE,0.17535463218679387
6,INDP_CAT,0.12056253878031646
7,EDU,0.09943477984472977
2,MSP,0.039135097835071395
0,PUMA,0.03774507514676351
4,RAC1P,0.02389585206623299
3,HISP,0.013025414396247194
1,SEX,0.003701371917331442
5,OWN_RENT,0.0016398583973467051
