,feature,divergence
0,AGEP,4.898787167098435
7,PINCP_DECILE,4.1887861647007725
6,EDU,1.2375136982459405
2,MSP,0.5842074089559
5,OWN_RENT,0.07499759257561923
4,HOUSING_TYPE,0.02140210629755353
3,RAC1P,0.019358148330969396
1,SEX,0.015215045984006692
8,DVET,0.00976508506210359
9,DEYE,0.002040875596355466
