,feature,divergence
7,EDU,1.1782541840451928
8,PINCP_DECILE,0.5283312987959637
6,INDP_CAT,0.3749166877789255
5,OWN_RENT,0.10602342006281354
4,RAC1P,0.0938137916770628
2,MSP,0.07974594644858489
3,HISP,0.03655120584819293
1,SEX,0.03295785789998751
0,PUMA,0.01939513699460793
