,AGEP,DEYE,DVET,EDU,HOUSING_TYPE,MSP,OWN_RENT,PINCP_DECILE,RAC1P,SEX
0,-0.5003671965995973,0.03900010057801284,-0.09147255741886536,-0.5717285720585463,0.02857126808250708,-0.23289866092055644,0.06753307375165235,-0.5718403334470061,0.16142351159960214,0.013897306588228145
1,-0.036751302203525966,-0.00945697485413062,-0.020757550366643195,-0.009303160616242036,0.7107583250013615,0.2344716621141077,-0.6402728025062311,-0.11921538103751886,-0.09207325951810726,-0.07245047965053779
2,0.09901175711451524,-0.27791274265990273,0.6235894739239635,-0.1604642273035832,-0.06821032417491382,-0.3925356471229572,-0.14847233213294248,0.012234921473096405,-0.2460947331152723,-0.5068089898784713
3,-0.11347758108071018,-0.34360233153166175,0.22875269641391216,0.017965216400231798,0.09691595087680024,0.5511477770143649,0.27656242994914404,-0.01808283657739801,0.5527299875731505,-0.34774840301319715
4,0.2373799763626644,-0.7955381192427643,-0.041654714747560675,-0.09690685272827326,0.0031132641869977273,-0.01753955305035622,-0.018473106588033375,-0.1634021113763076,-0.0801824852536713,0.5156119949550634
