,AGEP,DEAR,DENSITY,DEYE,DPHY,DREM,DVET,EDU,HISP,HOUSING_TYPE,INDP_CAT,MSP,NOC,NPF,OWN_RENT,PINCP,PINCP_DECILE,POVPIP,PUMA,RAC1P,SEX
0,-0.2877680022250634,0.031249074030730184,-0.04877336417456618,0.009459888953640957,-0.2924645387774108,-0.3062723965942701,-0.027543858947778888,-0.3665676133668083,0.0427840035003406,-0.09323745909773332,-0.24373662151775613,-0.2679533587726775,0.2983170992141476,0.27062705127577047,0.07654721691858468,0.40404656123382005,-0.32007865193933543,-0.1311616020999557,0.04670969435205755,0.06606458301343585,0.0007145244061709511
1,-0.057357679081042036,-0.07215321397500479,-0.03599190155839156,-0.04958216584335187,-0.20176561602236398,-0.20546580454683164,0.0030014783456942156,-0.13903153795155268,-0.0682447503070884,0.5403461940773825,-0.20107729108116523,0.07441257840291192,-0.2765085496907402,-0.24657946815144097,-0.46815669160984813,0.06552263876325483,-0.1605027223271887,0.3801569175986099,-0.06097623280169173,-0.06303445534741398,-0.06473819803224916
2,0.24323091949364564,-0.1933714715806336,-0.4800076589689535,-0.06632965703806269,-0.008878965815253895,0.009617864426288009,0.1732729404414899,0.0974274752907018,-0.32804651718831873,-0.14357092971008187,-0.05793380434950339,-0.3645265556940713,0.1262719315360021,0.20435794917294875,-0.2504874888943418,0.01680184760583836,0.21284374563478997,0.13648180130508847,0.23639234821360305,-0.34213362151559934,-0.08300381359027631
3,0.2890408414546862,-0.43470959818317984,0.010507504213818337,-0.41985219796958384,-0.30954512196446005,-0.26000522641437185,0.15067073986393603,-0.0885208806812935,-0.00904852121434254,-0.15973403691204277,-0.141254756907573,0.12057871975256924,-0.22077488160518471,-0.2603563133967502,0.24604269747405624,-0.10792438930647219,-0.02138575454009202,-0.3268138592701671,-0.00802250583502345,-0.03160027777586494,0.0031563200554196613
4,-0.01667944527599581,-0.17504782981345934,-0.29827705027958645,-0.18751869476495983,0.43665739221127936,0.44135315656922114,-0.02991046133370733,-0.201796194135124,0.12469674284381792,0.14553670476116393,-0.28772861999147636,0.17225058535602877,0.02814873641843818,0.031149394040282857,-0.09820434278572984,-0.04313459172556576,-0.38292928971110346,-0.24931404691202322,0.20720227616355277,0.051315145140432734,0.032481529597275606
