,PUMA,SEX,MSP,HISP,RAC1P,OWN_RENT,INDP_CAT,EDU,PINCP_DECILE
PUMA,4.440892098500626e-16,0.02381831782997126,-0.05780386403633936,0.06038554184194718,-0.2239658995328253,-0.042748828723192314,-0.02069167189942908,0.0007654713388732803,0.027597814382878588
SEX,0.02381831782997126,1.0880185641326534e-14,-0.04331172291763124,0.0027995936864126415,-0.009624558015110564,-0.05114768881384772,-0.015433978644107393,-0.009087329983860904,-0.022937221684737857
MSP,-0.05780386403633936,-0.04331172291763124,-1.3322676295501878e-15,-0.09564801254524732,-0.04096610590845406,-0.08259545116501657,-0.06766299244356078,0.12412248049900398,0.16020814986329812
HISP,0.06038554184194718,0.0027995936864126415,-0.09564801254524732,0.0,0.06380043152761469,0.1556025176047623,-0.13605547255366915,-0.025189348446720106,-0.0848757203005572
RAC1P,-0.2239658995328253,-0.009624558015110564,-0.04096610590845406,0.06380043152761469,1.3655743202889425e-14,0.052986582001358,-0.05955725363045641,0.08029266961694947,0.02295012461393163
OWN_RENT,-0.042748828723192314,-0.05114768881384772,-0.08259545116501657,0.1556025176047623,0.052986582001358,-7.771561172376096e-16,-0.1700406726846956,-0.1088189458383959,-0.13058134600413326
INDP_CAT,-0.02069167189942908,-0.015433978644107393,-0.06766299244356078,-0.13605547255366915,-0.05955725363045641,-0.1700406726846956,7.549516567451064e-15,0.12006428857145246,0.12714602482447562
EDU,0.0007654713388732803,-0.009087329983860904,0.12412248049900398,-0.025189348446720106,0.08029266961694947,-0.1088189458383959,0.12006428857145246,8.881784197001252e-16,0.08022533613485949
PINCP_DECILE,0.027597814382878588,-0.022937221684737857,0.16020814986329812,-0.0848757203005572,0.02295012461393163,-0.13058134600413326,0.12714602482447562,0.08022533613485949,-3.552713678800501e-15
