,feature,divergence
6,EDU,3.8174513513601545
0,AGEP,2.6670863526676305
7,PINCP_DECILE,1.6776320710512242
2,MSP,1.006249932020161
3,RAC1P,0.5226549911754204
5,OWN_RENT,0.2697334749209461
1,SEX,0.230285890129172
4,HOUSING_TYPE,0.04526853267510643
9,DEYE,0.015054404218348687
8,DVET,0.00921316047940507
