,PUMA,SEX,MSP,HISP,RAC1P,OWN_RENT,INDP_CAT,EDU,PINCP_DECILE
PUMA,0.0,0.07252708151065032,0.04348624705088297,0.039630940090600045,0.05059579245288504,0.10968053726073497,0.0575023306493485,0.006915020783370099,-0.08386410395043588
SEX,0.07252708151065032,-9.43689570931383e-15,-0.044416550263746836,-0.009684148421019728,-0.025603954634311726,-0.008773818753172116,0.018211799170348417,0.01180332757665959,0.111974966012028
MSP,0.04348624705088297,-0.044416550263746836,4.551914400963142e-15,0.07198978263718915,0.01920424681150479,-0.0680481511768776,-0.3216992334308534,-0.15611370715931955,-0.29072420314059516
HISP,0.039630940090600045,-0.009684148421019728,0.07198978263718915,1.7763568394002505e-15,-0.13018628446229313,-0.1378357812863183,0.014025208158050844,0.15230416880527023,0.0558659122207154
RAC1P,0.05059579245288504,-0.025603954634311726,0.01920424681150479,-0.13018628446229313,2.4424906541753444e-15,-0.08567081108609054,-0.024487452484331235,0.09992265872668543,0.10215425258705978
OWN_RENT,0.10968053726073497,-0.008773818753172116,-0.0680481511768776,-0.1378357812863183,-0.08567081108609054,0.0,0.03079984088542071,0.14003400312074696,0.10608967199824257
INDP_CAT,0.0575023306493485,0.018211799170348417,-0.3216992334308534,0.014025208158050844,-0.024487452484331235,0.03079984088542071,2.886579864025407e-15,-0.3874820151015199,-0.4747313798606507
EDU,0.006915020783370099,0.01180332757665959,-0.15611370715931955,0.15230416880527023,0.09992265872668543,0.14003400312074696,-0.3874820151015199,-5.88418203051333e-15,-0.6719203778611209
PINCP_DECILE,-0.08386410395043588,0.111974966012028,-0.29072420314059516,0.0558659122207154,0.10215425258705978,0.10608967199824257,-0.4747313798606507,-0.6719203778611209,-5.440092820663267e-15
