,EDU,HISP,INDP_CAT,MSP,OWN_RENT,PINCP_DECILE,PUMA,RAC1P,SEX
0,-0.575786843933053,0.0655962186864465,-0.5141938332553491,-0.2728696795873833,-0.022671741617568648,-0.561256891150417,0.020403976696721657,0.08960660596565218,0.03666762089603044
1,0.017030301641701145,0.6184436714821491,0.11852298117427723,0.18150826369064282,0.20248105242787268,-0.06517823296749131,-0.4003205814922276,0.6014969265729582,0.054245256817450696
2,-0.018228842236507514,-0.06572759874428888,0.10657145973912872,0.46282526466701934,-0.5015049458213782,-0.2702253107525676,-0.13488876154469098,-0.10102759843425645,0.6456410825976938
3,-0.04154568258569072,0.11622791106425719,-0.03607345999869316,0.18129651282593867,-0.7187839530939931,0.010864233334594561,0.008139862360932646,0.1406566996147547,-0.643409932758159
4,-0.06316752979119157,0.4309566929144743,0.13171436987063434,0.15381880983238674,0.028788364074230997,-0.036416247239771715,0.8685452527883895,0.04125467046069767,0.10511695190815769
