,AGEP,HISP,MSP,NOC,NPF,OWN_RENT,PINCP_DECILE,POVPIP,PUMA,RAC1P,SEX
0,-0.41840829409804664,0.07317519200018296,-0.36073214733567227,0.5406571467877549,0.5055806361880879,0.12104875481954529,-0.31234783885455564,-0.11426033918891115,0.022956190466682135,0.12398031953303562,-0.019046616995424544
1,-0.2557920099086147,0.0016666730213672765,0.009929854513858073,-0.049686405053200405,0.03200620299598446,-0.664664209555937,-0.17883989153404495,0.6670922851266572,-0.07846254514826134,0.07740749141303466,-0.007301103883570264
2,-0.2914974127446697,0.41824814681787076,0.3957155791138623,-0.12821803866304565,-0.27797972033003604,0.13050625514202416,-0.40992921037273344,-0.16876846288925493,-0.27186216017245685,0.3840814102712112,0.23411565107063975
3,0.05343975209419828,0.385777771247368,-0.060158187230004684,0.02700858604666259,0.0667747728048172,0.0902628557029839,0.4103912842664158,0.1336733141555474,-0.2655451762105012,0.40749501736911214,-0.6391470789929385
4,-0.17424820983452224,0.26530503985094267,0.2374361690560915,-0.0777979588790097,-0.03766831774393967,-0.052572121049979555,-0.10699927780711799,-0.05701350704867897,0.8354238387356907,-0.03927021245115036,-0.34418757239760794
