,feature,divergence
0,AGEP,5.118550791102957
7,PINCP_DECILE,2.6994820065430756
6,EDU,0.7886139992301504
2,MSP,0.6788162459910005
5,OWN_RENT,0.1550318650523149
1,SEX,0.061765760684882154
4,HOUSING_TYPE,0.05786416606415584
3,RAC1P,0.015010241397025654
9,DEYE,0.006624493444059739
8,DVET,0.004375424084004783
