,feature,divergence
0,AGEP,4.9600706117099564
6,EDU,3.328383968419896
7,PINCP_DECILE,1.7458932438785635
2,MSP,0.8425873648895618
1,SEX,0.43163963426421115
3,RAC1P,0.42907790562742776
5,OWN_RENT,0.09782257568245052
9,DEYE,0.060062372269540004
8,DVET,0.039342630585476046
4,HOUSING_TYPE,0.012443665559127202
