,AGEP,DEYE,DVET,EDU,HOUSING_TYPE,MSP,OWN_RENT,PINCP_DECILE,RAC1P,SEX
0,-0.5003671965995969,0.03900010057801129,-0.09147255741886505,-0.5717285720585457,0.028571268082507484,-0.2328986609205569,0.06753307375165188,-0.5718403334470059,0.16142351159960155,0.013897306588227201
1,-0.036751302203525654,-0.009456974854131123,-0.020757550366643923,-0.009303160616241367,0.7107583250013616,0.23447166211410747,-0.6402728025062316,-0.11921538103751857,-0.09207325951810717,-0.07245047965053743
2,0.09901175711451636,-0.2779127426599041,0.6235894739239647,-0.1604642273035833,-0.06821032417491316,-0.3925356471229553,-0.14847233213294203,0.012234921473096128,-0.24609473311527358,-0.5068089898784689
3,-0.1134775810807192,-0.34360233153163056,0.22875269641391435,0.017965216400236073,0.09691595087680069,0.5511477770143648,0.2765624299491449,-0.018082836577391487,0.552729987573154,-0.3477484030132154
4,0.2373799763626614,-0.7955381192427753,-0.041654714747551905,-0.09690685272827115,0.003113264187001308,-0.017539553050335638,-0.018473106588023577,-0.16340211137630806,-0.08018248525364649,0.5156119949550523
