,AGEP,HISP,MSP,NOC,NPF,OWN_RENT,PINCP_DECILE,POVPIP,PUMA,RAC1P,SEX
0,-0.3771297048318146,0.10413523716016904,-0.3314779708948423,0.5079493510979779,0.4785791057231916,0.19554130976462403,-0.3508381593954961,-0.2510332787998792,0.08098020901853553,0.13530945076501014,0.02815887984840553
1,0.052178973524245637,0.24807681582745336,0.3832195882398836,-0.1230457568613399,-0.24863022882193953,0.57843542254192,-0.06139564421859188,-0.5542800656460348,-0.058284657287331273,0.22155712006781392,0.11769763512410177
2,-0.4393634691608916,0.318404144823102,0.2641064334945764,-0.16668641207366997,-0.15586776602492802,-0.3064122138005856,-0.39987663378438465,0.2983191300704259,-0.19432893443511245,0.4450536162784224,-0.07160088936239288
3,0.1762370063952863,0.6169614406085184,-0.10171802336394072,-0.018077411561728096,0.08682112931288985,-0.02441199542756234,0.30000688005160636,0.1059673167284701,0.6035702499803881,0.22463869077169732,-0.231298739580197
4,0.04670494665941041,0.12648154272851392,-0.00044495873169421267,-0.09334062214149443,-0.049240919725064884,-0.1945750225112202,-0.2385721757758274,0.0073530495517305835,0.3555128272420079,-0.15737767160476157,0.8512910417539021
