,DVET,EDU,HOUSING_TYPE,MSP,OWN_RENT,PINCP_DECILE,RAC1P,SEX
0,-0.09031920309991025,-0.652607975206154,-0.06349458514777884,-0.34581568321936057,0.10305849230679348,-0.6267725044602105,0.187804720300732,0.05991481447898361
1,-0.03223277540441821,-0.09494912511478062,0.7070728781467983,0.1837088015788413,-0.6381895809962019,-0.2010677529569973,-0.0695581989260179,-0.060763537028541204
2,0.6191160860933849,-0.10489808312742255,-0.0717106238159941,-0.3768846420570476,-0.14229518646533595,0.07709388088563307,-0.2564692480512388,-0.6054249378352955
3,0.2262822733951976,-0.03105127250116756,0.10700090777168905,0.4467506861810227,0.21624730141007453,-0.04654458456248591,0.7181067812911122,-0.4149579958266423
4,0.7400568506373811,0.02371633194120404,0.05307972837067608,0.07121889655772581,-0.006103888259119297,-0.08754464201720777,0.08985298546435883,0.6542850478487734
