,PUMA,SEX,MSP,HISP,RAC1P,OWN_RENT,INDP_CAT,EDU,PINCP_DECILE
PUMA,-6.8833827526759706e-15,0.04808883038246807,0.023109454396438904,-0.4838723729807468,-0.20608174131221435,-0.039704301707345624,0.06498008550004884,0.2924792050505058,0.27441652980170406
SEX,0.04808883038246807,-7.771561172376096e-16,0.01448915936919897,-0.007536949191938825,0.01026817452952556,-0.07527533212347495,-0.04216190128610803,-0.05145093428673546,0.02169538554647659
MSP,0.023109454396438904,0.01448915936919897,1.1102230246251565e-16,0.059769786828738285,0.07352290866165825,0.07955670252262748,-0.056589286184946186,-0.11528368902666475,-0.1189881214579469
HISP,-0.4838723729807468,-0.007536949191938825,0.059769786828738285,0.0,-0.29320982308120824,-0.13444866282945292,0.024090086434516805,0.17651915810947488,0.14135742509322505
RAC1P,-0.20608174131221435,0.01026817452952556,0.07352290866165825,-0.29320982308120824,0.0,-0.10892344860845798,0.02517476020791853,0.10551351123535702,0.07814238557226015
OWN_RENT,-0.039704301707345624,-0.07527533212347495,0.07955670252262748,-0.13444866282945292,-0.10892344860845798,6.661338147750939e-15,-0.06284536538008681,-0.00380893642508337,-0.043561880167735406
INDP_CAT,0.06498008550004884,-0.04216190128610803,-0.056589286184946186,0.024090086434516805,0.02517476020791853,-0.06284536538008681,2.9976021664879227e-15,0.02562474845616952,-0.022856347846516634
EDU,0.2924792050505058,-0.05145093428673546,-0.11528368902666475,0.17651915810947488,0.10551351123535702,-0.00380893642508337,0.02562474845616952,-5.88418203051333e-15,0.03716151551221414
PINCP_DECILE,0.27441652980170406,0.02169538554647659,-0.1189881214579469,0.14135742509322505,0.07814238557226015,-0.043561880167735406,-0.022856347846516634,0.03716151551221414,6.8833827526759706e-15
