,AGEP,DEYE,DVET,EDU,HOUSING_TYPE,MSP,OWN_RENT,PINCP_DECILE,RAC1P,SEX
0,-0.5003671965995972,0.039000100578010954,-0.09147255741886635,-0.5717285720585461,0.028571268082507262,-0.23289866092055628,0.06753307375165166,-0.5718403334470061,0.16142351159960208,0.013897306588229075
1,-0.0367513022035253,-0.009456974854132019,-0.0207575503666422,-0.009303160616241776,0.710758325001361,0.2344716621141068,-0.6402728025062314,-0.11921538103751876,-0.09207325951810869,-0.07245047965053844
2,0.09901175711451222,-0.2779127426599032,0.6235894739239672,-0.16046422730358217,-0.06821032417491382,-0.392535647122949,-0.1484723321329368,0.012234921473095378,-0.2460947331152631,-0.5068089898784779
3,-0.11347758108069124,-0.3436023315317235,0.22875269641389617,0.01796521640022722,0.09691595087680173,0.5511477770143658,0.2765624299491427,-0.018082836577411138,0.5527299875731513,-0.3477484030131488
4,0.23737997636267577,-0.7955381192427373,-0.04165471474757687,-0.09690685272827404,0.0031132641869887345,-0.017539553050403514,-0.018473106588056412,-0.16340211137630467,-0.08018248525371668,0.5156119949550882
