,PUMA,SEX,MSP,HISP,RAC1P,OWN_RENT,INDP_CAT,EDU,PINCP_DECILE
PUMA,0.0,-0.011617999421396304,0.08930475934992706,0.053034628118060936,0.04460660282400639,0.2016167902024988,0.032785275057070545,-0.010229272555891102,-0.038296563407156065
SEX,-0.011617999421396304,3.6637359812630166e-15,-0.024696037527070103,-0.017846852485871402,-0.004761808249954999,0.001275375764473482,0.019967147969332223,-0.07259503485484503,0.06874890867005656
MSP,0.08930475934992706,-0.024696037527070103,4.551914400963142e-15,-0.008512983898481551,-0.07701406504101639,-0.03876915078980168,-0.08400074094724921,0.06541585285423754,-0.008213374964391534
HISP,0.053034628118060936,-0.017846852485871402,-0.008512983898481551,1.6653345369377348e-15,-0.049370224123258866,-0.11597080818936961,-0.015623059312233172,0.02408044309006538,0.005683194234587463
RAC1P,0.04460660282400639,-0.004761808249954999,-0.07701406504101639,-0.049370224123258866,-1.3322676295501878e-15,-0.054861311320272624,-0.008155812605937153,0.08121973786855978,0.12253184682036113
OWN_RENT,0.2016167902024988,0.001275375764473482,-0.03876915078980168,-0.11597080818936961,-0.054861311320272624,0.0,-0.03837666825466029,0.12295385714985516,0.07142885720586586
INDP_CAT,0.032785275057070545,0.019967147969332223,-0.08400074094724921,-0.015623059312233172,-0.008155812605937153,-0.03837666825466029,-1.9984014443252818e-15,-0.09182962596688099,0.006543440133829126
EDU,-0.010229272555891102,-0.07259503485484503,0.06541585285423754,0.02408044309006538,0.08121973786855978,0.12295385714985516,-0.09182962596688099,1.5543122344752192e-15,-0.027068131831333386
PINCP_DECILE,-0.038296563407156065,0.06874890867005656,-0.008213374964391534,0.005683194234587463,0.12253184682036113,0.07142885720586586,0.006543440133829126,-0.027068131831333386,1.5543122344752192e-15
