,AGEP,HISP,MSP,NOC,NPF,OWN_RENT,PINCP_DECILE,POVPIP,PUMA,RAC1P,SEX
0,-0.3771297048318148,0.10413523716016893,-0.33147797089484227,0.5079493510979778,0.47857910572319157,0.1955413097646249,-0.3508381593954951,-0.2510332787998801,0.08098020901853514,0.13530945076501064,0.028158879848406322
1,0.05217897352424764,0.24807681582745245,0.3832195882398828,-0.1230457568613406,-0.24863022882194047,0.5784354225419227,-0.061395644218591325,-0.5542800656460354,-0.0582846572873334,0.2215571200678138,0.11769763512410236
2,-0.4393634691608907,0.3184041448231012,0.26410643349457635,-0.16668641207367108,-0.15586776602492752,-0.30641221380058387,-0.399876633784385,0.2983191300704243,-0.1943289344351154,0.44505361627842543,-0.07160088936238854
3,0.17623700639528686,0.61696144060852,-0.10171802336394103,-0.01807741156172843,0.0868211293128898,-0.02441199542756206,0.3000068800516066,0.10596731672847051,0.603570249980384,0.2246386907717016,-0.23129873958019662
4,0.046704946659411065,0.1264815427285149,-0.00044495873169341817,-0.09334062214149404,-0.04924091972506496,-0.19457502251121922,-0.23857217577582657,0.007353049551729411,0.3555128272420096,-0.15737767160476238,0.8512910417539026
