,feature,divergence
7,EDU,0.039429314349101005
6,INDP_CAT,0.023464585459956326
8,PINCP_DECILE,0.016687802384334954
0,PUMA,0.014985238823337022
2,MSP,0.005577182790155524
3,HISP,0.0045546176387558
4,RAC1P,0.003064742689311714
5,OWN_RENT,0.0021013918418045993
1,SEX,0.00124408936842757
