,EDU,HISP,INDP_CAT,MSP,OWN_RENT,PINCP_DECILE,PUMA,RAC1P,SEX
0,-0.575786843933053,0.06559621868644594,-0.5141938332553492,-0.27286967958738345,-0.02267174161756892,-0.5612568911504169,0.020403976696721705,0.08960660596565193,0.03666762089603026
1,0.017030301641701596,0.6184436714821474,0.11852298117427662,0.18150826369063672,0.20248105242787723,-0.06517823296748954,-0.40032058149222705,0.6014969265729594,0.054245256817448295
2,-0.018228842236506882,-0.06572759874428351,0.1065714597391299,0.4628252646670185,-0.5015049458213781,-0.2702253107525674,-0.13488876154469162,-0.10102759843424994,0.6456410825976956
3,-0.041545682585691,0.11622791106425999,-0.03607345999869271,0.18129651282594028,-0.7187839530939913,0.010864233334594284,0.008139862360932745,0.14065669961475524,-0.6434099327581592
4,-0.0631675297911928,0.43095669291447325,0.13171436987063456,0.15381880983238894,0.028788364074236142,-0.03641624723977227,0.868545252788389,0.04125467046069821,0.10511695190815584
