,PUMA,SEX,MSP,HISP,RAC1P,OWN_RENT,INDP_CAT,EDU,PINCP_DECILE
PUMA,2.3314683517128287e-15,-0.01268583918403377,0.03155870969737936,0.04556697034934015,-0.09834593708775011,-0.015513210054931888,-0.014557062502427885,0.02418046558382192,0.019261274108076314
SEX,-0.01268583918403377,0.0,-0.030676628382081052,0.04141796038402172,0.03378028773403398,0.004237248327100644,0.012829336215945238,0.04269180257553279,-0.05857217634636458
MSP,0.03155870969737936,-0.030676628382081052,-9.992007221626409e-16,0.04257082717344072,-0.006329952403000984,0.24032237739105355,-0.005336488195818612,-0.04313235162328477,-0.1529803305553972
HISP,0.04556697034934015,0.04141796038402172,0.04257082717344072,8.881784197001252e-16,0.06714738638801596,0.04499569672309639,0.019910914425720145,0.015893614146557808,0.00022080462512127919
RAC1P,-0.09834593708775011,0.03378028773403398,-0.006329952403000984,0.06714738638801596,-3.774758283725532e-15,0.06238251662038624,-0.030238006315232477,-0.005813453386061582,0.004753168481234346
OWN_RENT,-0.015513210054931888,0.004237248327100644,0.24032237739105355,0.04499569672309639,0.06238251662038624,3.774758283725532e-15,0.014678399152976598,-0.04133601063750951,-0.09740288390173125
INDP_CAT,-0.014557062502427885,0.012829336215945238,-0.005336488195818612,0.019910914425720145,-0.030238006315232477,0.014678399152976598,3.552713678800501e-15,0.07060774553478266,0.029479906326088656
EDU,0.02418046558382192,0.04269180257553279,-0.04313235162328477,0.015893614146557808,-0.005813453386061582,-0.04133601063750951,0.07060774553478266,-1.1102230246251565e-16,0.047375627220765604
PINCP_DECILE,0.019261274108076314,-0.05857217634636458,-0.1529803305553972,0.00022080462512127919,0.004753168481234346,-0.09740288390173125,0.029479906326088656,0.047375627220765604,-4.440892098500626e-16
