,feature,divergence
1,AGEP,14.622985137115343
9,PINCP_DECILE,3.8171488968159597
7,NPF,2.38138030194105
10,POVPIP,1.7274331079094385
0,PUMA,1.424727668845316
3,MSP,1.1225197337873394
6,NOC,0.7444729857920935
8,OWN_RENT,0.2806847991163882
4,HISP,0.22358527898694103
5,RAC1P,0.18452304941897588
2,SEX,0.03931515535827523
11,DEYE,0.024519549370444003
