,PUMA,SEX,MSP,HISP,RAC1P,OWN_RENT,INDP_CAT,EDU,PINCP_DECILE
PUMA,1.7763568394002505e-15,-0.004454249997435817,0.011015434280059827,-9.014104629609387e-05,0.008972802141672051,0.0055561762426322905,0.005299833251680534,-0.012390708358671093,-0.010750259616208915
SEX,-0.004454249997435817,0.0,0.007601318006063628,0.012160679605514806,-0.0008733290798798804,0.00045749834035687525,-0.003244414482729982,-0.0063713467018867605,0.0009201636977448913
MSP,0.011015434280059827,0.007601318006063628,0.0,-0.007806896363273308,0.01084337463289264,0.007382507294359488,-0.0001314857326107921,0.011679954431443706,0.006212948587367845
HISP,-9.014104629609387e-05,0.012160679605514806,-0.007806896363273308,3.6637359812630166e-15,0.0091013900409114,0.00926391349810085,-0.0011102666707424667,-0.010251271049379104,-0.007566480539406284
RAC1P,0.008972802141672051,-0.0008733290798798804,0.01084337463289264,0.0091013900409114,-6.661338147750939e-16,-0.004726680711569162,0.00557346120486912,0.008254087258858164,0.01008510278484076
OWN_RENT,0.0055561762426322905,0.00045749834035687525,0.007382507294359488,0.00926391349810085,-0.004726680711569162,3.774758283725532e-15,-0.007106696369412899,0.0015974304771358,0.0048485203291859565
INDP_CAT,0.005299833251680534,-0.003244414482729982,-0.0001314857326107921,-0.0011102666707424667,0.00557346120486912,-0.007106696369412899,3.552713678800501e-15,0.0015072223077735036,0.01036476865846736
EDU,-0.012390708358671093,-0.0063713467018867605,0.011679954431443706,-0.010251271049379104,0.008254087258858164,0.0015974304771358,0.0015072223077735036,5.551115123125783e-16,0.00519010592473701
PINCP_DECILE,-0.010750259616208915,0.0009201636977448913,0.006212948587367845,-0.007566480539406284,0.01008510278484076,0.0048485203291859565,0.01036476865846736,0.00519010592473701,-1.1102230246251565e-16
