,PUMA,SEX,MSP,HISP,RAC1P,OWN_RENT,INDP_CAT,EDU,PINCP_DECILE
PUMA,1.5543122344752192e-15,0.0004451829453318342,0.015185470826710581,-0.015636075939895314,0.005740608929081237,-0.00691982582950949,-0.009639929628402402,0.015713461080910374,0.0012315527364911913
SEX,0.0004451829453318342,0.0,-0.004339982869127738,-0.003862829857028411,0.010213750371807785,-0.010443872223908086,-0.00582384842910031,0.00019366249700609323,0.0
MSP,0.015185470826710581,-0.004339982869127738,0.0,-0.010188947916797583,0.006463513703118547,0.01351458132045684,-0.06057948600692831,-0.07219154182728274,-0.026504909866568782
HISP,-0.015636075939895314,-0.003862829857028411,-0.010188947916797583,3.6637359812630166e-15,-0.05471692710839557,-0.019496094653653373,-0.0036127751646089475,0.016365783862531957,0.00462739584775454
RAC1P,0.005740608929081237,0.010213750371807785,0.006463513703118547,-0.05471692710839557,0.0,-0.029949111176485604,0.0070178380253897304,0.028086984338390186,0.01788740338710243
OWN_RENT,-0.00691982582950949,-0.010443872223908086,0.01351458132045684,-0.019496094653653373,-0.029949111176485604,1.1102230246251565e-16,-0.0141557708388734,0.016826205654589296,-0.009424650871455014
INDP_CAT,-0.009639929628402402,-0.00582384842910031,-0.06057948600692831,-0.0036127751646089475,0.0070178380253897304,-0.0141557708388734,3.552713678800501e-15,-0.08269969243838354,-0.023684528548589823
EDU,0.015713461080910374,0.00019366249700609323,-0.07219154182728274,0.016365783862531957,0.028086984338390186,0.016826205654589296,-0.08269969243838354,1.2212453270876722e-15,-0.09489315887681071
PINCP_DECILE,0.0012315527364911913,0.0,-0.026504909866568782,0.00462739584775454,0.01788740338710243,-0.009424650871455014,-0.023684528548589823,-0.09489315887681071,0.0
