,AGEP,HISP,MSP,NOC,NPF,OWN_RENT,PINCP_DECILE,POVPIP,PUMA,RAC1P,SEX
0,-0.41840829409804725,0.07317519200018308,-0.3607321473356718,0.5406571467877548,0.5055806361880877,0.12104875481954529,-0.3123478388545561,-0.11426033918891079,0.02295619046668218,0.12398031953303582,-0.0190466169954242
1,-0.2557920099086152,0.0016666730213681924,0.009929854513859892,-0.049686405053200836,0.03200620299598356,-0.6646642095559369,-0.17883989153404706,0.6670922851266565,-0.07846254514826098,0.07740749141303471,-0.007301103883568475
2,-0.29149741274466917,0.4182481468178702,0.39571557911386257,-0.12821803866304593,-0.2779797203300373,0.13050625514202613,-0.40992921037273355,-0.1687684628892569,-0.27186216017245646,0.38408141027121023,0.23411565107063922
3,0.05343975209419756,0.3857777712473674,-0.06015818723000406,0.02700858604666337,0.06677477280481772,0.09026285570298305,0.4103912842664167,0.13367331415554887,-0.2655451762105046,0.4074950173691121,-0.6391470789929375
4,-0.1742482098345278,0.26530503985093656,0.2374361690560971,-0.07779795887900878,-0.03766831774394101,-0.05257212104997708,-0.1069992778071191,-0.05701350704868004,0.8354238387356846,-0.03927021245115584,-0.34418757239761955
