,PUMA,SEX,MSP,HISP,RAC1P,OWN_RENT,INDP_CAT,EDU,PINCP_DECILE
PUMA,0.0,-0.12227740205581808,0.07099638573988461,-0.19873429605214676,,-0.22101560857010671,0.2893925774906073,0.17283934646382876,0.24296760868823755
SEX,-0.12227740205581808,-5.551115123125783e-16,0.030724286278624627,0.2500170771452681,,0.028301364579342386,-0.3268129839028998,-0.07706153813167232,-0.11481557708937609
MSP,0.07099638573988461,0.030724286278624627,8.881784197001252e-16,-0.09632896109399464,,-0.11621191280151949,-0.07590003765114264,0.13543973551630104,0.12291053756912382
HISP,-0.19873429605214676,0.2500170771452681,-0.09632896109399464,2.220446049250313e-15,,-0.09778713335824828,-0.039870569933550815,0.0806719308600359,0.014971759131607573
RAC1P,,,,,,,,,
OWN_RENT,-0.22101560857010671,0.028301364579342386,-0.11621191280151949,-0.09778713335824828,,8.326672684688674e-15,-0.11934961278644614,0.07021771859497272,-0.07169290258948428
INDP_CAT,0.2893925774906073,-0.3268129839028998,-0.07590003765114264,-0.039870569933550815,,-0.11934961278644614,-1.6653345369377348e-15,0.2344799313433954,0.45345451081850274
EDU,0.17283934646382876,-0.07706153813167232,0.13543973551630104,0.0806719308600359,,0.07021771859497272,0.2344799313433954,2.220446049250313e-16,0.09508847772962936
PINCP_DECILE,0.24296760868823755,-0.11481557708937609,0.12291053756912382,0.014971759131607573,,-0.07169290258948428,0.45345451081850274,0.09508847772962936,2.220446049250313e-16
