,PUMA,SEX,MSP,HISP,RAC1P,OWN_RENT,INDP_CAT,EDU,PINCP_DECILE
PUMA,2.7755575615628914e-15,-0.010428598775448538,0.031117605921325297,0.010197576497857647,0.07486591769889402,0.007947074888056205,0.007162788107685725,0.0420384627631864,-0.02615616513048881
SEX,-0.010428598775448538,0.0,0.004864434174521055,0.024357798098652066,-0.010657850238824297,0.023167969747316268,-0.010961550245960135,-0.07068309114860888,0.05671080107353771
MSP,0.031117605921325297,0.004864434174521055,-1.1546319456101628e-14,-0.027978029619367625,-0.04400995728110152,0.04766621241629556,-0.14179050013832697,0.005106818283673986,-0.01614037475934174
HISP,0.010197576497857647,0.024357798098652066,-0.027978029619367625,0.0,-0.01885738570301909,-0.05789907906666157,-0.00589674436333284,0.07740009669866492,0.07640805408422471
RAC1P,0.07486591769889402,-0.010657850238824297,-0.04400995728110152,-0.01885738570301909,0.0,-0.3268091246308089,0.08954508268625327,0.02752778762987699,0.13373089189934245
OWN_RENT,0.007947074888056205,0.023167969747316268,0.04766621241629556,-0.05789907906666157,-0.3268091246308089,0.0,-0.09867955007634627,0.004703930898435316,-0.054880202297962435
INDP_CAT,0.007162788107685725,-0.010961550245960135,-0.14179050013832697,-0.00589674436333284,0.08954508268625327,-0.09867955007634627,1.0880185641326534e-14,-0.24758256655579824,-0.18941338901816795
EDU,0.0420384627631864,-0.07068309114860888,0.005106818283673986,0.07740009669866492,0.02752778762987699,0.004703930898435316,-0.24758256655579824,-1.7763568394002505e-15,-0.06041657918437193
PINCP_DECILE,-0.02615616513048881,0.05671080107353771,-0.01614037475934174,0.07640805408422471,0.13373089189934245,-0.054880202297962435,-0.18941338901816795,-0.06041657918437193,1.1102230246251565e-15
