,AGEP,DEYE,DVET,EDU,HOUSING_TYPE,MSP,OWN_RENT,PINCP_DECILE,RAC1P,SEX
0,-0.5003671965995967,0.03900010057801184,-0.09147255741886504,-0.5717285720585461,0.02857126808250539,-0.23289866092055736,0.06753307375165397,-0.5718403334470058,0.16142351159960322,0.01389730658822784
1,-0.03675130220352719,-0.009456974854131578,-0.020757550366645252,-0.009303160616243072,0.7107583250013613,0.23447166211410772,-0.6402728025062311,-0.11921538103752087,-0.09207325951810731,-0.07245047965053748
2,0.09901175711451565,-0.2779127426598989,0.6235894739239616,-0.16046422730358292,-0.06821032417491299,-0.3925356471229585,-0.1484723321329442,0.012234921473098015,-0.24609473311527186,-0.5068089898784747
3,-0.11347758108069549,-0.343602331531712,0.22875269641390816,0.017965216400226164,0.0969159508768003,0.5511477770143627,0.27656242994914265,-0.01808283657740717,0.5527299875731448,-0.3477484030131676
4,0.2373799763626719,-0.7955381192427428,-0.04165471474756774,-0.09690685272827432,0.003113264186990483,-0.01753955305039212,-0.018473106588050764,-0.1634021113763064,-0.08018248525370521,0.5156119949550847
