,feature,divergence
10,POVPIP,4.030026869995813
0,PUMA,3.3334210339242882
7,NPF,2.1478299326373858
9,PINCP_DECILE,1.237138819026398
1,AGEP,0.710921976245472
5,RAC1P,0.015546397220214456
3,MSP,0.011166132674769853
6,NOC,0.010649610180763788
2,SEX,0.00689801278105362
8,OWN_RENT,0.004816966304685977
4,HISP,0.0015091067219159095
