,EDU,HISP,INDP_CAT,MSP,OWN_RENT,PINCP_DECILE,PUMA,RAC1P,SEX
0,-0.5661256654249889,0.15509979203949464,-0.4897462755127018,-0.30435521113345515,0.049481524472133456,-0.553453617003725,-0.04389932701996396,0.1068216671263643,0.029409685729566606
1,-0.0034601267865830027,0.6176667604119614,0.20689453940539132,0.2600836941654896,0.33893200713046956,-0.02047151563609273,0.21019913550127747,0.5896488174217647,0.029385869665178612
2,-0.018556109310644345,0.12612634670485665,-0.10267619157272319,-0.2135048290619381,-0.2902481486688511,0.2262365613859601,0.04080408225365669,0.2012757729670282,-0.866035347835188
3,-0.050007315340295976,0.05132823467927066,0.0827280376932287,0.18707511355719078,0.031452503601854614,-0.003924210086919934,-0.959916350080698,0.16169289819498658,-0.06659581456505032
4,0.08749415590913916,0.10041662662183429,0.00390223393647883,-0.007443873101256205,-0.8449588410538782,-0.04769712797520603,0.0072988912787168205,0.3602809085133139,0.3689235275201655
