,AGEP,DEAR,DENSITY,DEYE,DPHY,DREM,DVET,EDU,HISP,HOUSING_TYPE,INDP_CAT,MSP,NPF,OWN_RENT,PINCP_DECILE,POVPIP,PUMA,PWGTP,RAC1P,SEX,WGTP
0,-0.29741100820650035,0.01975269781370327,-0.039747635645651404,-0.009023417055868729,-0.3592222471606186,-0.3704208128283466,-0.03050538734381949,-0.42488225865588847,0.0680207431023285,-0.1082214665591612,-0.2763841072793886,-0.24613243514415412,0.26372219125562835,0.12274007379547193,-0.36983506135930805,-0.18976834302754847,0.05058424122192125,0.13967393839159417,0.08941818445313712,0.00565141501211894,0.14484410167279604
1,0.045590450217019296,0.041630693113953926,0.14454494907882098,0.011686175668048167,0.1584315963128975,0.16247799078198122,-0.006190403593217432,0.12074672171220988,0.10006410540135904,-0.38751220760241123,0.19059345848460627,0.07756857033239467,0.050639991949969404,0.4502767831265078,0.13251457665809446,-0.3244922495521393,-0.016484113208920063,0.40153043155745216,0.07782926729781503,0.04627910642511525,0.4567855669071317
2,-0.2661941943716534,0.16513777498255805,0.38178942230604335,0.08136775354792797,0.010558851777883835,-0.017317555996705175,-0.13723001212317584,-0.0739005379061849,0.20448065782877062,0.4416771509841251,0.019196862867479264,0.3608249927095826,-0.2639610085939407,-0.08639114317289236,-0.182771143799781,0.18243907163536802,-0.24842818151357576,0.2785617932725436,0.20660132588369842,-0.0005731256230981647,0.17748656027821783
3,0.29220275338549767,-0.508751612473583,0.01841203311146492,-0.46772809115144215,-0.2642160459039917,-0.2210028043943452,0.19808192067853342,-0.012276571526471533,-0.0958642880814708,0.08114066229870422,-0.13950577850531118,0.16679929524449355,-0.3537516980892576,0.014449720287990004,0.045597519446033546,-0.06934721441797627,-0.09178723671796324,0.17365730187654102,-0.12319127399769271,-0.07576548095897015,0.15442842981910798
4,-0.0742532424063982,0.14131902284798292,-0.213865471464939,0.2336797438888017,-0.1162140936550848,-0.13779445742670188,0.08855160175961801,0.07605407998583802,-0.29932861586667253,0.08127534626403998,0.10597856164198519,-0.17201516090411095,0.05986239469587294,-0.2383767313085391,0.21151047584356333,0.3516338661852506,0.08397794906781522,0.4088855543338128,-0.33686452111259074,-0.17080463831883405,0.3812433140063571
