,AGEP,DEYE,DVET,EDU,HOUSING_TYPE,MSP,OWN_RENT,PINCP_DECILE,RAC1P,SEX
0,-0.5003671965995968,0.03900010057801062,-0.09147255741886513,-0.5717285720585457,0.028571268082504833,-0.23289866092055767,0.06753307375165407,-0.5718403334470054,0.16142351159960328,0.013897306588228422
1,-0.036751302203527236,-0.009456974854131432,-0.02075755036664336,-0.009303160616243427,0.7107583250013607,0.23447166211410633,-0.6402728025062314,-0.1192153810375205,-0.09207325951810605,-0.0724504796505394
2,0.09901175711451306,-0.2779127426598968,0.6235894739239617,-0.1604642273035821,-0.06821032417491515,-0.3925356471229542,-0.14847233213294014,0.012234921473097765,-0.246094733115272,-0.5068089898784793
3,-0.11347758108069586,-0.3436023315317067,0.22875269641390522,0.017965216400227302,0.09691595087680038,0.5511477770143633,0.276562429949143,-0.018082836577406558,0.5527299875731484,-0.3477484030131689
4,0.23737997636267286,-0.7955381192427445,-0.041654714747561244,-0.09690685272827537,0.003113264186992065,-0.017539553050390205,-0.0184731065880505,-0.16340211137630667,-0.08018248525370329,0.5156119949550813
