,AGEP,DEYE,DVET,EDU,HOUSING_TYPE,MSP,OWN_RENT,PINCP_DECILE,RAC1P,SEX
0,-0.5003671965995963,0.039000100578011176,-0.09147255741886622,-0.5717285720585459,0.028571268082505,-0.2328986609205579,0.06753307375165388,-0.5718403334470055,0.16142351159960275,0.013897306588227833
1,-0.03675130220352704,-0.009456974854131824,-0.02075755036664466,-0.009303160616243242,0.710758325001361,0.23447166211410672,-0.6402728025062306,-0.11921538103752058,-0.09207325951810673,-0.07245047965053698
2,0.09901175711451445,-0.2779127426598939,0.6235894739239619,-0.16046422730358212,-0.0682103241749141,-0.3925356471229603,-0.1484723321329449,0.012234921473097543,-0.24609473311527608,-0.5068089898784727
3,-0.11347758108070438,-0.34360233153167735,0.22875269641391355,0.017965216400229356,0.09691595087679977,0.5511477770143585,0.2765624299491405,-0.018082836577399314,0.5527299875731517,-0.3477484030131952
4,0.23737997636266797,-0.7955381192427589,-0.041654714747554916,-0.09690685272827365,0.0031132641869949795,-0.017539553050367973,-0.01847310658803797,-0.1634021113763069,-0.08018248525367919,0.5156119949550676
