,EDU,HISP,INDP_CAT,MSP,OWN_RENT,PINCP_DECILE,PUMA,RAC1P,SEX
0,-0.5711275826037832,0.09765649436927881,-0.5004442530985018,-0.2982862216892416,0.004362825624501437,-0.5535746002048507,0.05716361394535768,0.12286875986066861,0.0053934997282112165
1,-0.025747737539156237,0.5862344447408907,0.20355365568546813,0.2048359569052632,0.49800452564231973,-0.03326728927976996,0.03571805441057934,0.5505229960803357,0.13714153676526664
2,-0.027387643779077122,0.2879531448740125,0.10222790078216895,-0.23418829899428562,-0.028306563639922185,0.1475363813454961,0.8607935323039914,-0.23521682401784172,-0.17938086664464462
3,-0.01128999682737997,0.12662160088743168,-0.09007063761035337,0.08884907473649004,-0.15136372707000062,0.09636782792189866,-0.15395168477611923,0.24738566200910492,-0.9223524842354359
4,0.04110511941977894,0.3404424175276379,-0.014689687027022003,0.34714485769652176,-0.8096861230088351,-0.11316330943767026,0.07429342428193185,0.1773301091845798,0.23732036883592322
