,AGEP,HISP,MSP,NOC,NPF,OWN_RENT,PINCP_DECILE,POVPIP,PUMA,RAC1P,SEX
0,-0.4620673165575867,0.17229438035653866,-0.23524154992406798,0.4852564301774994,0.4497517383679854,0.15256761391536033,-0.4038975082063281,-0.25521431409625994,-0.013253438783225224,0.1094517627498813,0.004434341342924156
1,0.04022263831138945,0.1795282170746726,0.41344433077752035,-0.13969336011938305,-0.28381007263920427,0.5779938689345114,-0.08425944050002004,-0.5547096160240305,0.00957516519055759,0.14606512945054625,0.1576296990343297
2,-0.10705523648905135,0.5597321764429578,0.14670291473082503,-0.08323796522869081,-0.06712917640353638,-0.21244911824654272,0.034658861968053345,0.23380931579635278,0.3108301723292697,0.6413793303764179,-0.18247447616035206
3,-0.047437523714935155,0.001967173877627065,0.02697304167510079,-0.135942302029084,-0.11168192354357327,-0.31025322956711754,-0.3980486661739814,0.10449213536054583,-0.028986063252177507,0.08625873147996453,0.8319651020294381
4,0.0384999701622929,0.10322755847068568,0.07154933010310918,-0.05633622718184146,0.014544651477986822,-0.15383582298267323,-0.021778709689949168,-0.04212116724928623,-0.9284815800060374,0.27253681804360536,-0.13072441429580237
