,AGEP,DEYE,DVET,EDU,HOUSING_TYPE,MSP,OWN_RENT,PINCP_DECILE,RAC1P,SEX
0,-0.5003671965995977,0.039000100578011176,-0.09147255741886647,-0.5717285720585461,0.02857126808250776,-0.23289866092055544,0.06753307375165304,-0.5718403334470064,0.1614235115996036,0.013897306588227687
1,-0.03675130220352589,-0.009456974854131852,-0.020757550366643725,-0.009303160616241552,0.7107583250013616,0.2344716621141082,-0.6402728025062311,-0.11921538103751861,-0.09207325951810699,-0.07245047965053837
2,0.09901175711451583,-0.2779127426599099,0.6235894739239601,-0.16046422730358445,-0.06821032417491345,-0.39253564712295547,-0.1484723321329417,0.012234921473095545,-0.24609473311527047,-0.5068089898784729
3,-0.11347758108070743,-0.34360233153166675,0.2287526964139117,0.017965216400233075,0.09691595087680047,0.551147777014366,0.2765624299491454,-0.01808283657739823,0.5527299875731517,-0.3477484030131888
4,0.23737997636266597,-0.7955381192427587,-0.04165471474756467,-0.09690685272827143,0.0031132641869967143,-0.01753955305036027,-0.01847310658803618,-0.1634021113763066,-0.08018248525367126,0.51561199495507
