,PUMA,SEX,MSP,HISP,RAC1P,OWN_RENT,INDP_CAT,EDU,PINCP_DECILE
PUMA,2.3314683517128287e-15,0.005518782376723232,0.08384821480866755,-0.11158452492151716,0.05727738637151726,0.006303333443585113,-0.018059270175709886,0.09141677915183732,-0.0012323477464027616
SEX,0.005518782376723232,-2.6645352591003757e-15,0.007948998776063152,-0.010473566656446292,-0.00911643305668693,-0.029145590533787666,-0.048163105259818706,-0.03361793423073812,0.07840117370070247
MSP,0.08384821480866755,0.007948998776063152,-2.3314683517128287e-15,-0.024728249503248024,0.03145409041733422,0.0013028450878967979,0.001486820191157645,0.007679182391739647,0.007596311696191599
HISP,-0.11158452492151716,-0.010473566656446292,-0.024728249503248024,3.6637359812630166e-15,-0.18246164486289732,-0.10032694339611702,-0.0037921520704626696,0.0972618910128452,0.07413471308873461
RAC1P,0.05727738637151726,-0.00911643305668693,0.03145409041733422,-0.18246164486289732,-2.7755575615628914e-15,-0.10003255691040891,0.018933835510789858,0.03856801256554132,0.04867491312183771
OWN_RENT,0.006303333443585113,-0.029145590533787666,0.0013028450878967979,-0.10032694339611702,-0.10003255691040891,3.774758283725532e-15,-0.08292391110720956,0.0070447346503517555,-0.0031195186604246958
INDP_CAT,-0.018059270175709886,-0.048163105259818706,0.001486820191157645,-0.0037921520704626696,0.018933835510789858,-0.08292391110720956,1.7763568394002505e-15,-0.03944077748502295,-0.036259191532607316
EDU,0.09141677915183732,-0.03361793423073812,0.007679182391739647,0.0972618910128452,0.03856801256554132,0.0070447346503517555,-0.03944077748502295,-3.3306690738754696e-16,-0.00013098619905160813
PINCP_DECILE,-0.0012323477464027616,0.07840117370070247,0.007596311696191599,0.07413471308873461,0.04867491312183771,-0.0031195186604246958,-0.036259191532607316,-0.00013098619905160813,0.0
