,PUMA,SEX,MSP,HISP,RAC1P,OWN_RENT,INDP_CAT,EDU,PINCP_DECILE
PUMA,1.1102230246251565e-16,0.0034247970932188873,0.08175271741765933,-0.15240472613166323,,-0.1683989266961075,0.11225905292141453,-0.04269248344046261,0.08275417249439274
SEX,0.003424797093218888,-1.1102230246251565e-16,-0.07403548440414759,0.14585426910399868,,-0.05770844416958045,-0.22912015880663797,-0.03901753719750886,0.058419403872071285
MSP,0.08175271741765933,-0.07403548440414759,0.0,-0.07030087989838256,,-0.09687637641385909,0.32817118152539615,0.31475220892182776,0.7491090188293248
HISP,-0.15240472613166323,0.1458542691039987,-0.07030087989838256,0.0,,-0.12388329098679138,-0.017608411499450263,0.26983588832286587,0.03294059919951424
RAC1P,,,,,,,,,
OWN_RENT,-0.1683989266961075,-0.057708444169580445,-0.0968763764138591,-0.12388329098679139,,0.0,-0.07496789521084568,0.14027989307163735,-0.028469678481890227
INDP_CAT,0.11225905292141453,-0.22912015880663797,0.32817118152539615,-0.017608411499450263,,-0.07496789521084568,0.0,0.00017442450084281802,0.29363786916517626
EDU,-0.04269248344046261,-0.03901753719750886,0.31475220892182765,0.2698358883228658,,0.14027989307163735,0.0001744245008427625,0.0,0.02236170682793326
PINCP_DECILE,0.08275417249439274,0.058419403872071285,0.7491090188293248,0.03294059919951424,,-0.028469678481890207,0.29363786916517615,0.02236170682793348,0.0
