,feature,divergence
1,AGEP,3.2619426751592364
9,PINCP_DECILE,0.3558590498504794
7,NPF,0.2472686733556298
3,MSP,0.16503623188405792
10,POVPIP,0.1633258951472248
8,OWN_RENT,0.06590736937907357
6,NOC,0.03594575378538514
0,PUMA,0.02862637918817701
5,RAC1P,0.025597044464969
4,HISP,0.011137936584580718
2,SEX,0.0032572277832726426
