,AGEP,HISP,MSP,NOC,NPF,OWN_RENT,PINCP_DECILE,POVPIP,PUMA,RAC1P,SEX
0,-0.4620673165575869,0.17229438035653877,-0.23524154992406776,0.4852564301774993,0.44975173836798515,0.15256761391536067,-0.40389750820632764,-0.25521431409626005,-0.01325343878322539,0.1094517627498813,0.004434341342924281
1,0.04022263831139063,0.1795282170746737,0.41344433077752,-0.13969336011938263,-0.28381007263920477,0.5779938689345118,-0.08425944050001953,-0.5547096160240302,0.009575165190558697,0.14606512945054675,0.15762969903432913
2,-0.1070552364890511,0.5597321764429585,0.14670291473082453,-0.08323796522868959,-0.06712917640353572,-0.21244911824654272,0.0346588619680554,0.23380931579635278,0.31083017232927107,0.6413793303764161,-0.18247447616035434
3,-0.04743752371493472,0.001967173877631099,0.026973041675101436,-0.13594230202908422,-0.11168192354357333,-0.310253229567118,-0.3980486661739807,0.10449213536054615,-0.0289860632521801,0.08625873147996664,0.8319651020294377
4,0.03849997016229471,0.1032275584706893,0.07154933010310657,-0.05633622718184107,0.014544651477987214,-0.15383582298267023,-0.021778709689945733,-0.0421211672492863,-0.9284815800060375,0.2725368180436061,-0.1307244142958038
