,AGEP,DEAR,DENSITY,DEYE,DPHY,DREM,DVET,EDU,HISP,HOUSING_TYPE,INDP_CAT,MSP,NOC,NPF,OWN_RENT,PINCP,PINCP_DECILE,POVPIP,PUMA,RAC1P,SEX
0,-0.28776896460144274,0.031249184189378762,-0.04877455897541515,0.00946083482826752,-0.2924651501573585,-0.30627316474852184,-0.027543535532557596,-0.36656341627547767,0.042784894060721404,-0.09323595672595514,-0.24373975262117764,-0.2679529316532098,0.2983199170435401,0.2706249459528968,0.07654716859897441,0.4040468020225072,-0.3200774107107868,-0.13116357022849298,0.0467093803204407,0.06606501717473266,0.000714068335650304
1,-0.057370787440204705,-0.07214743615530544,-0.036043349714607965,-0.04956622761653412,-0.2017851683121886,-0.20548346602336884,0.0030151258201012326,-0.13894529498082028,-0.06821852309601395,0.5403605679254373,-0.2011308893183793,0.07442168783927908,-0.2765039764215943,-0.24657254787943317,-0.4681046782659232,0.06549858896758216,-0.16053316573316434,0.38017683058945484,-0.060997763301085146,-0.06303114351253551,-0.06475169071703517
2,0.24316173557887116,-0.19318087185736713,-0.47950550261399527,-0.06609874480371601,-0.0086154066227601,0.009812866456342426,0.1730780582693632,0.09728780493450348,-0.3283293812625553,-0.14342911353685217,-0.0572669264259095,-0.364870490697173,0.12634061521203593,0.20438725237490368,-0.2512853187157477,0.017096524135392477,0.2128192198025235,0.136016294282276,0.23666031262780954,-0.3420634706296699,-0.08309485817547523
3,0.28924458945122283,-0.4346611020894348,0.00942529746707639,-0.41948993456145534,-0.30981729710878797,-0.2602085321444324,0.15101201202434977,-0.08741195956487584,-0.008940686050583874,-0.15915238901267498,-0.14186828016663228,0.12025890888081156,-0.2203010876845971,-0.2604000586656683,0.24679113644152054,-0.10821194026855194,-0.021555451268983353,-0.32665990989504107,-0.008205175842014151,-0.03170136380006376,0.002760223769067616
4,-0.016778382176060307,-0.17537150313895866,-0.29662894378213406,-0.1876851099097144,0.4368429400468227,0.44135736424479566,-0.030374608150770102,-0.20203433761685785,0.12393018892601058,0.14510135267613083,-0.28650193618716896,0.1719116070455512,0.028056524276290018,0.030641215673538023,-0.10066410184364034,-0.042338590011378296,-0.38271490823338755,-0.25134845657191285,0.20817636619512997,0.051428766977800515,0.032393419706683343
