,AGEP,DEYE,DVET,EDU,HOUSING_TYPE,MSP,OWN_RENT,PINCP_DECILE,RAC1P,SEX
0,-0.5003671965995969,0.03900010057801151,-0.09147255741886547,-0.5717285720585452,0.028571268082505194,-0.23289866092055633,0.06753307375165411,-0.5718403334470054,0.1614235115996027,0.013897306588228284
1,-0.036751302203526924,-0.009456974854131134,-0.020757550366643285,-0.009303160616243429,0.7107583250013608,0.2344716621141061,-0.6402728025062312,-0.11921538103752047,-0.0920732595181073,-0.0724504796505385
2,0.09901175711451571,-0.27791274265990384,0.6235894739239619,-0.16046422730358303,-0.06821032417491443,-0.39253564712295813,-0.14847233213294214,0.012234921473095128,-0.2460947331152758,-0.5068089898784699
3,-0.11347758108072177,-0.343602331531624,0.2287526964139136,0.0179652164002371,0.09691595087680036,0.5511477770143649,0.2765624299491451,-0.018082836577389516,0.552729987573152,-0.34774840301322635
4,0.23737997636265987,-0.7955381192427783,-0.04165471474754616,-0.09690685272827065,0.0031132641870030425,-0.017539553050329892,-0.018473106588020524,-0.16340211137630806,-0.08018248525363823,0.515611994955051
