,PUMA,SEX,MSP,HISP,RAC1P,OWN_RENT,INDP_CAT,EDU,PINCP_DECILE
PUMA,0.0,0.0008835326254629707,0.036706843740522105,-0.05023163240938601,0.05407010330724393,0.018078199487664703,0.014493072127667709,0.0385394636381776,0.0023967249386092943
SEX,0.0008835326254629707,0.0,0.005255443529715529,-0.009246468517619845,-0.028085933380021088,-0.03292364078304055,-0.02176988729888317,-0.018700544448523024,0.05123475274340872
MSP,0.036706843740522105,0.005255443529715529,0.0,-0.025082545743481753,-0.05217158354041386,-0.07485968971537597,-0.09400049087328671,0.015144442242220196,0.04855081435493197
HISP,-0.05023163240938601,-0.009246468517619845,-0.02508254574348176,2.220446049250313e-16,-0.11454346102639446,-0.08400699593015626,-0.05261071092816978,0.0561060612572067,0.023523607207730307
RAC1P,0.05407010330724393,-0.028085933380021084,-0.05217158354041386,-0.11454346102639447,0.0,-0.12438353841377031,0.02920918174499518,0.09378220842010095,0.08233548343609176
OWN_RENT,0.018078199487664703,-0.03292364078304055,-0.07485968971537597,-0.08400699593015626,-0.12438353841377031,1.1102230246251565e-16,-0.04837839022107168,0.0402831631049069,0.029866756262748914
INDP_CAT,0.014493072127667709,-0.02176988729888317,-0.09400049087328671,-0.05261071092816978,0.02920918174499518,-0.04837839022107167,0.0,-0.1254822877044471,-0.12357821791294321
EDU,0.03853946363817759,-0.018700544448523024,0.015144442242220224,0.0561060612572067,0.09378220842010096,0.0402831631049069,-0.1254822877044471,-2.220446049250313e-16,-0.16114143102741207
PINCP_DECILE,0.0023967249386092947,0.05123475274340872,0.04855081435493194,0.02352360720773032,0.08233548343609176,0.029866756262748918,-0.12357821791294321,-0.16114143102741202,0.0
