,feature,divergence
10,POVPIP,1.9798390487112365
9,PINCP_DECILE,1.841042184529902
1,AGEP,0.8328896776101745
7,NPF,0.07251863257894021
0,PUMA,0.04243601575422473
2,SEX,0.02918813342667459
6,NOC,0.022560179068052553
3,MSP,0.015722722661721006
8,OWN_RENT,0.012308945960766635
5,RAC1P,0.006625557044382422
4,HISP,0.0019644058620858582
