,EDU,HISP,INDP_CAT,MSP,OWN_RENT,PINCP_DECILE,PUMA,RAC1P,SEX
0,-0.5757868439330525,0.0655962186864455,-0.5141938332553487,-0.27286967958738373,-0.022671741617568936,-0.5612568911504162,0.02040397669672177,0.08960660596565184,0.03666762089603044
1,0.017030301641700888,0.6184436714821466,0.11852298117427729,0.1815082636906423,0.2024810524278705,-0.06517823296749237,-0.40032058149222666,0.6014969265729603,0.0542452568174516
2,-0.018228842236507205,-0.06572759874428975,0.10657145973912924,0.4628252646670187,-0.5015049458213742,-0.27022531075256756,-0.1348887615446838,-0.10102759843425403,0.6456410825976987
3,-0.04154568258568997,0.11622791106424503,-0.03607345999869694,0.1812965128259395,-0.7187839530939948,0.010864233334593437,0.00813986236090622,0.14065669961474855,-0.6434099327581598
4,-0.06316752979119417,0.4309566929144769,0.13171436987063267,0.15381880983239218,0.028788364074216057,-0.03641624723977094,0.86854525278839,0.04125467046070083,0.10511695190813314
