,PUMA,SEX,MSP,HISP,RAC1P,OWN_RENT,INDP_CAT,EDU,PINCP_DECILE
PUMA,8.770761894538737e-15,-0.010576409877554408,-0.02041906222447446,-0.04486273193060475,-0.018623199998393215,0.006796528685959251,-0.033661396529482746,-0.05983970915396942,-0.024040398893738223
SEX,-0.010576409877554408,0.0,-0.0025751116440312673,-0.009401603413772181,0.0022836544759298177,-0.021845247436321727,-0.005161832572267752,-0.0610454538131104,0.021643802069903323
MSP,-0.02041906222447446,-0.0025751116440312673,-6.994405055138486e-15,0.01461328048358528,-0.0066308999743733745,-0.040765151923452134,-0.004708227234754947,-0.0043817811421373865,-0.017661079660379553
HISP,-0.04486273193060475,-0.009401603413772181,0.01461328048358528,2.220446049250313e-15,0.22138976925222922,-0.28166063539547903,0.16566650491231744,0.1601568888757674,0.16945479108558445
RAC1P,-0.018623199998393215,0.0022836544759298177,-0.0066308999743733745,0.22138976925222922,-1.5210055437364645e-14,-0.21591422477263186,0.06872002220068453,0.0935752321302017,0.11785970768945767
OWN_RENT,0.006796528685959251,-0.021845247436321727,-0.040765151923452134,-0.28166063539547903,-0.21591422477263186,0.0,-0.033644538343733356,0.059546498714849655,0.0484368878617553
INDP_CAT,-0.033661396529482746,-0.005161832572267752,-0.004708227234754947,0.16566650491231744,0.06872002220068453,-0.033644538343733356,-1.4432899320127035e-15,-0.06943716974170805,-0.0671271380342095
EDU,-0.05983970915396942,-0.0610454538131104,-0.0043817811421373865,0.1601568888757674,0.0935752321302017,0.059546498714849655,-0.06943716974170805,3.885780586188048e-15,-0.027719450055912476
PINCP_DECILE,-0.024040398893738223,0.021643802069903323,-0.017661079660379553,0.16945479108558445,0.11785970768945767,0.0484368878617553,-0.0671271380342095,-0.027719450055912476,-1.7763568394002505e-15
