,feature,divergence
8,PINCP_DECILE,2.1278038943612056
7,EDU,1.0922700098450009
6,INDP_CAT,0.48632711672677964
2,MSP,0.4030549174877592
0,PUMA,0.14293099396882591
4,RAC1P,0.14172333317400068
3,HISP,0.09291268690079454
5,OWN_RENT,0.07598620141105224
1,SEX,0.004555797069505152
