,AGEP,DEAR,DEYE,DPHY,DREM,DVET,EDU,HISP,HOUSING_TYPE,INDP,INDP_CAT,MSP,NOC,NPF,OWN_RENT,PINCP,PINCP_DECILE,POVPIP,PUMA,RAC1P,SEX
0,-0.26579082198596793,0.013981683830274592,0.006302576413819289,-0.2907059291107465,-0.29609893036331014,-0.018267970333746202,-0.3628565609959668,0.026538569307279818,-0.061852078393246676,-0.3040180231427667,-0.30165691404328315,-0.23773030329487277,0.259602615299535,0.21018728311560522,0.03531959227866395,0.3990886968693265,-0.32019036657009003,-0.05509258687058942,0.015947151074416733,0.049990644773793204,-0.008091630025179552
1,0.04365269186571451,-0.12959845949917934,-0.128077283438324,-0.14973652312816604,-0.1523955801809039,0.021418728863436005,-0.1325409993437714,0.00035683638773769907,0.5150892087439343,-0.18466215013579734,-0.18364377508408286,0.21254519773802918,-0.35144256441751837,-0.35965900392363587,-0.3798084700764037,-0.027704891636941356,-0.18184230792874254,0.2944547406412613,-0.06122062697185937,-0.014526753561558971,0.035891855093104275
2,0.42506617840161326,-0.36672764282683923,-0.24989625817905106,-0.08572305115682634,-0.03816549718668327,0.1360869557962829,0.007107953792752766,-0.104362763937471,-0.25975914313616416,-0.3158784988984179,-0.3140330355962692,-0.032955641279974274,-0.17130491341768533,-0.19422742804158416,0.2900322541216803,-0.10702420048322613,0.058794526989929013,-0.3482910127131488,0.08708359435039062,-0.1486197659921771,-0.008966374736994201
3,-0.16812086959654882,0.11948021923440293,0.03786859854855946,-0.29980094582011235,-0.32057005763070473,-0.09899127565681981,-0.1149018590713222,0.22339775683346813,-0.02316051799670588,0.2449272647842346,0.25079335212721554,0.3568226917456192,-0.16123110751419448,-0.28858380666463784,0.3748632405096419,-0.04076094181214848,-0.1215244500663181,-0.35005738254419405,-0.08303514230736465,0.11050223612229555,0.17847224034911335
4,-0.07824658680361367,0.07776732823370969,0.05885975147113706,0.46747417757464654,0.45427431280842906,-0.11774996645306131,-0.0681465483522523,0.2616647547303119,0.07311540119117094,-0.2633047892535675,-0.2609410034505337,0.21272346480971305,0.02384630314823869,-0.06564334439661801,0.11024068370924095,-6.284953926977838e-05,-0.2880320426935605,-0.21698069067573988,-0.19265330432889768,0.28738153369080127,0.1330284004395885
