,feature,divergence
1,AGEP,0.5344929267291252
9,PINCP_DECILE,0.2510700085016376
10,POVPIP,0.20411029245594015
7,NPF,0.09349759681785527
3,MSP,0.06987561704542833
5,RAC1P,0.051872127261678114
6,NOC,0.05162267047635293
0,PUMA,0.023054279054279148
4,HISP,0.014971282613279152
8,OWN_RENT,0.012799574561665111
2,SEX,0.007909859343156023
