,PUMA,SEX,MSP,HISP,RAC1P,OWN_RENT,INDP_CAT,EDU,PINCP_DECILE
PUMA,0.0,-0.025335299164412878,0.04846989975968845,0.009276270827582103,0.1759930626262122,-0.05849903781629116,-0.03445175817843668,0.04433264040943166,-0.0297863390444981
SEX,-0.025335299164412878,-5.440092820663267e-15,-0.054582590803930166,0.026388059782407783,0.0027001116372483355,-0.0173787103552246,0.017396929748882385,0.007721886849385011,0.092731608418853
MSP,0.04846989975968845,-0.054582590803930166,1.887379141862766e-15,-0.0022640264032083683,-0.0004729011901023067,0.13214020372229077,-0.15428056334905157,-0.20220330588007432,-0.15336396037386174
HISP,0.009276270827582103,0.026388059782407783,-0.0022640264032083683,6.439293542825908e-15,-0.16574657137329854,-0.023359540695052725,-0.020995073309166435,0.06749523780573799,0.05781257296652199
RAC1P,0.1759930626262122,0.0027001116372483355,-0.0004729011901023067,-0.16574657137329854,0.0,0.015034073427935587,0.01903473878672704,0.04690810411329222,0.0938635302334842
OWN_RENT,-0.05849903781629116,-0.0173787103552246,0.13214020372229077,-0.023359540695052725,0.015034073427935587,3.3306690738754696e-16,0.008236120281373053,0.032430201279105696,-0.049517062748531154
INDP_CAT,-0.03445175817843668,0.017396929748882385,-0.15428056334905157,-0.020995073309166435,0.01903473878672704,0.008236120281373053,2.6645352591003757e-15,-0.43165774021132175,-0.375157284790002
EDU,0.04433264040943166,0.007721886849385011,-0.20220330588007432,0.06749523780573799,0.04690810411329222,0.032430201279105696,-0.43165774021132175,0.0,-0.5932486803716477
PINCP_DECILE,-0.0297863390444981,0.092731608418853,-0.15336396037386174,0.05781257296652199,0.0938635302334842,-0.049517062748531154,-0.375157284790002,-0.5932486803716477,1.1102230246251565e-15
