,feature,divergence
0,PUMA,3.799488458908821
7,EDU,2.13560760577806
8,PINCP_DECILE,1.8358935513607417
6,INDP_CAT,0.6579093029701405
2,MSP,0.4014341060480454
4,RAC1P,0.235316797710456
1,SEX,0.14650354307535074
5,OWN_RENT,0.10123852687359385
3,HISP,0.0373110116962576
