,feature,divergence
10,POVPIP,6.759138621780329
7,NPF,1.9791705396224502
1,AGEP,1.1511430122444055
0,PUMA,0.9941598144634196
6,NOC,0.7274138851685994
9,PINCP_DECILE,0.5241992419738406
3,MSP,0.09580106046499343
2,SEX,0.04232914889971762
8,OWN_RENT,0.010113074673760852
5,RAC1P,0.009832324917755347
4,HISP,0.005843119475230427
