,AGEP,DEAR,DENSITY,DEYE,DPHY,DREM,DVET,EDU,HISP,HOUSING_TYPE,INDP_CAT,MSP,NOC,NPF,OWN_RENT,PINCP,PINCP_DECILE,POVPIP,PUMA,RAC1P,SEX
0,-0.30435360843822434,0.0346963769623014,-0.02271426218138108,0.01993444300327323,-0.305173819830746,-0.3134337378441158,-0.024172294218586347,-0.3716040842198745,0.0331609565294015,-0.0793538594818087,-0.2588319059218866,-0.2539722358872184,0.29386330798005744,0.24418046774257707,0.046448980252841554,0.42026583374708226,-0.32328792271983064,-0.05896827509884348,0.01893944336223948,0.05621490664444743,-0.00646087724964489
1,-0.04795981861593904,-0.0813852507795835,0.03331201111025016,-0.09953571766801693,-0.18940217824025743,-0.19973170225970877,0.0033605926680754152,-0.16702065383488512,0.020107947315733687,0.5429432632109187,-0.12638793477194296,0.20205031393157355,-0.3091527356966082,-0.31926554471991186,-0.4049922302339894,0.020998037040423814,-0.21380365474789587,0.330955164854095,-0.07351215418336267,0.008000722237605005,0.04146399294564534
2,0.3574039813549841,-0.3962717802054183,0.0005693956619739517,-0.2967673701663588,-0.2934162181372636,-0.25033401454687665,0.14688680763416653,-0.07779995212446636,-0.08922744241305335,-0.1945999348028691,-0.22265433943744262,0.007312353880437147,-0.2228140344224138,-0.2601913596816488,0.28418514086099494,-0.06585821989492684,0.006258210380967133,-0.3403156281995299,0.09389115397243422,-0.16672882802279426,0.019998375579441875
3,-0.18227663915909112,0.1580650811351561,0.352482483512649,0.09022257079977167,0.032472194499728095,0.01210487995093256,-0.1386826923645858,-0.08182297240083802,0.3151803939968882,0.0182279773753821,0.058791342986654005,0.3458070716281361,-0.09014009484553122,-0.23293819753340583,0.3649369094322407,-0.020925005320359846,-0.2010976645256678,-0.3351779903566296,-0.31259408001809724,0.29563393034612045,0.16020802551065783
4,0.09789517540260663,-0.33450683019104765,0.3702262283811349,-0.22804746714317328,0.08958561147661968,0.11421223195025534,0.3094382027844461,0.06759753626110432,0.20476847402275108,0.019705020188681633,-0.14297736796197924,-0.2418857349983462,0.09171780655501822,0.12766963388323524,-0.04893816556355515,0.048908842656061526,0.09836489642208984,0.1781865236149781,-0.4069438240202171,0.3184481465519969,-0.32992455662642683
