,feature,divergence
8,PINCP_DECILE,0.30189493883425284
7,EDU,0.22999733710883846
6,INDP_CAT,0.08962448504281173
2,MSP,0.02976607937050969
4,RAC1P,0.014525435078302049
0,PUMA,0.013139144421242754
5,OWN_RENT,0.008711795827695462
3,HISP,0.007139977152073112
1,SEX,0.004475267478735057
