,AGEP,DEAR,DENSITY,DEYE,DPHY,DREM,DVET,EDU,HISP,HOUSING_TYPE,INDP_CAT,MSP,NPF,OWN_RENT,PINCP_DECILE,POVPIP,PUMA,PWGTP,RAC1P,SEX,WGTP
0,-0.2973995404772417,0.01973620820296111,-0.03973763308591098,-0.009003163923192612,-0.3592265416019352,-0.3704253215583022,-0.030497200190195268,-0.424886849375682,0.06802452399013877,-0.1082147833406302,-0.2763621930163757,-0.24610110077963582,0.26376388454273475,0.12270928989589595,-0.36984130863758563,-0.18979677488277755,0.0505852173879619,0.13967604288816093,0.0894016801964297,0.005651585172316383,0.14484302275674016
1,0.04563849794066531,0.04156776220348068,0.14457327120901786,0.011779760750865266,0.15842267980899716,0.16246449747377742,-0.006152611632036678,0.120717293315486,0.10009407554366531,-0.3874774093788549,0.1907336893779401,0.0776375306393169,0.0507598967500683,0.450117374105385,0.1324686186595599,-0.32465792633780594,-0.016486979512826457,0.4015411432539302,0.07776073197455236,0.04627224173327442,0.4567862742653465
2,-0.26589765802702137,0.16465857290734248,0.38195648870739224,0.08239164801434463,0.010571110873595246,-0.017335710649356142,-0.1368905528686468,-0.07403234049164412,0.2047821434790844,0.4420703583362346,0.02029954295572877,0.3617715730492748,-0.2624913098383572,-0.08756484580755022,-0.18331241593279796,0.18126341729462722,-0.2482688962789702,0.27867403978880984,0.20591645915317253,-0.0005763249192724725,0.177466465470315
3,0.2930681940653453,-0.5105552790494008,0.018740194315003084,-0.4654307921207132,-0.26422184281419747,-0.2211118494937645,0.1992868648871002,-0.013244619225945248,-0.094990285973029,0.08266647942259883,-0.1364891491106155,0.16935128881426573,-0.35090806757262044,0.010943453412087915,0.044276481467587794,-0.07287589967586147,-0.09137964372693769,0.17443727679860133,-0.12521721141600664,-0.07588263708327077,0.1548008613381731
4,-0.07500330617179266,0.14389874367302358,-0.21241559601274454,0.2323880556765746,-0.11781718031064765,-0.13935490993245228,0.0871016378039181,0.0779879156085427,-0.30033609299323066,0.0792912352368772,0.10443266253412038,-0.17541100897949352,0.0574505580011638,-0.23510169449706753,0.2139910154065054,0.35535953988337043,0.08210362532721398,0.4076871200046271,-0.3345151029282298,-0.170648467718801,0.3805161276701072
