,feature,divergence
1,AGEP,15.088475452334716
9,PINCP_DECILE,3.8880943158374333
10,POVPIP,3.473941724603524
7,NPF,2.0695839175114172
3,MSP,0.9546859856741291
0,PUMA,0.8463223566938736
6,NOC,0.6449030567605846
2,SEX,0.23298881186094622
8,OWN_RENT,0.22491425506904017
4,HISP,0.18979586306862556
5,RAC1P,0.16818228254975498
