,AGEP,DEYE,DVET,EDU,HOUSING_TYPE,MSP,OWN_RENT,PINCP_DECILE,RAC1P,SEX
0,-0.5003671965995969,0.039000100578012176,-0.09147255741886569,-0.5717285720585459,0.028571268082507595,-0.2328986609205569,0.0675330737516515,-0.5718403334470061,0.1614235115996023,0.013897306588228513
1,-0.03675130220352541,-0.009456974854131675,-0.02075755036664237,-0.009303160616241707,0.7107583250013606,0.23447166211410736,-0.6402728025062309,-0.1192153810375185,-0.09207325951810759,-0.07245047965053768
2,0.09901175711451778,-0.2779127426599088,0.6235894739239624,-0.16046422730358373,-0.06821032417491457,-0.392535647122959,-0.14847233213294292,0.0122349214730951,-0.24609473311527436,-0.5068089898784647
3,-0.11347758108071,-0.34360233153166586,0.22875269641391338,0.01796521640023102,0.09691595087680024,0.5511477770143645,0.27656242994914515,-0.018082836577399147,0.552729987573147,-0.34774840301319676
4,0.2373799763626635,-0.7955381192427589,-0.04165471474756367,-0.09690685272827121,0.0031132641869971306,-0.017539553050352916,-0.018473106588031446,-0.1634021113763075,-0.08018248525367315,0.5156119949550712
