,AGEP,HISP,MSP,NOC,NPF,OWN_RENT,PINCP_DECILE,POVPIP,PUMA,RAC1P,SEX
0,-0.4184082940980471,0.07317519200018341,-0.36073214733567194,0.5406571467877551,0.5055806361880879,0.12104875481954541,-0.31234783885455564,-0.114260339188911,0.022956190466682153,0.12398031953303598,-0.019046616995424395
1,-0.25579200990861645,0.0016666730213690806,0.009929854513861155,-0.04968640505320106,0.03200620299598278,-0.664664209555937,-0.17883989153404845,0.667092285126656,-0.07846254514826251,0.0774074914130364,-0.0073011038835678055
2,-0.29149741274466856,0.4182481468178701,0.39571557911386285,-0.12821803866304532,-0.2779797203300375,0.13050625514202926,-0.4099292103727333,-0.16876846288925829,-0.2718621601724562,0.3840814102712097,0.23411565107063964
3,0.05343975209419691,0.385777771247365,-0.06015818723000346,0.027008586046662897,0.06677477280481735,0.09026285570298398,0.4103912842664159,0.13367331415554876,-0.26554517621050666,0.4074950173691123,-0.6391470789929381
4,-0.17424820983452813,0.2653050398509372,0.23743616905609688,-0.07779795887900937,-0.03766831774394111,-0.05257212104997745,-0.10699927780711949,-0.05701350704867966,0.8354238387356836,-0.03927021245115541,-0.3441875723976213
