,AGEP,DVET,EDU,HOUSING_TYPE,MSP,OWN_RENT,PINCP_DECILE,RAC1P,SEX
0,-0.49980572994103994,-0.07106053098906429,-0.5692835980526698,0.15567481101450198,-0.14672118901377004,-0.09099128616656695,-0.5888061433512743,0.13447921545416464,0.047353100809055006
1,0.07761816699081736,-0.02230235271500118,0.12350856052983214,0.673563447093183,0.39923164658325805,-0.6004735578258823,-0.011662828755799326,-0.023893010335050098,0.06224664354845691
2,-0.05102814145195977,0.6186303444425226,-0.07942093627638375,0.07529543235000047,-0.14724358821647013,-0.14155313037776618,0.08853405886324989,0.10438112852222078,-0.736385684205032
3,-0.20801078825285227,-0.19255590427150462,0.17537913507554237,0.02275265706810895,0.341202191428779,0.2187107835201036,0.09607763615491345,0.833062776049122,-0.14456959571618522
4,0.16583733737204487,0.6869815151997989,0.029633444012214516,0.004765381266893458,-0.0675659363697761,0.014247860690341625,-0.1107854696082014,0.3360544135756689,0.608012647066427
