,feature,divergence
6,EDU,3.532483963783653
7,PINCP_DECILE,1.216275270040871
0,AGEP,0.851260255235619
3,RAC1P,0.015018204520284737
2,MSP,0.013903317065117875
5,OWN_RENT,0.006053488561451395
1,SEX,0.005384656732293935
4,HOUSING_TYPE,0.0020681611634855955
8,DVET,0.0012673368652662029
9,DEYE,0.00011602558116073983
