,feature,divergence
0,PUMA,1.740899700900665
8,PINCP_DECILE,1.5207096689091149
7,EDU,1.256732551414939
6,INDP_CAT,0.636393244606341
2,MSP,0.38773201661437207
1,SEX,0.0687138660558555
5,OWN_RENT,0.06660568900533047
4,RAC1P,0.049751487278289375
3,HISP,0.03451590846088093
