,feature,divergence
10,POVPIP,2.907808692142745
9,PINCP_DECILE,2.255102488120496
1,AGEP,1.217934595524957
7,NPF,0.15482556659027255
3,MSP,0.09819638638830369
6,NOC,0.05845570551452908
0,PUMA,0.029244659808525197
5,RAC1P,0.020424344684025406
2,SEX,0.01060715451837102
8,OWN_RENT,0.00974719374141867
4,HISP,0.0064133186384957115
