,AGEP,HISP,MSP,NOC,NPF,OWN_RENT,PINCP_DECILE,POVPIP,PUMA,RAC1P,SEX
0,-0.4620673165575865,0.1722943803565392,-0.23524154992406796,0.4852564301774993,0.4497517383679854,0.1525676139153606,-0.40389750820632775,-0.25521431409625994,-0.013253438783225227,0.10945176274988119,0.004434341342924239
1,0.04022263831139094,0.17952821707467137,0.4134443307775197,-0.1396933601193821,-0.28381007263920416,0.5779938689345138,-0.0842594405000196,-0.5547096160240305,0.009575165190556763,0.14606512945054487,0.15762969903432927
2,-0.10705523648905059,0.5597321764429591,0.14670291473082658,-0.08323796522869031,-0.0671291764035358,-0.21244911824654253,0.03465886196805451,0.23380931579635136,0.31083017232926846,0.6413793303764183,-0.18247447616035267
3,-0.047437523714934315,0.001967173877629027,0.0269730416751015,-0.13594230202908483,-0.11168192354357315,-0.3102532295671182,-0.39804866617398166,0.10449213536054501,-0.02898606325218433,0.0862587314799676,0.8319651020294373
4,0.038499970162295866,0.1032275584706873,0.0715493301031061,-0.05633622718183969,0.014544651477988339,-0.15383582298266982,-0.02177870968994425,-0.04212116724928849,-0.928481580006038,0.27253681804360386,-0.13072441429580758
