,feature,divergence
6,INDP_CAT,11.980353012010015
4,RAC1P,4.5124709961743505
7,EDU,4.476441779110445
3,HISP,3.106454518791637
2,MSP,2.7513652934480324
8,PINCP_DECILE,1.9554333066397414
5,OWN_RENT,1.2585976559067136
1,SEX,0.18436496479391928
0,PUMA,0.13481975497011978
