,feature,divergence
1,AGEP,0.2850546889008432
0,PUMA,0.06885909020698167
10,POVPIP,0.021892739711332133
3,MSP,0.015205150076527688
9,PINCP_DECILE,0.01498684995140992
7,NPF,0.0089024204841662
5,RAC1P,0.002355927214081161
6,NOC,0.0015497859811598495
4,HISP,0.0013377777195186652
8,OWN_RENT,0.0012297208032547857
2,SEX,0.00041526695627691623
