,PUMA,SEX,MSP,HISP,RAC1P,OWN_RENT,INDP_CAT,EDU,PINCP_DECILE
PUMA,0.0,-0.0007801159560752655,0.0016254678973862402,-0.0013620609282780222,0.038561884295030074,0.017183102722127697,0.018105797063312307,0.012815198412800023,-0.017081632940434854
SEX,-0.0007801159560752655,1.1102230246251565e-16,-0.02714454567487331,0.027912475518362265,-0.01431890496235148,0.01107690120118014,-0.016548192756466983,-0.02805965042586389,0.10231459884494942
MSP,0.0016254678973862471,-0.02714454567487331,0.0,-0.01843755688065883,-0.013429678425009368,-0.04071701492141082,-0.09782663011192891,0.058254400091425795,0.03892841458444975
HISP,-0.0013620609282780083,0.02791247551836227,-0.01843755688065883,-2.220446049250313e-16,-0.1489191676493659,-0.06792999614377286,-0.047878557615245905,0.036113573443175506,0.015847852488192322
RAC1P,0.03856188429503008,-0.01431890496235148,-0.013429678425009368,-0.1489191676493659,0.0,-0.025776392374745594,-0.01842572918583331,0.0483844597332343,0.04436216902587491
OWN_RENT,0.017183102722127697,0.011076901201180139,-0.04071701492141082,-0.06792999614377286,-0.025776392374745594,-2.220446049250313e-16,-0.0017985314676562236,-0.006821314026094362,-0.03168737849847955
INDP_CAT,0.018105797063312307,-0.01654819275646698,-0.09782663011192888,-0.0478785576152459,-0.01842572918583331,-0.0017985314676562253,0.0,-0.15244095394475582,-0.09217049851674886
EDU,0.012815198412800023,-0.02805965042586389,0.05825440009142582,0.03611357344317549,0.0483844597332343,-0.006821314026094363,-0.15244095394475574,0.0,-0.16699032590427992
PINCP_DECILE,-0.01708163294043485,0.10231459884494942,0.03892841458444973,0.015847852488192316,0.04436216902587491,-0.03168737849847955,-0.09217049851674883,-0.16699032590427987,2.220446049250313e-16
