,AGEP,DEYE,DVET,EDU,HOUSING_TYPE,MSP,OWN_RENT,PINCP_DECILE,RAC1P,SEX
0,-0.5028447292406175,0.043012204491294836,-0.0717590824236433,-0.5679702824416621,0.1515700234131388,-0.14873136663161882,-0.08761200318303129,-0.5866974558755633,0.1357380801582602,0.0463512161368454
1,0.08304591705250157,-0.10230268734180589,-0.019075772037854193,0.11162185388090867,0.6716988815264692,0.39456449129251936,-0.5978167220009155,-0.02294975112682396,-0.028007983581811613,0.06525117564494104
2,-0.1351379504584656,0.2606459383709024,0.4981950583456512,-0.006038019141969553,0.09158676751919312,-0.06551219753832868,-0.11924577457641124,0.13773881465730384,0.2536920988164826,-0.7452083295905217
3,0.22223680784030578,-0.6550436193785768,0.44402949102177947,-0.21438907305983762,-0.027478646941785097,-0.2593302376221289,-0.10001161192989641,-0.11685032394867789,-0.42037880580729314,-0.10010936582186072
4,0.01864476847813734,-0.4635525169019073,0.26764428870715645,0.06380068629860647,-0.0032172989541427444,0.2522850174589753,0.23686945384444352,-0.05798365639618458,0.7405275973679881,0.19380143897426078
