,EDU,HISP,INDP_CAT,MSP,OWN_RENT,PINCP_DECILE,PUMA,RAC1P,SEX
0,-0.5661256654249887,0.1550997920394951,-0.4897462755127015,-0.3043552111334554,0.049481524472133706,-0.5534536170037255,-0.04389932701996399,0.10682166712636453,0.029409685729566752
1,-0.0034601267865825534,0.6176667604119592,0.20689453940539126,0.26008369416548915,0.3389320071304741,-0.020471515636092674,0.21019913550127933,0.5896488174217638,0.029385869665179563
2,-0.018556109310645736,0.1261263467048556,-0.10267619157272295,-0.2135048290619361,-0.290248148668842,0.2262365613859594,0.04080408225366,0.20127577296702578,-0.8660353478351921
3,-0.050007315340298744,0.05132823467927264,0.08272803769322917,0.18707511355719073,0.031452503601879025,-0.003924210086917665,-0.9599163500806983,0.16169289819497465,-0.06659581456506339
4,0.08749415590913763,0.10041662662184377,0.0039022339364811753,-0.007443873101252829,-0.8449588410538796,-0.04769712797520313,0.007298891278688496,0.3602809085133199,0.3689235275201554
