,EDU,HISP,INDP_CAT,MSP,OWN_RENT,PINCP_DECILE,PUMA,RAC1P,SEX
0,-0.5711275826037825,0.09765649436927937,-0.5004442530985019,-0.29828622168924185,0.004362825624502631,-0.5535746002048509,0.057163613945357315,0.12286875986066802,0.0053934997282119
1,-0.02574773753915564,0.5862344447408905,0.20355365568546768,0.20483595690526288,0.4980045256423198,-0.03326728927976896,0.03571805441057809,0.5505229960803362,0.13714153676526727
2,-0.02738764377907789,0.287953144874015,0.10222790078216884,-0.23418829899428237,-0.02830656363992217,0.14753638134549515,0.8607935323039899,-0.2352168240178421,-0.1793808666446477
3,-0.011289996827381217,0.12662160088743002,-0.09007063761035444,0.08884907473649248,-0.15136372706999726,0.09636782792189715,-0.1539516847761224,0.24738566200910383,-0.9223524842354365
4,0.041105119419779595,0.3404424175276371,-0.014689687027022724,0.34714485769651904,-0.8096861230088365,-0.11316330943766947,0.07429342428193103,0.17733010918458453,0.23732036883592142
