,AGEP,DEYE,DVET,EDU,HOUSING_TYPE,MSP,OWN_RENT,PINCP_DECILE,RAC1P,SEX
0,-0.500367196599597,0.03900010057801229,-0.09147255741886527,-0.5717285720585457,0.02857126808250518,-0.2328986609205575,0.06753307375165389,-0.571840333447005,0.16142351159960286,0.013897306588227645
1,-0.0367513022035274,-0.009456974854131727,-0.020757550366643708,-0.009303160616243865,0.7107583250013614,0.2344716621141069,-0.6402728025062312,-0.11921538103752027,-0.0920732595181073,-0.07245047965053769
2,0.0990117571145165,-0.2779127426599054,0.6235894739239609,-0.16046422730358334,-0.06821032417491446,-0.3925356471229579,-0.14847233213294317,0.01223492147309585,-0.24609473311527535,-0.5068089898784693
3,-0.11347758108070491,-0.34360233153167985,0.2287526964139129,0.01796521640022944,0.09691595087680008,0.5511477770143638,0.2765624299491433,-0.018082836577401312,0.5527299875731467,-0.34774840301318816
4,0.2373799763626668,-0.7955381192427537,-0.0416547147475643,-0.09690685272827226,0.003113264186995604,-0.017539553050366946,-0.018473106588038177,-0.16340211137630778,-0.08018248525368044,0.5156119949550744
