,AGEP,DVET,EDU,HOUSING_TYPE,MSP,OWN_RENT,PINCP_DECILE,RAC1P,SEX
0,-0.4982749905567932,-0.09016851692861438,-0.5734945916533554,0.02903160962723665,-0.23250878224365518,0.06773793923583285,-0.573511452681143,0.16154876022663686,0.01380727372730746
1,-0.037311932942552244,-0.021353625248358238,-0.008350774585728814,0.7107184529249723,0.23450529088267255,-0.6404833628352131,-0.11833349837453881,-0.09220454226446834,-0.07242391602342418
2,0.05620074464746181,0.6021983789361257,-0.13326675738640337,-0.07645100128936023,-0.4384563661164881,-0.1733887078641881,0.05091525687636361,-0.2801125596314786,-0.5542840120699557
3,-0.19502712780742124,0.24378034878664837,0.051752212478794746,0.08706081099110986,0.5066767263980079,0.258370743876713,0.047323194746255806,0.5366171296313806,-0.5278290534994695
4,0.17519382532366237,0.6229138781933052,0.0040402289990354445,0.06295474341276033,-0.10892822499819113,-0.12078577963023464,-0.07099744591671725,0.4852841347578473,0.5570546734545875
