,AGEP,DVET,EDU,HOUSING_TYPE,MSP,OWN_RENT,PINCP_DECILE,RAC1P,SEX
0,-0.49980572994103994,-0.07106053098906462,-0.5692835980526701,0.15567481101450345,-0.14672118901376946,-0.09099128616656792,-0.5888061433512743,0.1344792154541645,0.04735310080905528
1,0.07761816699081908,-0.022302352714999855,0.12350856052983336,0.6735634470931825,0.39923164658325666,-0.6004735578258829,-0.011662828755798632,-0.023893010335051004,0.06224664354845742
2,-0.05102814145195834,0.6186303444425261,-0.07942093627638575,0.07529543235000002,-0.14724358821647357,-0.1415531303777678,0.08853405886324867,0.10438112852220964,-0.7363856842050305
3,-0.20801078825285085,-0.19255590427150016,0.17537913507554204,0.02275265706811069,0.3412021914287715,0.21871078352009696,0.09607763615491514,0.8330627760491266,-0.14456959571619415
4,0.16583733737204945,0.686981515199791,0.02963344401221646,0.004765381266893215,-0.06756593636979455,0.014247860690331928,-0.11078546960819813,0.3360544135756782,0.6080126470664274
