,AGEP,HISP,MSP,NOC,NPF,OWN_RENT,PINCP_DECILE,POVPIP,PUMA,RAC1P,SEX
0,-0.37712970483181524,0.10413523716016904,-0.3314779708948429,0.5079493510979781,0.4785791057231922,0.19554130976462408,-0.35083815939549556,-0.25103327879987924,0.08098020901853513,0.13530945076501,0.028158879848405614
1,0.052178973524245414,0.2480768158274547,0.383219588239883,-0.12304575686133967,-0.2486302288219398,0.578435422541921,-0.06139564421859267,-0.5542800656460345,-0.058284657287332405,0.22155712006781403,0.11769763512410246
2,-0.43936346916089103,0.3184041448231024,0.26410643349457485,-0.1666864120736716,-0.1558677660249276,-0.3064122138005857,-0.39987663378438454,0.2983191300704257,-0.1943289344351112,0.44505361627842455,-0.07160088936239026
3,0.17623700639528883,0.61696144060852,-0.10171802336394238,-0.018077411561728318,0.08682112931289049,-0.024411995427563685,0.3000068800516065,0.10596731672846971,0.6035702499803878,0.22463869077169774,-0.23129873958019123
4,0.04670494665941613,0.12648154272851245,-0.0004449587316981713,-0.09334062214149258,-0.04924091972506187,-0.1945750225112199,-0.23857217577582362,0.007353049551730138,0.35551282724199684,-0.1573776716047556,0.8512910417539097
