,AGEP,DEYE,HISP,MSP,NOC,NPF,OWN_RENT,PINCP_DECILE,POVPIP,PUMA,RAC1P,SEX
0,-0.37939206594301256,0.05555013259684671,0.10346063208355738,-0.33152598174997716,0.5077179706325324,0.47860172097377784,0.193289190959598,-0.3488660799762463,-0.24695715432248483,0.08085406385186757,0.13473883570214606,0.027876449212039134
1,0.06928418939533207,-0.1649233219013701,0.23855175616384625,0.36276954322711263,-0.11361245616284202,-0.23523888825842423,0.572709297415088,-0.06873881872846556,-0.5635153330188841,-0.05259663918370693,0.21124918402083817,0.11654644177421616
2,-0.4450773923875172,0.19625255361546023,0.3255300405212986,0.29317169565637186,-0.16973395704773445,-0.17184883979101162,-0.25445338588096644,-0.3649325468906656,0.2771655706994953,-0.1920212301718191,0.4441323420093908,-0.06527807176604047
3,0.17710503691009896,0.04116021645175123,0.6121680156752646,-0.09869138110859396,-0.01547922203256763,0.08601373655208061,-0.010580164115233087,0.3131249557320833,0.10106130990737751,0.6040627269828798,0.21831909546723502,-0.23213020798827094
4,0.08907735788192116,-0.5526733208319089,0.15216175196415788,-0.07727457619430993,-0.09556726832953963,-0.007237575499856624,-0.30406561975187835,-0.31242843855793395,0.03771909914885028,0.24391226221250828,-0.022779424641600918,0.6299246986517032
