,AGEP,HISP,MSP,NOC,NPF,OWN_RENT,PINCP_DECILE,POVPIP,PUMA,RAC1P,SEX
0,-0.377129704831815,0.10413523716016804,-0.33147797089484243,0.5079493510979785,0.4785791057231919,0.1955413097646247,-0.3508381593954959,-0.2510332787998804,0.08098020901853531,0.13530945076500983,0.028158879848405996
1,0.05217897352424654,0.24807681582745278,0.3832195882398828,-0.12304575686134021,-0.2486302288219404,0.5784354225419209,-0.0613956442185926,-0.5542800656460358,-0.058284657287332856,0.22155712006781345,0.11769763512410157
2,-0.4393634691608886,0.3184041448231048,0.2641064334945739,-0.16668641207367002,-0.15586776602492616,-0.30641221380058475,-0.39987663378438254,0.29831913007042643,-0.19432893443511612,0.4450536162784263,-0.0716008893623862
3,0.1762370063952854,0.6169614406085177,-0.10171802336393913,-0.018077411561728596,0.08682112931288893,-0.024411995427563546,0.3000068800516035,0.10596731672846878,0.603570249980393,0.22463869077169518,-0.23129873958019168
4,0.04670494665940847,0.12648154272850803,-0.00044495873169196967,-0.09334062214149394,-0.0492409197250663,-0.19457502251121847,-0.23857217577582993,0.007353049551727401,0.35551282724200695,-0.15737767160476795,0.8512910417539017
