,PUMA,SEX,MSP,HISP,RAC1P,OWN_RENT,INDP_CAT,EDU,PINCP_DECILE
PUMA,1.1102230246251565e-16,-0.0016536926314385208,-0.05011301492288479,-0.0868412479210379,0.09986583054232856,0.12628332827790126,-0.09227544535152267,-0.028613898909495315,-0.04313631860185512
SEX,-0.0016536926314385208,-2.220446049250313e-16,-0.0978342780906577,0.007225451166852831,-0.1988690860086131,-0.08611878843931992,0.0753679491391018,0.12419610079709054,0.04474627435464654
MSP,-0.05011301492288479,-0.0978342780906577,-2.220446049250313e-16,-0.010479538249093357,0.04805403360223107,0.10921027746943976,-0.02989154582199588,-0.16403318822178953,-0.1604212650865497
HISP,-0.0868412479210379,0.007225451166852831,-0.010479538249093357,0.0,-0.010400031770923829,0.14899140326034527,-0.11943664146492101,-0.11979362873580524,-0.14364293871997041
RAC1P,0.09986583054232856,-0.19886908600861314,0.04805403360223107,-0.010400031770923815,0.0,0.10248506793577136,-0.06626799984295145,-0.06022152737194982,-0.01859368213873873
OWN_RENT,0.12628332827790126,-0.08611878843931992,0.10921027746943979,0.14899140326034527,0.10248506793577136,0.0,-0.029139284886265014,-0.14076797144102632,-0.17044289915303854
INDP_CAT,-0.09227544535152266,0.07536794913910178,-0.02989154582199588,-0.11943664146492103,-0.06626799984295144,-0.029139284886265014,-1.1102230246251565e-16,0.09620498591487331,0.027298715662301354
EDU,-0.02861389890949531,0.12419610079709054,-0.16403318822178953,-0.11979362873580526,-0.06022152737194984,-0.14076797144102632,0.09620498591487325,0.0,0.17361762604786202
PINCP_DECILE,-0.04313631860185512,0.04474627435464654,-0.16042126508654975,-0.14364293871997041,-0.018593682138738715,-0.17044289915303854,0.027298715662301354,0.17361762604786213,0.0
