,AGEP,HISP,MSP,NOC,NPF,OWN_RENT,PINCP_DECILE,POVPIP,PUMA,RAC1P,SEX
0,-0.377129704831815,0.10413523716016837,-0.3314779708948431,0.5079493510979783,0.47857910572319207,0.1955413097646233,-0.35083815939549545,-0.2510332787998789,0.08098020901853548,0.13530945076500966,0.02815887984840512
1,0.05217897352424425,0.24807681582745533,0.3832195882398833,-0.12304575686133959,-0.24863022882193925,0.5784354225419196,-0.06139564421859375,-0.5542800656460339,-0.058284657287332134,0.22155712006781628,0.11769763512410245
2,-0.43936346916089325,0.31840414482309876,0.2641064334945755,-0.16668641207366938,-0.15586776602492763,-0.3064122138005864,-0.399876633784385,0.29831913007042726,-0.194328934435113,0.44505361627842116,-0.07160088936239209
3,0.1762370063952864,0.6169614406085201,-0.10171802336394019,-0.018077411561728984,0.08682112931288949,-0.02441199542756499,0.30000688005160436,0.1059673167284713,0.6035702499803888,0.22463869077169804,-0.23129873958019043
4,0.0467049466594142,0.12648154272851264,-0.00044495873169769773,-0.09334062214149269,-0.049240919725062206,-0.19457502251121991,-0.238572175775825,0.007353049551731739,0.3555128272419952,-0.15737767160475608,0.8512910417539105
