,feature,divergence
1,AGEP,2.866650542393116
9,PINCP_DECILE,0.9113870967741935
5,RAC1P,0.6958910003498109
8,OWN_RENT,0.6114915509857435
3,MSP,0.449822662290543
10,POVPIP,0.4080015964568956
7,NPF,0.3670193006541225
4,HISP,0.22632348265493604
0,PUMA,0.16760227136100203
6,NOC,0.08281994152557125
2,SEX,0.046232859645319535
11,DEYE,0.0015820617158358793
