,feature,divergence
8,PINCP_DECILE,0.030293594306049776
7,EDU,0.02258031035786278
6,INDP_CAT,0.020339119760230208
0,PUMA,0.006021098294390348
2,MSP,0.004943976636302019
4,RAC1P,0.0025135756874620774
3,HISP,0.0016411378555798665
1,SEX,0.0013897234254989232
5,OWN_RENT,0.0009665232983275956
