,AGEP,DEAR,DENSITY,DEYE,DPHY,DREM,DVET,EDU,HISP,HOUSING_TYPE,INDP_CAT,MSP,NOC,NPF,OWN_RENT,PINCP,PINCP_DECILE,POVPIP,PUMA,RAC1P,SEX
0,-0.30435665062993844,0.03469510056858054,-0.02271424245559223,0.019935066308226782,-0.3051728598335363,-0.31343280343535923,-0.02417230590517665,-0.371600733731419,0.03316205780275675,-0.07935424151668755,-0.2588343414991508,-0.2539735487452539,0.29386423000777556,0.24417473905050063,0.04645187118107895,0.4202699365978699,-0.3232858858552215,-0.05896511836382604,0.018941932064551952,0.056214541318298325,-0.006459894934283443
1,-0.04803180533770154,-0.08142458200928798,0.03333580479047435,-0.0995564221033911,-0.18933631767668427,-0.19967507326810835,0.0033840757935749066,-0.16696195132954966,0.020123161605003693,0.5430736425621858,-0.12628006399767971,0.2018217580839137,-0.3091666377265052,-0.3194852355810035,-0.40485095434530105,0.02119054058649455,-0.2137814290696528,0.33096203417757136,-0.07342636987471456,0.007940867005736152,0.04147877549936249
2,0.3566886001262379,-0.3965869900880542,0.0004822843864365862,-0.2964204501791674,-0.2931928045333296,-0.2501144977566933,0.14686364281552844,-0.0768787815220088,-0.0888306808702979,-0.19456992784038063,-0.2237924562531292,0.007174456118405018,-0.22222297634023627,-0.2617423507306164,0.28511802752053395,-0.06492940355691305,0.007075095164842296,-0.3393113617360544,0.09472332730134063,-0.16666781862252938,0.02029999028136365
3,-0.18160549668970158,0.15837287790807777,0.3525181302843319,0.08986812180004115,0.03212935828355879,0.011775061677995191,-0.13871758736800321,-0.08249641384190888,0.3147194908751804,0.018067020294399598,0.05962246091935994,0.34620755113637897,-0.09067401779512821,-0.2312228803317961,0.36404311964424485,-0.022026479111694343,-0.2019421957983616,-0.3360319029825924,-0.3134685877332966,0.2955546170363416,0.15991301704550193
4,0.09682868601903377,-0.3356462936813168,0.36892628800836913,-0.22773349192225226,0.09106543959087655,0.11568586994329119,0.30963700184555254,0.06833594740034896,0.20649411435239684,0.019468477909762784,-0.14599373335477459,-0.24136485829626259,0.0929035740380507,0.1249875935227199,-0.048144847538479786,0.05050610753982244,0.09925553604820953,0.17923204145107968,-0.40461735194176074,0.3194505229348091,-0.32912644440780536
