,feature,divergence
0,AGEP,12.628969459496323
6,EDU,2.4850103748062935
7,PINCP_DECILE,1.9688724128919408
2,MSP,0.6848168668876
1,SEX,0.551172612458166
5,OWN_RENT,0.511432666107723
3,RAC1P,0.08121048061174278
8,DVET,0.059402860693340914
4,HOUSING_TYPE,0.008068675807103496
9,DEYE,0.004842732837521062
