,feature,divergence
1,AGEP,0.893846936181032
9,PINCP_DECILE,0.2598109615577303
7,NPF,0.05684163442750309
5,RAC1P,0.029171498634968946
3,MSP,0.02731650218683415
6,NOC,0.02133160377841229
8,OWN_RENT,0.020733161836204314
10,POVPIP,0.02063189079408078
2,SEX,0.007665496263713711
4,HISP,0.0047675369985235114
0,PUMA,0.002083008269620823
