,AGEP,DEAR,DENSITY,DEYE,DPHY,DREM,DVET,EDU,HISP,HOUSING_TYPE,INDP_CAT,MSP,NOC,NPF,OWN_RENT,PINCP,PINCP_DECILE,POVPIP,PUMA,RAC1P,SEX
0,-0.30435637213881006,0.03469518610710785,-0.022714000616736826,0.01993446850017707,-0.30517246434423495,-0.31343253748048794,-0.02417204412882364,-0.37160172729009966,0.03316168060265869,-0.07935290513503111,-0.25883166471074937,-0.25397564461470606,0.29386293496531984,0.2441751556822659,0.04645192743473049,0.4202703847727567,-0.32328667790927734,-0.05896657783064049,0.018941597734297995,0.05621400133112375,-0.006460190539426858
1,-0.04805144725364932,-0.08143344352242718,0.03332317241194839,-0.09953140018483143,-0.1893463906204874,-0.19967512210405106,0.003374331544897163,-0.1669824586106025,0.02013882413985244,0.5429297671961252,-0.12637926789224424,0.20193615066770054,-0.30918984245675385,-0.31946435634308323,-0.4048712277663242,0.021168770778744884,-0.21375272205823828,0.33106695539447994,-0.07343076451086054,0.007967972882856895,0.041496584064372684
2,0.3567907178238088,-0.3965515360181993,0.0006705457890502451,-0.29670000403839947,-0.2930406121752454,-0.24999487649927415,0.14699670652545138,-0.07718014851754662,-0.08898471790234168,-0.19419036091048794,-0.2226099963726459,0.006334012923546156,-0.22267008892928444,-0.26169559000924586,0.2849417135499632,-0.06464977113647316,0.006650322863124697,-0.3399192522679977,0.09455658178765385,-0.16697974265624402,0.020172726192969438
3,-0.18163013307030243,0.15829503023597266,0.3523104885253572,0.09011811899013619,0.032060158354847844,0.011752820761014048,-0.13881034156372524,-0.08285762542067059,0.3148239587028852,0.017451793236358218,0.05866631131438694,0.3470925164795438,-0.09033134915186677,-0.23132873274598084,0.3640860198183551,-0.0222207291166426,-0.20123736451269503,-0.33537134306610145,-0.31339487920756903,0.2958628193373427,0.16009123365907363
4,0.09665030643503499,-0.3351083766450941,0.37022859731056584,-0.22795515195783597,0.09063651849592569,0.11513345696450435,0.30981056700854914,0.06880097880391518,0.2057440499334823,0.020319045957372224,-0.1433802208168545,-0.24324209502862695,0.0925767095281357,0.12438871266978045,-0.048829459878964455,0.05145168692549054,0.09926740055073617,0.17768706411563537,-0.4054870280924209,0.3182096326008504,-0.32938577964873816
