,AGEP,DEYE,DVET,EDU,HOUSING_TYPE,MSP,OWN_RENT,PINCP_DECILE,RAC1P,SEX
0,-0.5251615970832846,0.0652534681609156,-0.11259059023351833,-0.5549528123126447,-0.05893922391740617,-0.24157157887476555,0.12599373017480195,-0.5520087567508631,0.12658595063201167,0.029244942000674984
1,0.028117658417163908,-0.1865864177711935,-0.11718581844773415,-0.09819642367100884,0.7053995999603052,0.11063300778624435,-0.6234402039734319,-0.1800531014801275,0.030951825962069354,0.09558646071481394
2,-0.08134938043213277,0.16780383264887738,0.5529867249917672,-0.09293384395818305,0.07833761585472881,-0.25478598948784076,-0.23597543652255315,0.10915704418016035,0.08570655941929131,-0.7104893883239493
3,-0.154792217055889,0.31322492730137136,-0.11734411123309504,0.09253546874419288,0.09949165121325287,0.5617909540969768,0.1194328134125884,0.03871391405783012,0.7010062049706096,-0.15138273614990175
4,-0.005050879427425992,-0.8560167110688439,0.2659565134223648,-0.08439859638472946,0.016422403453307685,0.22538144922976253,0.28402107810567456,-0.06826570574970192,0.17794701922761835,-0.14592489455365992
