,AGEP,HISP,MSP,NOC,NPF,OWN_RENT,PINCP_DECILE,POVPIP,PUMA,RAC1P,SEX
0,-0.37712970483181474,0.10413523716016826,-0.33147797089484315,0.5079493510979781,0.4785791057231923,0.19554130976462397,-0.35083815939549484,-0.2510332787998796,0.08098020901853586,0.13530945076500947,0.028158879848405267
1,0.05217897352424507,0.2480768158274533,0.3832195882398828,-0.1230457568613396,-0.24863022882193983,0.5784354225419209,-0.06139564421859357,-0.5542800656460352,-0.0582846572873335,0.2215571200678138,0.1176976351241018
2,-0.43936346916089414,0.31840414482309365,0.2641064334945775,-0.16668641207366958,-0.1558677660249282,-0.3064122138005849,-0.3998766337843883,0.2983191300704249,-0.19432893443511834,0.4450536162784213,-0.07160088936238868
3,0.17623700639528173,0.6169614406085233,-0.10171802336393647,-0.018077411561730594,0.08682112931288744,-0.024411995427565142,0.300006880051602,0.10596731672847295,0.6035702499803861,0.22463869077170331,-0.23129873958019373
4,0.046704946659408254,0.12648154272851078,-0.00044495873169225764,-0.09334062214149455,-0.049240919725066175,-0.1945750225112196,-0.23857217577583056,0.007353049551728269,0.35551282724200906,-0.1573776716047659,0.8512910417539011
