,feature,divergence
1,AGEP,8.384652781829143
10,POVPIP,0.3636336986048879
9,PINCP_DECILE,0.14926651347195247
0,PUMA,0.09359395346203925
7,NPF,0.08639935917297763
6,NOC,0.05568444276108088
3,MSP,0.028799441565105676
4,HISP,0.01343462758759119
5,RAC1P,0.013033032196003505
8,OWN_RENT,0.006907654071865471
2,SEX,0.006608585952025958
11,DEYE,0.00022626315136273223
