,feature,divergence
8,PINCP_DECILE,3.50729491443695
6,INDP_CAT,2.218752383395619
7,EDU,1.3024452177184238
0,PUMA,0.3153069987118936
2,MSP,0.2882590860847365
3,HISP,0.09689998808447535
1,SEX,0.09653693467387914
4,RAC1P,0.07095762324850767
5,OWN_RENT,0.04404968379843065
