,PUMA,SEX,MSP,HISP,RAC1P,OWN_RENT,INDP_CAT,EDU,PINCP_DECILE
PUMA,-2.220446049250313e-16,0.018046904445272495,0.025663010160259216,0.026593462673632953,0.06471791645098836,0.015160393702839442,0.0034400427240081823,0.038762025898538166,-0.009703750880563142
SEX,0.018046904445272495,1.1102230246251565e-16,-0.0375642933957054,0.0064560466481593075,7.455732953788336e-05,-0.010783853606998366,-0.043188248204645195,-0.019114881113655655,0.12107422415978535
MSP,0.025663010160259223,-0.0375642933957054,0.0,-0.01979387043583845,0.030804618939516915,0.025318751064961044,-0.24874680327712972,-0.14892286786045927,-0.09675943161261516
HISP,0.02659346267363296,0.006456046648159311,-0.01979387043583845,0.0,-0.13778589726098184,-0.07026637313363307,-0.023852891944342508,0.04564053638603573,0.061434665126782695
RAC1P,0.06471791645098836,7.455732953788293e-05,0.030804618939516915,-0.13778589726098184,0.0,-0.03679204407696366,0.020125216417280045,0.023885517168274507,0.07604530797184249
OWN_RENT,0.01516039370283944,-0.010783853606998368,0.025318751064961044,-0.07026637313363306,-0.03679204407696366,-2.220446049250313e-16,-0.0128277993540703,-0.012736087553517716,-0.04115087317217903
INDP_CAT,0.0034400427240081815,-0.043188248204645195,-0.2487468032771297,-0.023852891944342508,0.020125216417280045,-0.012827799354070302,0.0,-0.35914332065731985,-0.323859761317163
EDU,0.038762025898538166,-0.019114881113655655,-0.14892286786045927,0.04564053638603571,0.023885517168274504,-0.012736087553517718,-0.3591433206573198,0.0,-0.5583116459656611
PINCP_DECILE,-0.00970375088056314,0.12107422415978535,-0.09675943161261515,0.061434665126782695,0.07604530797184249,-0.04115087317217903,-0.323859761317163,-0.5583116459656611,2.220446049250313e-16
