,feature,divergence
7,EDU,0.09602723666631886
8,PINCP_DECILE,0.07367689781482867
6,INDP_CAT,0.03783068945288949
0,PUMA,0.021700789816731736
2,MSP,0.016402842472151943
4,RAC1P,0.0048737058251084224
5,OWN_RENT,0.0023496478529145964
3,HISP,0.00193465279279463
1,SEX,0.0
