,AGEP,DEYE,DVET,EDU,HOUSING_TYPE,MSP,OWN_RENT,PINCP_DECILE,RAC1P,SEX
0,-0.500367196599597,0.03900010057801129,-0.09147255741886649,-0.5717285720585459,0.028571268082508136,-0.23289866092055567,0.06753307375165168,-0.5718403334470062,0.1614235115996025,0.013897306588228325
1,-0.03675130220352479,-0.009456974854130877,-0.02075755036664209,-0.009303160616241597,0.7107583250013613,0.23447166211410733,-0.6402728025062314,-0.11921538103751805,-0.09207325951810691,-0.0724504796505388
2,0.09901175711451522,-0.27791274265991456,0.623589473923963,-0.1604642273035847,-0.06821032417491389,-0.39253564712294925,-0.14847233213293765,0.012234921473094573,-0.2460947331152669,-0.5068089898784741
3,-0.11347758108069872,-0.34360233153170183,0.22875269641389906,0.01796521640022891,0.09691595087680133,0.5511477770143687,0.2765624299491457,-0.01808283657740556,0.5527299875731491,-0.3477484030131641
4,0.23737997636267208,-0.7955381192427394,-0.04165471474756835,-0.09690685272827065,0.0031132641869938554,-0.017539553050386528,-0.018473106588050583,-0.1634021113763059,-0.08018248525368998,0.5156119949550932
