,PUMA,SEX,MSP,HISP,RAC1P,OWN_RENT,INDP_CAT,EDU,PINCP_DECILE
PUMA,1.7763568394002505e-15,-0.006202025005406788,-0.007826552472718615,-0.022106635380039943,0.04785491709698882,0.037087460381193024,-0.025629263217751573,0.0703521832198149,0.015455221202006772
SEX,-0.006202025005406788,-6.106226635438361e-15,-0.01864570592709452,-0.004517443396580735,-0.0048913917981872725,-0.053551727364574045,0.005828467828264988,-0.020131088046474795,-0.0033364859384511225
MSP,-0.007826552472718615,-0.01864570592709452,0.0,0.019169234812340098,0.05372753006121942,-0.006264200560735435,-0.1841893524988985,-0.19137043174891327,-0.3354276662737531
HISP,-0.022106635380039943,-0.004517443396580735,0.019169234812340098,3.6637359812630166e-15,-0.05406941191181747,-0.020841015843364938,-0.00012621678652067255,0.06350591983768353,0.0370695386434811
RAC1P,0.04785491709698882,-0.0048913917981872725,0.05372753006121942,-0.05406941191181747,-4.9960036108132044e-15,-0.010296091885136097,0.010498240098869523,0.06583082306017765,0.06521395283939146
OWN_RENT,0.037087460381193024,-0.053551727364574045,-0.006264200560735435,-0.020841015843364938,-0.010296091885136097,3.774758283725532e-15,-0.05220339256532639,0.04460190017455369,-0.0016118505480943587
INDP_CAT,-0.025629263217751573,0.005828467828264988,-0.1841893524988985,-0.00012621678652067255,0.010498240098869523,-0.05220339256532639,2.4424906541753444e-15,-0.41339246771553034,-0.44670163170364996
EDU,0.0703521832198149,-0.020131088046474795,-0.19137043174891327,0.06350591983768353,0.06583082306017765,0.04460190017455369,-0.41339246771553034,-9.992007221626409e-16,-0.5157503674300518
PINCP_DECILE,0.015455221202006772,-0.0033364859384511225,-0.3354276662737531,0.0370695386434811,0.06521395283939146,-0.0016118505480943587,-0.44670163170364996,-0.5157503674300518,-1.887379141862766e-15
