,PUMA,SEX,MSP,HISP,RAC1P,OWN_RENT,INDP_CAT,EDU,PINCP_DECILE
PUMA,1.1102230246251565e-16,0.004617242753864803,-0.018540393465139804,0.002893379609203158,-0.005191497956119287,-0.024404970661529964,-0.009054535834694068,-0.04650647914478886,-0.013842279867420353
SEX,0.004617242753864803,-2.220446049250313e-16,-0.024703037164867218,0.018702612219289316,0.011868759329368133,3.403226764743007e-05,-0.022216420157962814,-0.02532896707457566,0.1244531887959792
MSP,-0.018540393465139804,-0.024703037164867218,0.0,0.014495945675839908,-0.014668731260800396,-0.00762568206565305,-0.26766122294703637,-0.21755633305182073,-0.20815278372036128
HISP,0.0028933796092031564,0.018702612219289316,0.014495945675839908,1.1102230246251565e-16,-0.09953423487024823,-0.05454410561691863,0.04396577040560933,0.18930543079160733,0.13421402107602595
RAC1P,-0.005191497956119287,0.011868759329368135,-0.014668731260800393,-0.09953423487024823,0.0,-0.05726042687842294,-0.00779314637736914,0.05618438917818228,0.08200881292528317
OWN_RENT,-0.024404970661529968,3.403226764743007e-05,-0.007625682065653051,-0.05454410561691863,-0.057260426878422935,-2.220446049250313e-16,-0.017861725521659003,0.06448455573752929,0.060319372472105184
INDP_CAT,-0.009054535834694066,-0.022216420157962814,-0.26766122294703637,0.043965770405609325,-0.007793146377369142,-0.017861725521659003,0.0,-0.3824955115354303,-0.3657437169521741
EDU,-0.04650647914478885,-0.02532896707457566,-0.21755633305182073,0.1893054307916073,0.056184389178182276,0.06448455573752929,-0.3824955115354304,-1.1102230246251565e-16,-0.5583963837245502
PINCP_DECILE,-0.013842279867420352,0.1244531887959792,-0.2081527837203613,0.13421402107602595,0.08200881292528318,0.060319372472105184,-0.3657437169521741,-0.5583963837245501,0.0
