,AGEP,HISP,MSP,NOC,NPF,OWN_RENT,PINCP_DECILE,POVPIP,PUMA,RAC1P,SEX
0,-0.41840829409804686,0.07317519200018341,-0.3607321473356718,0.5406571467877549,0.5055806361880879,0.12104875481954498,-0.31234783885455564,-0.1142603391889106,0.0229561904666819,0.12398031953303604,-0.019046616995424308
1,-0.25579200990861534,0.0016666730213674985,0.009929854513859762,-0.04968640505320107,0.03200620299598353,-0.6646642095559375,-0.17883989153404653,0.6670922851266575,-0.07846254514826201,0.07740749141303509,-0.00730110388356911
2,-0.2914974127446695,0.4182481468178713,0.39571557911386335,-0.12821803866304549,-0.27797972033003737,0.13050625514202552,-0.4099292103727341,-0.16876846288925573,-0.2718621601724566,0.38408141027121,0.23411565107063909
3,0.05343975209419894,0.38577777124737095,-0.06015818723000492,0.027008586046662453,0.06677477280481782,0.09026285570298268,0.4103912842664166,0.13367331415554817,-0.26554517621050017,0.407495017369112,-0.6391470789929368
4,-0.17424820983452904,0.2653050398509368,0.23743616905609777,-0.0777979588790087,-0.03766831774394083,-0.05257212104997763,-0.1069992778071209,-0.05701350704867937,0.8354238387356845,-0.03927021245116065,-0.34418757239761744
