,AGEP,DEYE,DVET,EDU,HOUSING_TYPE,MSP,OWN_RENT,PINCP_DECILE,RAC1P,SEX
0,-0.500367196599597,0.0390001005780114,-0.09147255741886556,-0.5717285720585463,0.02857126808250647,-0.23289866092055653,0.0675330737516528,-0.5718403334470058,0.16142351159960214,0.013897306588227368
1,-0.03675130220352634,-0.009456974854132296,-0.02075755036664311,-0.009303160616242182,0.7107583250013612,0.23447166211410728,-0.6402728025062311,-0.11921538103751936,-0.09207325951810683,-0.07245047965053836
2,0.09901175711451747,-0.27791274265991317,0.6235894739239614,-0.16046422730358342,-0.06821032417491436,-0.3925356471229544,-0.1484723321329406,0.012234921473094379,-0.2460947331152733,-0.5068089898784687
3,-0.11347758108070072,-0.3436023315316922,0.22875269641390628,0.017965216400230077,0.09691595087680017,0.5511477770143637,0.2765624299491443,-0.018082836577404143,0.5527299875731487,-0.3477484030131769
4,0.23737997636266756,-0.7955381192427451,-0.04165471474756974,-0.09690685272827132,0.0031132641869947575,-0.017539553050371567,-0.018473106588040786,-0.1634021113763076,-0.08018248525369047,0.5156119949550861
