,PUMA,SEX,MSP,HISP,RAC1P,OWN_RENT,INDP_CAT,EDU,PINCP_DECILE
PUMA,-1.176836406102666e-14,0.01687926458026709,-0.005708011392835402,-0.221198044930063,-0.21848774854907244,-0.025934771794514755,-0.058927223091889344,0.043199348683970434,-0.00830689726141802
SEX,0.01687926458026709,-2.8976820942716586e-14,-0.028498605329657714,-0.014999187872430618,-0.01286666345516225,-0.07856546793818278,-0.01302220530408746,-0.02236496888156305,0.03226444402875709
MSP,-0.005708011392835402,-0.028498605329657714,5.218048215738236e-15,-0.033411010695693986,-0.031120556616220485,-0.05552054624627928,-0.01232567779014393,0.09527383174911461,0.13859853073502323
HISP,-0.221198044930063,-0.014999187872430618,-0.033411010695693986,3.6637359812630166e-15,-0.2412025097146215,-0.11238311525854319,-0.059854991365017256,0.09842435165364356,0.020722767669150863
RAC1P,-0.21848774854907244,-0.01286666345516225,-0.031120556616220485,-0.2412025097146215,0.0,-0.1006644795134545,-0.04222096539387421,0.12739600728886882,0.08705203025421512
OWN_RENT,-0.025934771794514755,-0.07856546793818278,-0.05552054624627928,-0.11238311525854319,-0.1006644795134545,-1.8096635301390052e-14,-0.02049258518894461,0.13564168891004177,0.054970344842386186
INDP_CAT,-0.058927223091889344,-0.01302220530408746,-0.01232567779014393,-0.059854991365017256,-0.04222096539387421,-0.02049258518894461,-1.0547118733938987e-14,-0.15942332756674393,-0.19631567653164245
EDU,0.043199348683970434,-0.02236496888156305,0.09527383174911461,0.09842435165364356,0.12739600728886882,0.13564168891004177,-0.15942332756674393,6.994405055138486e-15,-0.14047620831424257
PINCP_DECILE,-0.00830689726141802,0.03226444402875709,0.13859853073502323,0.020722767669150863,0.08705203025421512,0.054970344842386186,-0.19631567653164245,-0.14047620831424257,8.104628079763643e-15
