,PUMA,SEX,MSP,HISP,RAC1P,OWN_RENT,INDP_CAT,EDU,PINCP_DECILE
PUMA,0.0,-0.01650255398638393,-0.0020042992972071003,-0.01727878195996304,-0.11193737856908,0.043567983591965405,-0.08721171240912934,-0.1934482100463809,-0.1356462731575756
SEX,-0.01650255398638393,-1.3322676295501878e-15,-0.005360378570088211,0.0039020212982921517,-0.016916909938990053,-0.015950188193931535,-0.03810873277828274,-0.05925481352777694,0.03756570495989067
MSP,-0.0020042992972071003,-0.005360378570088211,1.4432899320127035e-15,-0.01961832154874728,-0.017924986872362242,0.021225489990654527,0.03199378460914501,0.04160301914002992,0.007209757193289118
HISP,-0.01727878195996304,0.0039020212982921517,-0.01961832154874728,2.220446049250313e-15,0.18190648357309924,-0.2399923780230248,0.14198160584099764,0.08825099298023718,0.1238761923033801
RAC1P,-0.11193737856908,-0.016916909938990053,-0.017924986872362242,0.18190648357309924,-1.4432899320127035e-15,-0.18257171031476513,0.04909494132977883,0.0463244359549856,0.08989000366987566
OWN_RENT,0.043567983591965405,-0.015950188193931535,0.021225489990654527,-0.2399923780230248,-0.18257171031476513,8.326672684688674e-15,0.007322360281600448,0.09587245605017737,0.05042746342656687
INDP_CAT,-0.08721171240912934,-0.03810873277828274,0.03199378460914501,0.14198160584099764,0.04909494132977883,0.007322360281600448,-1.1102230246251565e-15,-0.07144135225092024,-0.10223122220374475
EDU,-0.1934482100463809,-0.05925481352777694,0.04160301914002992,0.08825099298023718,0.0463244359549856,0.09587245605017737,-0.07144135225092024,8.881784197001252e-16,-0.04483645433298511
PINCP_DECILE,-0.1356462731575756,0.03756570495989067,0.007209757193289118,0.1238761923033801,0.08989000366987566,0.05042746342656687,-0.10223122220374475,-0.04483645433298511,-1.7763568394002505e-15
