,AGEP,DEAR,DENSITY,DEYE,DPHY,DREM,DVET,EDU,HISP,HOUSING_TYPE,INDP_CAT,MSP,NOC,NPF,OWN_RENT,PINCP,PINCP_DECILE,POVPIP,PUMA,RAC1P,SEX
0,-0.304355693407918,0.034695417341618906,-0.022713644598386144,0.019934466767417426,-0.3051724574176477,-0.3134324221812891,-0.024172012261079127,-0.371602705347452,0.033161614404394774,-0.07935331887890744,-0.2588310278802455,-0.25397571070768943,0.29386236467574023,0.24417576550584363,0.0464517715588611,0.42026997703356217,-0.32328729640904225,-0.058966377885012376,0.018941649180647096,0.05621411991148937,-0.006460366783416006
1,-0.04808525815657653,-0.08144657833662033,0.033293442202268174,-0.09953291882603008,-0.1893499027547769,-0.19968792562210652,0.0033690236614196643,-0.16687092665398015,0.020146224903038617,0.5430262760725094,-0.12641025255131352,0.20191039734927926,-0.3090654344643043,-0.3195713308085969,-0.4048597526714584,0.021217050177739165,-0.21370456869870877,0.3310095464391648,-0.07342229699159994,0.00795714568017604,0.04150129189717919
2,0.3568030784324438,-0.3965723243964556,0.000577630520263224,-0.2967015646355064,-0.29304664252823936,-0.2499883128719173,0.14698035850472782,-0.07718386415610844,-0.08898274768753886,-0.1942028643968953,-0.2226374321181252,0.006372972285164424,-0.22255222053252385,-0.26179689537184303,0.2850139778487561,-0.06463351714199198,0.006683654118848512,-0.33981415231025114,0.09451935267507856,-0.1669749531129037,0.020188538047682572
3,-0.1818610309832714,0.15822089779467713,0.35200250061058275,0.09010434162005597,0.0319969571374511,0.011619344590923723,-0.13887840626217765,-0.08190661946015107,0.3149062822056596,0.01822947885439931,0.05849908606114551,0.34682253815039316,-0.08948927994426106,-0.23208611333607948,0.3642167630598482,-0.02189089753161591,-0.20102123278977768,-0.33585898985653784,-0.3133123111569875,0.29578807043813804,0.1601118420356756
4,0.0953133213422901,-0.336078025384418,0.36817843978769244,-0.22832201717122294,0.09094702210691308,0.1153050773778696,0.30960254881919064,0.0708244092591396,0.20640609724020256,0.02092505031192061,-0.14474532667205348,-0.24299493110849327,0.0934671037872994,0.12331931455700024,-0.047912908861909624,0.05213431407804561,0.09957024170010566,0.17785019558503623,-0.4059783427446048,0.3183678490921205,-0.328825597030926
