,PUMA,SEX,MSP,HISP,RAC1P,OWN_RENT,INDP_CAT,EDU,PINCP_DECILE
PUMA,3.3306690738754696e-16,-0.009495396013233938,-0.0008114625626275893,-0.06693178523519885,0.022843344581815216,-0.10517217083996447,0.001949074522430004,0.12988652334793005,0.0860834279300015
SEX,-0.009495396013233938,0.0,-0.03629895250353575,0.017346132731583214,0.033156616898964486,0.01795170240046255,-0.016696137870846648,-0.011931730797767746,0.17998739622305146
MSP,-0.0008114625626275893,-0.03629895250353575,0.0,0.0001311330551287404,-0.014006231290099687,-0.06456150214477659,-0.2718855806371128,-0.27265895913068044,-0.1923096211387919
HISP,-0.06693178523519885,0.017346132731583214,0.0001311330551287404,4.218847493575595e-15,-0.16707042560543933,-0.07713067509454341,0.05119259646869331,0.1439406498891238,0.10899307897413166
RAC1P,0.022843344581815216,0.033156616898964486,-0.014006231290099687,-0.16707042560543933,-1.6653345369377348e-15,0.004454453638184244,0.01806520650110633,0.07060104769768216,0.09128723294867663
OWN_RENT,-0.10517217083996447,0.01795170240046255,-0.06456150214477659,-0.07713067509454341,0.004454453638184244,-9.992007221626409e-16,-0.031014743008896645,0.0615038195385078,0.053240431922838
INDP_CAT,0.001949074522430004,-0.016696137870846648,-0.2718855806371128,0.05119259646869331,0.01806520650110633,-0.031014743008896645,3.552713678800501e-15,-0.507702094190156,-0.5064252843278138
EDU,0.12988652334793005,-0.011931730797767746,-0.27265895913068044,0.1439406498891238,0.07060104769768216,0.0615038195385078,-0.507702094190156,-1.3322676295501878e-15,-0.7453705442189011
PINCP_DECILE,0.0860834279300015,0.17998739622305146,-0.1923096211387919,0.10899307897413166,0.09128723294867663,0.053240431922838,-0.5064252843278138,-0.7453705442189011,3.4416913763379853e-15
