,AGEP,HISP,MSP,NOC,NPF,OWN_RENT,PINCP_DECILE,POVPIP,PUMA,RAC1P,SEX
0,-0.41840829409804703,0.07317519200018308,-0.3607321473356715,0.540657146787755,0.5055806361880878,0.1210487548195455,-0.31234783885455564,-0.1142603391889112,0.022956190466682052,0.12398031953303586,-0.019046616995424266
1,-0.2557920099086151,0.0016666730213668601,0.00992985451385878,-0.04968640505320025,0.03200620299598428,-0.6646642095559365,-0.17883989153404573,0.6670922851266563,-0.07846254514826126,0.07740749141303441,-0.007301103883569825
2,-0.2914974127446692,0.4182481468178709,0.3957155791138619,-0.12821803866304654,-0.2779797203300366,0.13050625514202518,-0.409929210372734,-0.1687684628892549,-0.27186216017245773,0.38408141027121084,0.2341156510706403
3,0.053439752094197525,0.38577777124736723,-0.06015818723000446,0.027008586046662647,0.06677477280481742,0.09026285570298405,0.41039128426641636,0.13367331415554856,-0.26554517621050383,0.40749501736911214,-0.6391470789929381
4,-0.17424820983452508,0.2653050398509395,0.23743616905609483,-0.07779795887900928,-0.03766831774394043,-0.052572121049978694,-0.10699927780711828,-0.057013507048679496,0.8354238387356885,-0.0392702124511499,-0.3441875723976134
