,AGEP,SEX,MSP,RAC1P,HOUSING_TYPE,OWN_RENT,EDU,PINCP_DECILE,DVET
AGEP,-1.1102230246251565e-16,-0.051790755402557766,-0.015874274569367658,-0.003713234660074352,-0.040217514469371454,0.06939324809420852,-0.0539399815680312,-0.04298272865317815,-0.07133943886448028
SEX,-0.05179075540255776,0.0,0.013060400515051845,0.0016126979347808384,3.3920407629424356e-05,-0.003292873137181459,-0.046066271735704205,-0.004661302972481074,0.0927747712239104
MSP,-0.015874274569367686,0.013060400515051845,0.0,-0.04226292392981104,-0.00797725203569058,0.00034569292329164614,-0.009824885518417842,0.008219276699758193,-0.0056331176215738245
RAC1P,-0.003713234660074366,0.0016126979347808393,-0.04226292392981104,-1.1102230246251565e-16,-0.04759195369082363,-0.055118871599581246,0.005490950491178835,0.030132535262739728,0.013178025018851179
HOUSING_TYPE,-0.04021751446937146,3.392040762942392e-05,-0.00797725203569058,-0.04759195369082362,0.0,0.0005072998008484597,0.04188250602009451,0.07679519814062946,0.026179318204627527
OWN_RENT,0.06939324809420852,-0.003292873137181459,0.00034569292329164267,-0.05511887159958124,0.0005072998008484597,0.0,0.02473653463238868,0.011947861121344314,-0.004012284500332264
EDU,-0.0539399815680312,-0.046066271735704205,-0.009824885518417842,0.005490950491178828,0.041882506020094516,0.02473653463238868,-1.1102230246251565e-16,-0.21588659849102582,-0.09817622046054192
PINCP_DECILE,-0.042982728653178204,-0.004661302972481074,0.008219276699758193,0.03013253526273974,0.07679519814062946,0.01194786112134432,-0.21588659849102576,-1.1102230246251565e-16,-0.10897500057794715
DVET,-0.07133943886448027,0.09277477122391038,-0.005633117621573824,0.013178025018851177,0.026179318204627527,-0.004012284500332265,-0.09817622046054193,-0.10897500057794714,2.220446049250313e-16
