,feature,divergence
1,AGEP,5.141851851851851
9,PINCP_DECILE,3.3195615857882084
7,NPF,1.0306224899598393
3,MSP,0.7662652766195039
10,POVPIP,0.7040652088879915
8,OWN_RENT,0.20858781228245188
2,SEX,0.1466446419475691
6,NOC,0.09961033060739499
5,RAC1P,0.08020850347663742
0,PUMA,0.06670363797692991
4,HISP,0.04354354354354355
