,EDU,HISP,INDP_CAT,MSP,OWN_RENT,PINCP_DECILE,PUMA,RAC1P,SEX
0,-0.5661256654249885,0.15509979203949498,-0.4897462755127018,-0.3043552111334553,0.04948152447213357,-0.5534536170037254,-0.043899327019964005,0.10682166712636462,0.02940968572956653
1,-0.0034601267865828887,0.6176667604119583,0.20689453940539182,0.26008369416549115,0.33893200713047283,-0.020471515636093895,0.21019913550127745,0.589648817421764,0.029385869665182356
2,-0.018556109310643797,0.12612634670485928,-0.1026761915727238,-0.2135048290619371,-0.2902481486688531,0.22623656138595913,0.04080408225367315,0.20127577296702895,-0.8660353478351863
3,-0.05000731534029627,0.05132823467927157,0.08272803769322695,0.18707511355718975,0.031452503601845906,-0.00392421008691745,-0.9599163500806973,0.16169289819499266,-0.06659581456506272
4,0.08749415590913988,0.10041662662183536,0.0039022339364794476,-0.00744387310125803,-0.8449588410538768,-0.04769712797520605,0.007298891278721233,0.36028090851331357,0.3689235275201695
