,feature,divergence
8,PINCP_DECILE,4.763640551665858
0,PUMA,4.721632834757834
7,EDU,4.287859545823352
2,MSP,2.3963562252964428
6,INDP_CAT,1.214826953853139
5,OWN_RENT,0.26415406241660516
4,RAC1P,0.2551441655028046
1,SEX,0.2364486387307998
3,HISP,0.08663066300573366
