,AGEP,HISP,MSP,NOC,NPF,OWN_RENT,PINCP_DECILE,POVPIP,PUMA,RAC1P,SEX
0,-0.46206731655758665,0.17229438035653877,-0.23524154992406776,0.4852564301774994,0.4497517383679849,0.15256761391536072,-0.40389750820632786,-0.2552143140962603,-0.013253438783225383,0.1094517627498813,0.004434341342924357
1,0.0402226383113912,0.17952821707467215,0.41344433077751913,-0.13969336011938238,-0.28381007263920477,0.5779938689345122,-0.08425944050002024,-0.5547096160240306,0.00957516519055712,0.14606512945054517,0.15762969903433036
2,-0.10705523648905185,0.5597321764429595,0.14670291473082697,-0.08323796522869181,-0.06712917640353727,-0.21244911824654616,0.03465886196805018,0.2338093157963524,0.3108301723292688,0.6413793303764175,-0.1824744761603456
3,-0.047437523714933746,0.001967173877623674,0.026973041675099504,-0.1359423020290841,-0.11168192354357237,-0.3102532295671166,-0.3980486661739818,0.10449213536054411,-0.028986063252185165,0.08625873147996137,0.8319651020294385
4,0.03849997016229488,0.10322755847068667,0.07154933010310756,-0.05633622718184035,0.014544651477988231,-0.15383582298267057,-0.021778709689945424,-0.04212116724928747,-0.9284815800060378,0.2725368180436044,-0.130724414295806
