,AGEP,DEYE,HISP,MSP,NOC,NPF,OWN_RENT,PINCP_DECILE,POVPIP,PUMA,RAC1P,SEX
0,-0.3793920659430118,0.05555013259684671,0.10346063208355773,-0.3315259817499761,0.507717970632532,0.4786017209737775,0.19328919095959887,-0.3488660799762461,-0.2469571543224858,0.08085406385186707,0.13473883570214593,0.027876449212039224
1,0.06928418939533275,-0.1649233219013686,0.23855175616384253,0.3627695432271133,-0.1136124561628423,-0.23523888825842543,0.5727092974150881,-0.0687388187284652,-0.5635153330188839,-0.05259663918370941,0.21124918402083645,0.11654644177421727
2,-0.4450773923875179,0.19625255361546068,0.3255300405212952,0.29317169565637247,-0.16973395704773447,-0.1718488397910119,-0.25445338588096583,-0.3649325468906667,0.2771655706994941,-0.19202123017182082,0.4441323420093913,-0.06527807176604143
3,0.17710503691010063,0.04116021645175521,0.6121680156752674,-0.09869138110859277,-0.015479222032567358,0.08601373655208053,-0.010580164115230672,0.3131249557320856,0.10106130990737645,0.6040627269828746,0.21831909546724124,-0.2321302079882657
4,0.08907735788191373,-0.5526733208318687,0.15216175196415935,-0.07727457619430031,-0.09556726832954276,-0.007237575499863397,-0.30406561975187374,-0.31242843855793695,0.03771909914884737,0.24391226221253107,-0.022779424641617835,0.6299246986517306
