,feature,divergence
1,AGEP,6.487511531759319
9,PINCP_DECILE,2.2441029385731985
7,NPF,1.856059846052823
3,MSP,0.8709858476347814
10,POVPIP,0.6784968256739073
0,PUMA,0.4585766545845082
8,OWN_RENT,0.39415150488564726
5,RAC1P,0.32918807229119973
6,NOC,0.31469070478158934
2,SEX,0.16432148178136718
4,HISP,0.1390259329538267
