,feature,divergence
8,PINCP_DECILE,0.013997441360642238
0,PUMA,0.011217948717948678
7,EDU,0.010228667931651975
6,INDP_CAT,0.0043585902176165505
2,MSP,0.0026272259161603945
4,RAC1P,0.00108576660948229
5,OWN_RENT,0.0006705419946268776
3,HISP,0.0003282484858339726
1,SEX,0.00027694331325134325
