,feature,divergence
0,AGEP,10.322054844851197
7,PINCP_DECILE,2.3141668467689644
6,EDU,1.7016179968904837
2,MSP,0.7325286443816775
1,SEX,0.6093129134382509
5,OWN_RENT,0.5818956684894644
3,RAC1P,0.07806537387492629
4,HOUSING_TYPE,0.02600442736525041
8,DVET,0.013280645522558074
9,DEYE,0.0012232338588625373
