,AGEP,HISP,MSP,NOC,NPF,OWN_RENT,PINCP_DECILE,POVPIP,PUMA,RAC1P,SEX
0,-0.41840829409804714,0.0731751920001833,-0.3607321473356718,0.5406571467877549,0.5055806361880877,0.12104875481954548,-0.31234783885455586,-0.11426033918891107,0.022956190466681972,0.12398031953303582,-0.01904661699542418
1,-0.2557920099086135,0.0016666730213652226,0.009929854513856874,-0.049686405053199545,0.03200620299598583,-0.6646642095559377,-0.17883989153404312,0.667092285126658,-0.07846254514825995,0.07740749141303277,-0.007301103883571188
2,-0.29149741274467217,0.4182481468178698,0.3957155791138635,-0.12821803866304654,-0.2779797203300375,0.13050625514202202,-0.40992921037273544,-0.1687684628892516,-0.2718621601724569,0.3840814102712108,0.23411565107063947
3,0.053439752094198954,0.3857777712473682,-0.06015818723000501,0.02700858604666298,0.06677477280481761,0.09026285570298384,0.4103912842664171,0.13367331415554792,-0.26554517621050266,0.40749501736911475,-0.6391470789929354
4,-0.17424820983452735,0.2653050398509389,0.23743616905609616,-0.07779795887900884,-0.03766831774394047,-0.05257212104997772,-0.10699927780711901,-0.05701350704867947,0.835423838735685,-0.039270212451157104,-0.34418757239761727
