,PUMA,SEX,MSP,HISP,RAC1P,OWN_RENT,INDP_CAT,EDU,PINCP_DECILE
PUMA,-1.9984014443252818e-15,-0.006730583799509362,-0.0056249221565084825,-0.0053479956437111065,-0.019608684659537256,-0.008709874388168216,0.0052690328411419025,0.005301434482339995,-0.005528917526138426
SEX,-0.006730583799509362,-4.9960036108132044e-15,0.004493777574719355,-0.0028125310547294858,-0.006256504599493973,0.0013227859891577903,0.05913143555420183,-0.00335312596889302,-0.010021156527448422
MSP,-0.0056249221565084825,0.004493777574719355,-1.3322676295501878e-15,0.0017738237218373424,-0.0019976224628492647,0.010251988946316563,-0.12620621086729608,-0.1604312522347799,-0.37107435828266033
HISP,-0.0053479956437111065,-0.0028125310547294858,0.0017738237218373424,2.220446049250313e-15,-0.015293461646322004,-0.000526333571761739,0.029529261244371406,0.051614267086483645,0.05449729512389424
RAC1P,-0.019608684659537256,-0.006256504599493973,-0.0019976224628492647,-0.015293461646322004,-3.1086244689504383e-15,-0.0009538306536164345,0.010589182641770063,0.02847759253579779,0.030835969999867457
OWN_RENT,-0.008709874388168216,0.0013227859891577903,0.010251988946316563,-0.000526333571761739,-0.0009538306536164345,0.0,-0.006818669969839021,0.02701508382502911,0.024863919460284083
INDP_CAT,0.0052690328411419025,0.05913143555420183,-0.12620621086729608,0.029529261244371406,0.010589182641770063,-0.006818669969839021,0.0,-0.2642678408401987,-0.19549365324317292
EDU,0.005301434482339995,-0.00335312596889302,-0.1604312522347799,0.051614267086483645,0.02847759253579779,0.02701508382502911,-0.2642678408401987,1.7763568394002505e-15,-0.29061342134029144
PINCP_DECILE,-0.005528917526138426,-0.010021156527448422,-0.37107435828266033,0.05449729512389424,0.030835969999867457,0.024863919460284083,-0.19549365324317292,-0.29061342134029144,-6.5503158452884236e-15
