,EDU,HISP,INDP,MSP,OWN_RENT,PINCP_DECILE,PUMA,RAC1P,SEX
0,-0.5700681373889297,0.0976194948371153,-0.505896303961321,-0.29594881993124933,0.00118947655027693,-0.5509265731613419,0.062331156862747414,0.12069030482022258,0.001775364195992911
1,-0.025938424185833607,0.5822610319099033,0.1987027010873182,0.20338130313123,0.5012540017731136,-0.036410392588910656,0.022990553094667375,0.5530164297885217,0.14323247836135589
2,-0.01596431286531322,0.3016581141549737,0.08580949258369733,-0.22588570904946495,-0.0187362254382,0.15972520260893427,0.8589001650182484,-0.22510566325502362,-0.190038576923104
3,-0.007615822816968332,0.12576551614901602,-0.09470854105676793,0.10126136864545834,-0.15221921431015542,0.09603100136015572,-0.1660712021414086,0.25274147070052383,-0.9170882858490492
4,0.045433368342151184,0.3432929341944788,-0.02156928611892797,0.3528656458276851,-0.8044708733841681,-0.10992335316425395,0.07773413082191874,0.17420969362411173,0.24384058341989853
