,AGEP,DEYE,HISP,MSP,NOC,NPF,OWN_RENT,PINCP_DECILE,POVPIP,PUMA,RAC1P,SEX
0,-0.4628491606302892,0.0731514808540078,0.17102328910782325,-0.23505908513614945,0.48444048834535386,0.44944576837523403,0.15138723674413607,-0.4009563118821651,-0.2517830358556852,-0.012839000052200338,0.10944910014099256,0.0033149503493579563
1,0.04494434893080289,-0.1525319035077702,0.17767095538071065,0.39800261212175414,-0.13225403149673542,-0.2746654115882649,0.5667211718828411,-0.10050879647976368,-0.560312001466605,0.0025159026712667236,0.1366157644058103,0.16707518795960608
2,-0.11163374314216105,0.140570250607536,0.5481060903060124,0.17019105035438656,-0.08535062182635736,-0.07645478895234123,-0.16779926937614964,0.06095908271294238,0.21778723647189147,0.3148004158555486,0.6344714360772838,-0.21048842919696858
3,-0.028794325335342815,-0.3029446971176358,0.07487542606291103,-0.014473375000576993,-0.12003109293574707,-0.08447836649432913,-0.36376801930877256,-0.3909720158971672,0.12195901207307758,-0.027279736815285553,0.13635799332492365,0.7487573408863529
4,0.08955974344878959,-0.4485627897791781,0.16996840019313192,-0.027759892226609406,-0.004514239518563029,0.06353431720790756,-0.14502420475340136,0.03637550834592049,-0.05541007514551455,-0.7636142816673208,0.23839199976212555,-0.30280460491951033
