,AGEP,DEAR,DENSITY,DEYE,DPHY,DREM,DVET,EDU,HISP,HOUSING_TYPE,INDP_CAT,MSP,NOC,NPF,OWN_RENT,PINCP_DECILE,POVPIP,PUMA,PWGTP,RAC1P,SEX,WGTP
0,-0.3111381552844199,0.03693008105723084,-0.024319590587170023,0.021025345976111248,-0.3272627365958168,-0.3350418403232216,-0.024487271160114153,-0.3857126067417266,0.0502312221137514,-0.14254991121686536,-0.2617259725802179,-0.2626864613645037,0.3344998135580337,0.2895172279818536,0.1073867657395297,-0.32544793660143084,-0.11508960795475323,0.03494172346892639,0.1300368583226779,0.06362925089758785,-0.007510297975131213,0.1519203087173503
1,0.09466014529489808,0.044761698295668645,0.009380535871654053,0.053969158225931034,0.2084963533265364,0.21743932437911764,0.009070879783309083,0.19804086025936196,0.037322610172583655,-0.4357200021803991,0.16483729102413078,-0.06624659954635319,0.1549843832104699,0.16051683522351773,0.38348933058440304,0.23579668565521034,-0.29851431054706973,0.061482985965105645,0.34764181772544184,-0.0043032647304528555,-0.025830361414464466,0.40779384635011395
2,0.20829394561119813,-0.29915806585329185,0.10372408969821852,-0.26102891258202343,-0.25184165420773313,-0.23135720556271888,0.0971114596003812,-0.11721521697691871,0.08587450681855868,0.07817754603135779,-0.1510808813420761,0.2232706385115057,-0.35834076306542095,-0.42085505626161934,0.16827890662729686,-0.08602301238118609,-0.1995714894550756,0.006800003571310629,0.31108442484665844,-0.049951004750927015,0.05384122131806809,0.28045350189748997
3,-0.3587191442798193,0.30305296578718643,0.17328307019035802,0.17893749451455132,0.144824403603323,0.09882538987035927,-0.13954052401481623,-0.04672171850493213,0.3119512779678391,0.30860348724064135,0.17771778681662037,0.28613148072475214,-0.027735309882071665,-0.06631017310014321,-0.10219054520872911,-0.14835281646490678,0.16222587457089183,-0.17161914265003375,0.34765022006409585,0.2624752949269423,0.05379853747555789,0.27018119898811976
4,0.01657024420110214,-0.08572244998025588,-0.36691805944265415,-0.09208263043202213,-0.031463086929834495,-0.03644099883277264,0.15847720921027766,0.02372679617823321,-0.025294218498835137,0.1382855766983267,0.05371456929112236,-0.13015827027837812,-0.0057801668159676665,0.12489326449800854,-0.37397389365756634,0.14936199713969145,0.3916465089450595,0.41336457531864856,0.3403748063707253,-0.19153803713279605,-0.20535696440340084,0.2914039111021391
