,feature,divergence
6,INDP_CAT,13.112100682682785
8,PINCP_DECILE,4.273559895666455
7,EDU,4.08500397561622
4,RAC1P,3.818713196535717
2,MSP,3.7882214857774095
3,HISP,2.2702000317475224
5,OWN_RENT,1.2796243369586877
0,PUMA,0.7657875240776411
1,SEX,0.013352184513414578
