,PUMA,SEX,MSP,HISP,RAC1P,OWN_RENT,INDP_CAT,EDU,PINCP_DECILE
PUMA,-1.1102230246251565e-16,0.01932204090746959,0.006298284870682642,0.02290932207181677,0.01860693262309685,0.006410250431448841,-0.027214668053014535,0.01907657009571056,-0.02115421533046434
SEX,0.01932204090746959,1.1102230246251565e-16,-0.022728855656662446,0.017297895699458957,0.011688582004900073,0.0026896776563547923,-0.01751026454176898,-0.006557996775374303,0.07977151719347889
MSP,0.006298284870682649,-0.022728855656662442,0.0,-0.06654672941293277,-0.022513157476937287,-0.041085534805395826,-0.13481389619366702,-0.006575862547178846,0.017114874329876337
HISP,0.022909322071816778,0.01729789569945896,-0.06654672941293277,0.0,-0.1347371635843996,0.006502375652830017,-0.040964335232240426,0.020857223081902028,0.020325797059313602
RAC1P,0.01860693262309685,0.011688582004900073,-0.022513157476937287,-0.1347371635843996,0.0,-0.008419302476502789,0.005151227171493803,0.07598939718513606,0.0727091405511698
OWN_RENT,0.006410250431448841,0.0026896776563547897,-0.041085534805395826,0.006502375652830024,-0.008419302476502792,0.0,-0.058772661166026696,0.00303596368311986,-0.04094739457023605
INDP_CAT,-0.02721466805301454,-0.01751026454176898,-0.13481389619366696,-0.040964335232240426,0.005151227171493803,-0.058772661166026696,0.0,-0.14439337979496908,-0.07424386391511784
EDU,0.01907657009571056,-0.006557996775374301,-0.006575862547178818,0.02085722308190202,0.07598939718513606,0.0030359636831198585,-0.144393379794969,0.0,-0.15785902770620414
PINCP_DECILE,-0.02115421533046434,0.07977151719347889,0.01711487432987635,0.02032579705931361,0.0727091405511698,-0.04094739457023605,-0.07424386391511778,-0.15785902770620414,2.220446049250313e-16
