,PUMA,SEX,MSP,HISP,RAC1P,OWN_RENT,INDP_CAT,EDU,PINCP_DECILE
PUMA,1.9984014443252818e-15,0.017620411977856635,0.05990207203595735,0.0026513139418677667,0.000819726024118575,0.0017303359561898672,-0.0441774083499542,0.00020087535897017617,-0.056136351379455385
SEX,0.017620411977856635,0.0,-0.017773231677215506,-0.014109332733492548,-0.006613608359143643,-0.030623379532463857,7.063155204010962e-06,-0.056358518265388846,0.03861990300562331
MSP,0.05990207203595735,-0.017773231677215506,0.0,-0.034843186700487805,-7.450996464442462e-05,-0.029110229165240427,-0.060498995923030124,0.04198344511239144,-0.000298654892675998
HISP,0.0026513139418677667,-0.014109332733492548,-0.034843186700487805,-2.3314683517128287e-15,-0.10863681280361422,-0.05512271402595261,-0.02101015522626127,0.047313236803968386,0.03659037426386216
RAC1P,0.000819726024118575,-0.006613608359143643,-7.450996464442462e-05,-0.10863681280361422,-1.6653345369377348e-15,-0.055540198756922295,0.024920817003866357,0.09695122295067003,0.11165261905452448
OWN_RENT,0.0017303359561898672,-0.030623379532463857,-0.029110229165240427,-0.05512271402595261,-0.055540198756922295,3.1086244689504383e-15,-0.08284158044555796,0.03529632616213891,-0.006222729386981228
INDP_CAT,-0.0441774083499542,7.063155204010962e-06,-0.060498995923030124,-0.02101015522626127,0.024920817003866357,-0.08284158044555796,3.552713678800501e-15,-0.08897252245958948,0.001501897369993399
EDU,0.00020087535897017617,-0.056358518265388846,0.04198344511239144,0.047313236803968386,0.09695122295067003,0.03529632616213891,-0.08897252245958948,1.1102230246251565e-16,0.0005672632259816623
PINCP_DECILE,-0.056136351379455385,0.03861990300562331,-0.000298654892675998,0.03659037426386216,0.11165261905452448,-0.006222729386981228,0.001501897369993399,0.0005672632259816623,0.0
