,AGEP,HISP,MSP,NOC,NPF,OWN_RENT,PINCP_DECILE,POVPIP,PUMA,RAC1P,SEX
0,-0.37712970483181524,0.10413523716016837,-0.33147797089484343,0.5079493510979782,0.4785791057231916,0.19554130976462303,-0.3508381593954958,-0.25103327879987825,0.08098020901853484,0.13530945076501003,0.028158879848405483
1,0.05217897352424514,0.24807681582745586,0.3832195882398823,-0.12304575686133887,-0.2486302288219385,0.5784354225419205,-0.06139564421859163,-0.5542800656460342,-0.05828465728733063,0.22155712006781503,0.11769763512410122
2,-0.43936346916089103,0.31840414482310386,0.26410643349457563,-0.16668641207367116,-0.15586776602492783,-0.3064122138005858,-0.39987663378438426,0.29831913007042643,-0.1943289344351108,0.44505361627842144,-0.07160088936239017
3,0.17623700639528925,0.6169614406085183,-0.1017180233639434,-0.018077411561727597,0.08682112931289218,-0.024411995427565433,0.3000068800516069,0.10596731672847137,0.6035702499803884,0.2246386907716987,-0.23129873958018632
4,0.04670494665941467,0.12648154272851017,-0.0004449587316972363,-0.09334062214149307,-0.049240919725062685,-0.19457502251121875,-0.23857217577582585,0.007353049551729166,0.35551282724199545,-0.15737767160475963,0.8512910417539091
