,feature,divergence
7,PINCP_DECILE,4.007022263859362
0,AGEP,3.919486498984658
6,EDU,1.1997834778397167
2,MSP,0.5831079711710625
8,DVET,0.052173930266757595
3,RAC1P,0.04039728579212974
5,OWN_RENT,0.026323744349653948
4,HOUSING_TYPE,0.008843087597402753
1,SEX,0.00825377749796552
