,PUMA,SEX,MSP,HISP,RAC1P,OWN_RENT,INDP_CAT,EDU,PINCP_DECILE
PUMA,4.440892098500626e-16,-0.003878800951089119,-0.00588147810814553,0.01101195324700227,0.0031883597368042235,-0.004493972130417474,-0.018493534193264553,0.0400872649553708,0.0025128987290206936
SEX,-0.003878800951089119,-8.881784197001252e-16,0.01147477362445909,0.0035661302805066845,0.00912352240370115,0.0018217271413464436,0.03901174922662291,-0.023808869721475036,-0.01630566395024574
MSP,-0.00588147810814553,0.01147477362445909,0.0,0.006044433948732671,0.0021173712255856,-0.002423516745335832,-0.1318097107383643,-0.1356092026008899,-0.3516183769115465
HISP,0.01101195324700227,0.0035661302805066845,0.006044433948732671,3.6637359812630166e-15,0.00047448919679413115,-0.0071318783710523775,0.008403140029113711,0.017504688509427782,0.01225720482651868
RAC1P,0.0031883597368042235,0.00912352240370115,0.0021173712255856,0.00047448919679413115,0.0,-0.0035109729299318687,0.03340293220839869,0.025070433615128646,0.05402275796826089
OWN_RENT,-0.004493972130417474,0.0018217271413464436,-0.002423516745335832,-0.0071318783710523775,-0.0035109729299318687,3.774758283725532e-15,-0.045197250716444315,0.017892463243767677,0.04661634456883586
INDP_CAT,-0.018493534193264553,0.03901174922662291,-0.1318097107383643,0.008403140029113711,0.03340293220839869,-0.045197250716444315,3.552713678800501e-15,-0.2924378842643418,-0.20981490436992484
EDU,0.0400872649553708,-0.023808869721475036,-0.1356092026008899,0.017504688509427782,0.025070433615128646,0.017892463243767677,-0.2924378842643418,1.2212453270876722e-15,-0.3284867789940566
PINCP_DECILE,0.0025128987290206936,-0.01630566395024574,-0.3516183769115465,0.01225720482651868,0.05402275796826089,0.04661634456883586,-0.20981490436992484,-0.3284867789940566,-1.6653345369377348e-15
