,AGEP,DEYE,DVET,EDU,HOUSING_TYPE,MSP,OWN_RENT,PINCP_DECILE,RAC1P,SEX
0,-0.5028447292406176,0.04301220449129395,-0.07175908242364253,-0.5679702824416618,0.15157002341313874,-0.14873136663161945,-0.08761200318303164,-0.5866974558755631,0.13573808015825978,0.046351216136845286
1,0.08304591705250187,-0.10230268734180481,-0.01907577203785488,0.11162185388090819,0.6716988815264698,0.39456449129251975,-0.5978167220009145,-0.022949751126823043,-0.028007983581810312,0.06525117564494215
2,-0.13513795045844537,0.26064593837084543,0.4981950583456899,-0.006038019141988149,0.09158676751919159,-0.06551219753835344,-0.11924577457642145,0.13773881465729337,0.25369209881644306,-0.7452083295905316
3,0.22223680784031882,-0.6550436193786008,0.4440294910217331,-0.21438907305983618,-0.027478646941792244,-0.2593302376221229,-0.10001161192988696,-0.11685032394868938,-0.4203788058073157,-0.10010936582179492
4,0.018644768478135718,-0.46355251690190785,0.26764428870715695,0.0638006862986053,-0.0032172989541431746,0.25228501745897897,0.23686945384444577,-0.05798365639618436,0.740527597367987,0.19380143897425575
