,feature,divergence
1,AGEP,12.988797671351536
9,PINCP_DECILE,4.0492941088900105
10,POVPIP,3.6240753498692637
7,NPF,1.635910299003322
3,MSP,0.6774704218996218
2,SEX,0.6658602412384893
6,NOC,0.5543443738588885
4,HISP,0.274867846699473
0,PUMA,0.20369310248533934
8,OWN_RENT,0.11965469910968912
5,RAC1P,0.0956223330762469
