,EDU,HISP,INDP_CAT,MSP,OWN_RENT,PINCP_DECILE,PUMA,RAC1P,SEX
0,-0.5757868439330531,0.06559621868644605,-0.5141938332553484,-0.2728696795873833,-0.022671741617569133,-0.5612568911504164,0.02040397669672145,0.08960660596565173,0.03666762089603042
1,0.01703030164170091,0.6184436714821462,0.11852298117427679,0.1815082636906428,0.20248105242787384,-0.06517823296749181,-0.40032058149222827,0.6014969265729583,0.05424525681745079
2,-0.01822884223650722,-0.06572759874428752,0.10657145973912951,0.4628252646670189,-0.5015049458213775,-0.2702253107525676,-0.1348887615446886,-0.10102759843425557,0.645641082597695
3,-0.04154568258569031,0.11622791106425075,-0.03607345999869487,0.18129651282593878,-0.7187839530939927,0.010864233334594325,0.00813986236091695,0.14065669961475274,-0.6434099327581609
4,-0.06316752979119308,0.43095669291447475,0.13171436987063423,0.15381880983239082,0.02878836407422206,-0.03641624723977199,0.8685452527883898,0.04125467046070329,0.1051169519081443
