,AGEP,DEYE,HISP,MSP,NOC,NPF,OWN_RENT,PINCP_DECILE,POVPIP,PUMA,RAC1P,SEX
0,-0.46284916063028936,0.07315148085400791,0.17102328910782316,-0.23505908513614945,0.48444048834535436,0.4494457683752344,0.15138723674413576,-0.40095631188216524,-0.25178303585568507,-0.012839000052200244,0.10944910014099252,0.0033149503493579424
1,0.0449443489308031,-0.15253190350777057,0.1776709553807102,0.3980026121217539,-0.1322540314967347,-0.27466541158826496,0.5667211718828418,-0.10050879647976407,-0.5603120014666056,0.002515902671266414,0.13661576440580916,0.1670751879596061
2,-0.11163374314216068,0.14057025060753736,0.548106090306012,0.17019105035438734,-0.0853506218263563,-0.07645478895234095,-0.16779926937614664,0.06095908271294477,0.21778723647188966,0.31480041585554863,0.6344714360772821,-0.2104884291969718
3,-0.028794325335343283,-0.3029446971176326,0.07487542606291289,-0.014473375000578145,-0.12003109293574804,-0.08447836649433067,-0.36376801930877156,-0.39097201589716724,0.12195901207307908,-0.027279736815280287,0.1363579933249269,0.7487573408863539
4,0.08955974344877615,-0.44856278977906283,0.16996840019311824,-0.0277598922265797,-0.0045142395185781,0.06353431720789632,-0.14502420475340833,0.03637550834590683,-0.055410075145511134,-0.7636142816674006,0.23839199976214778,-0.3028046049194779
