,AGEP,DEAR,DEYE,DPHY,DREM,DVET,EDU,HISP,HOUSING_TYPE,INDP,INDP_CAT,MSP,NOC,NPF,OWN_RENT,PINCP,PINCP_DECILE,POVPIP,PUMA,PWGTP,RAC1P,SEX,WGTP
0,-0.26557907969763506,0.015395634263818979,0.007187621971388895,-0.2867296870791336,-0.2920743202560941,-0.01794688221304055,-0.3593788612136946,0.03112472181200464,-0.0756913370665885,-0.29835553532577647,-0.29595023036201445,-0.23834209474365844,0.2644154079857707,0.21485424800739528,0.04977094368584051,0.3964133782706391,-0.3145080317971725,-0.06565595661251011,0.018712875414902668,0.0639407315424137,0.05083063222749781,-0.008528657244890785,0.07781635647440968
1,-0.005930605839844616,0.0756643135860726,0.07143805503147933,0.12488649496073584,0.1281519111374305,-0.004366202295271419,0.11542623581798517,0.0535844758273793,-0.4409194405038484,0.1619071911065359,0.16199038590338544,-0.1122013334698112,0.23265677244305635,0.23274446655754435,0.3819303418035529,-0.02527007601072354,0.16554796646378547,-0.2953921406495598,0.0648872476594778,0.3606818524332333,0.015884291395980518,-0.02276296022961745,0.42060185150924684
2,0.3684799236830586,-0.3617306578391218,-0.2722453731947672,-0.13457617807553673,-0.09668550482849275,0.12545636131899665,-0.049972302261724805,-0.02021924022500582,-0.07591708481095338,-0.309606452307714,-0.3065292674803824,0.10090140100097204,-0.2914922859086632,-0.32705688979509195,0.2039081209864921,-0.12302233475555481,-0.015465715379782682,-0.2651180870930182,0.06154836040375016,0.18569127210699327,-0.11010011367722247,0.015163767743507627,0.19389615069658894
3,-0.2699638099709764,0.13714478682263576,0.0312624645835016,-0.10037742837866262,-0.13659997332469645,-0.07222321706912976,-0.13018346540769937,0.30076280949453127,0.32089294184848605,0.1654927611751969,0.16936310052160547,0.34797405227508665,-0.17698368419463928,-0.23346145629747161,-0.04508347302802665,-0.015584016630889277,-0.17393058814185575,0.07722028622208763,-0.07490455805175955,0.44206381931881894,0.1677110261456453,0.08033523156589345,0.35484738373722874
4,-0.01812687404577327,0.01626571844075788,0.026176173862889396,0.5434454085130735,0.5377347542171467,-0.05592327171354538,-0.025579546563522085,0.1849744090228557,0.1024507123836919,-0.3324058071809323,-0.3322816908218316,0.0693002027925646,0.07149281662229146,0.04456507093480062,-0.0641259127255982,0.013221640615508281,-0.21897275195389065,-0.03542111919143338,-0.13562063669931917,0.060590303855265766,0.231606470044647,0.035008450586311385,0.050101704776190616
