,feature,divergence
1,AGEP,11.28070671378092
9,PINCP_DECILE,4.931884057971015
7,NPF,2.3439729990356795
3,MSP,1.190295991007868
10,POVPIP,0.7161627267729523
6,NOC,0.6497735536135739
2,SEX,0.425595238095238
8,OWN_RENT,0.422536169440791
0,PUMA,0.23794391366253276
5,RAC1P,0.1607528540573897
4,HISP,0.050837988826815644
11,DEYE,0.017581823099810656
