,AGEP,DEAR,DENSITY,DEYE,DPHY,DREM,DVET,EDU,HISP,HOUSING_TYPE,INDP_CAT,MSP,NOC,NPF,OWN_RENT,PINCP,PINCP_DECILE,POVPIP,PUMA,RAC1P,SEX
0,-0.28776822085314513,0.03124925118213288,-0.048774830629579026,0.009460979826095393,-0.2924652021826364,-0.3062730469521217,-0.0275435068698642,-0.3665647772707162,0.04278492399856602,-0.09323564293413626,-0.24373971036623698,-0.26795270659719544,0.2983200752564694,0.27062548161860894,0.0765481484436096,0.40404619026515903,-0.320077243708882,-0.1311625923969882,0.04670910179043607,0.06606491631986296,0.0007141300507318964
1,-0.057316011072707916,-0.07215112628294684,-0.035988450203531155,-0.049556037552506614,-0.20177912495006067,-0.20547550707690437,0.003009609735435487,-0.1390496962370234,-0.06825635269096485,0.5403720357724091,-0.20103094789610518,0.07439026292404141,-0.2765471069923081,-0.24652760422850675,-0.468152583699017,0.06548844758461542,-0.16054777309911672,0.38012920839424597,-0.06098802541941674,-0.06303147935763836,-0.06476863329806186
2,0.24284061577203087,-0.19311984902076093,-0.4801107602856857,-0.0661731942031853,-0.008641549587390704,0.009806455061850669,0.1731808508791153,0.0976280044270475,-0.3278887322606099,-0.14358751616561147,-0.05832737877441307,-0.3643701016594545,0.12697976479289613,0.203876700355123,-0.25075884746286675,0.017136315047507886,0.21336155576533325,0.13665329147357844,0.23640841017660785,-0.34211477490692643,-0.08286280759642276
3,0.28895582532729897,-0.43460506317649494,0.009034975037430426,-0.4195249298295438,-0.30982631286900725,-0.26021918849357684,0.15107783751561488,-0.08714644295439983,-0.008618146903099647,-0.1592965131490945,-0.14263816536709578,0.12064408778477968,-0.2199082394474739,-0.2607123308146927,0.24711020106117368,-0.10818507009815978,-0.021165418076426662,-0.3262406644911997,-0.00838905873620965,-0.03172676152703045,0.002927331558601661
4,-0.01601042936261849,-0.17544444714827143,-0.2961235997384331,-0.18743678236083006,0.43685758910384204,0.4414446631287143,-0.030395026382141234,-0.20343808124107668,0.12367463870679081,0.14499783685120324,-0.28574426537602665,0.1719179862980893,0.027259658397715013,0.031972884910099995,-0.10089284800796572,-0.04296136612507479,-0.3830914669091974,-0.2512183828414753,0.20793334432852398,0.051483451812625876,0.032248821207412244
