,AGEP,DEYE,HISP,MSP,NOC,NPF,OWN_RENT,PINCP_DECILE,POVPIP,PUMA,RAC1P,SEX
0,-0.4202983801456894,0.10319236608506843,0.0715295175998198,-0.3574241131440497,0.5379069442938612,0.5030739749246698,0.12043262353163839,-0.30669828697669343,-0.11153736595100647,0.021651918074335023,0.12459250415714895,-0.020107113687656407
1,-0.25571058207705827,0.03645415643113881,0.00026858071664206257,0.013037730878056672,-0.052350110199852806,0.029409607641186455,-0.6636930658262263,-0.1730581628051439,0.6682567878212383,-0.07973791941448258,0.07784410669339364,-0.00922445246077535
2,-0.2914014067044802,-0.010066805504418755,0.41844205524352757,0.39474562689677123,-0.12768387961819855,-0.2773323736399008,0.129424093980138,-0.41194331560335484,-0.1685679139371399,-0.2712330904459228,0.3835999672345012,0.23509623618169068
3,0.0215440144311199,0.29807787793150403,0.32260216347571385,-0.013193977401963639,0.01378313676575263,0.04269660798620099,0.11064253899148645,0.4290537799163785,0.12695394557312661,-0.27143315653756583,0.3824329410849582,-0.6099582668773985
4,0.17213391515093562,-0.8323737083413242,0.3956843019358677,-0.19333873016877912,0.015062115880599303,0.08233891471181337,-0.0808238234304331,0.010755740711869632,0.0295440083152263,0.14152956034201178,0.17543940389979926,-0.13505851921899123
