,feature,divergence
7,EDU,5.058439771405836
8,PINCP_DECILE,3.7643442921835475
0,PUMA,2.901122671290739
6,INDP_CAT,2.3357098009890582
2,MSP,1.0280224095502382
1,SEX,0.45367412971724963
5,OWN_RENT,0.25230342439355014
3,HISP,0.21084831206793922
4,RAC1P,0.1640953891196794
