,EDU,HISP,INDP_CAT,MSP,OWN_RENT,PINCP_DECILE,PUMA,RAC1P,SEX
0,-0.571127582603783,0.09765649436928059,-0.5004442530985016,-0.29828622168924157,0.004362825624502277,-0.5535746002048507,0.05716361394535749,0.12286875986066864,0.005393499728212025
1,-0.025747737539155897,0.5862344447408918,0.20355365568546974,0.20483595690526407,0.49800452564231906,-0.033267289279769185,0.0357180544105801,0.5505229960803354,0.13714153676526705
2,-0.027387643779077726,0.28795314487401513,0.10222790078216781,-0.2341882989942831,-0.028306563639924662,0.1475363813454967,0.8607935323039893,-0.23521682401784166,-0.17938086664465577
3,-0.011289996827379672,0.12662160088742763,-0.09007063761035478,0.08884907473648876,-0.15136372706999685,0.096367827921898,-0.15395168477613017,0.24738566200910786,-0.9223524842354353
4,0.041105119419779394,0.340442417527635,-0.014689687027022641,0.3471448576965214,-0.8096861230088361,-0.11316330943766958,0.07429342428193178,0.17733010918458386,0.23732036883591867
