,AGEP,DEYE,DVET,EDU,HOUSING_TYPE,MSP,OWN_RENT,PINCP_DECILE,RAC1P,SEX
0,-0.500367196599597,0.039000100578012065,-0.09147255741886594,-0.5717285720585458,0.028571268082506485,-0.232898660920557,0.06753307375165254,-0.5718403334470056,0.16142351159960228,0.013897306588227631
1,-0.03675130220352645,-0.00945697485413121,-0.020757550366641356,-0.009303160616242713,0.7107583250013614,0.23447166211410764,-0.640272802506231,-0.11921538103751946,-0.0920732595181071,-0.0724504796505394
2,0.09901175711451497,-0.2779127426599035,0.6235894739239645,-0.16046422730358262,-0.0682103241749143,-0.39253564712295386,-0.14847233213293973,0.012234921473096655,-0.2460947331152672,-0.5068089898784737
3,-0.11347758108072427,-0.34360233153161285,0.2287526964139107,0.017965216400239264,0.09691595087679955,0.5511477770143659,0.2765624299491456,-0.018082836577387906,0.5527299875731603,-0.3477484030132235
4,0.23737997636265692,-0.7955381192427836,-0.04165471474754334,-0.09690685272827249,0.003113264187003542,-0.017539553050321163,-0.018473106588015722,-0.16340211137630944,-0.08018248525364217,0.5156119949550426
