,SEX,MSP,RAC1P,HOUSING_TYPE,OWN_RENT,EDU,PINCP_DECILE,DVET
SEX,0.0,0.0022620114236480216,-0.00580665443678631,0.03594178101378383,-0.034249779156220114,-0.028985687533060935,0.07181696715122422,0.08313679612321968
MSP,0.0022620114236480216,-1.1102230246251565e-16,0.007556313075213332,-0.23071521322739624,-0.018855913803577557,-0.23549343809316342,-0.12553608863195387,0.01672681322066466
RAC1P,-0.00580665443678631,0.007556313075213332,0.0,0.1536887564113375,-0.14090292863729553,0.06971421296884986,0.1158045602121431,0.22002107524650022
HOUSING_TYPE,0.03594178101378383,-0.23071521322739624,0.1536887564113375,4.551914400963142e-15,0.4863432923640283,-0.006104442125368627,0.1495794267694551,0.21606841114922573
OWN_RENT,-0.034249779156220114,-0.018855913803577557,-0.14090292863729553,0.4863432923640283,3.774758283725532e-15,0.050851216999181326,-0.0038552468066654364,-0.062064699940072514
EDU,-0.028985687533060935,-0.23549343809316342,0.06971421296884986,-0.006104442125368627,0.050851216999181326,-1.1324274851176597e-14,-0.5891365185697643,-0.06399165419272611
PINCP_DECILE,0.07181696715122422,-0.12553608863195387,0.1158045602121431,0.1495794267694551,-0.0038552468066654364,-0.5891365185697643,-1.6653345369377348e-15,-0.050200363925749114
DVET,0.08313679612321968,0.01672681322066466,0.22002107524650022,0.21606841114922573,-0.062064699940072514,-0.06399165419272611,-0.050200363925749114,6.661338147750939e-16
