,feature,divergence
7,EDU,3.697679569918222
6,INDP_CAT,1.340656534883856
0,PUMA,0.7665598481432598
8,PINCP_DECILE,0.7144008155748486
2,MSP,0.5138811222931586
1,SEX,0.474936207081725
4,RAC1P,0.22806734100546494
3,HISP,0.16101410316414488
5,OWN_RENT,0.08374181708901475
