,AGEP,DEAR,DENSITY,DEYE,DPHY,DREM,DVET,EDU,HISP,HOUSING_TYPE,INDP_CAT,MSP,NOC,NPF,OWN_RENT,PINCP,PINCP_DECILE,POVPIP,PUMA,RAC1P,SEX
0,-0.33934134194819554,0.06287716904344062,-0.040700991275637435,0.027422201722336614,-0.2784899436860418,-0.29678137895168094,-0.040796635170464425,-0.37126455559543176,0.08819068435266593,-0.06082754355572164,-0.24120316728951663,-0.226971869109724,0.28805940764989646,0.2524679184903115,0.07046300474926925,0.399352675562376,-0.34342967869742524,-0.13885290163147104,-0.01793119685788977,0.058248796471506,-0.00840372766537727
1,0.14789528155599427,-0.24487369270230794,-0.009856226012899334,-0.1800119025383915,-0.3515359618360333,-0.33533595424793383,0.025791287583497167,-0.1198133713352119,-0.10949369618526997,0.4287229208748165,-0.2043505012505261,-0.03689472485313078,-0.31068540820505636,-0.31304155803713973,-0.33785097169044687,0.06059249650948448,-0.04985816918577381,0.2790622671800785,-0.010450370235868383,-0.05362514902297019,-0.004480845612655229
2,-0.05620792051560981,0.06976017313393781,0.6886403581927819,0.0227790382854677,-0.07452470514775625,-0.07777581429320367,-0.030786186832825756,0.04268079931628095,0.08863442869705859,-0.0043550023765008975,0.03381851779374877,0.0088594290219032,-0.010919452644185137,-0.05917504275481674,0.05516272498379777,0.028449939507328426,0.017127021365062497,0.06492276552721762,0.6838315033700019,0.11825075210398804,0.01303037766314
3,0.17342964676152975,-0.2850450084480591,0.016403865929114487,-0.28706916920858677,-0.22652476294868437,-0.17891230614871004,0.09091599479452049,-0.05147038790354872,0.00413373079536597,-0.26244031842817356,-0.060717392943797674,0.16602530379457883,-0.15545137678157134,-0.25123611701644427,0.5170115707413074,-0.10733636642221422,-0.02552218766131365,-0.4887459453793225,-0.01496339164578061,-0.020582759783570017,0.07303685829918183
4,-0.15859924245587717,0.12917914918033244,-0.03391535769781483,-0.03727929144030586,0.16270708642349702,0.14523507785614814,-0.34051235614281317,-0.14150396196146806,0.31549423625327044,0.3426415516694752,-0.025596543236467845,0.4391115932699327,-0.10207376678523053,-0.1691472511372074,-0.02758763896340728,-0.08007134271833762,-0.33233398220905797,-0.15895430747518174,-0.05124800197223117,0.3016351627529911,0.2934984320245275
