,PUMA,SEX,MSP,HISP,RAC1P,OWN_RENT,INDP_CAT,EDU,PINCP_DECILE
PUMA,2.1094237467877974e-15,0.010887546789157028,0.08367962815654241,-0.10216741148693019,0.05914877776709302,0.00298873855422206,-0.00972504982029732,0.0982386263424098,-0.0024170527225284575
SEX,0.010887546789157028,-5.88418203051333e-15,-0.004845939756966372,0.002086270813852119,-0.005078098693493862,-0.03654999954986792,-0.052674936612412696,-0.03245090880393869,0.07520847310185376
MSP,0.08367962815654241,-0.004845939756966372,-4.440892098500626e-15,-0.008093022091161596,0.014106473436768973,-0.003149745413340302,-0.27908480873044234,-0.2700816081334842,-0.16354130693213026
HISP,-0.10216741148693019,0.002086270813852119,-0.008093022091161596,-9.992007221626409e-16,-0.17144187061048313,-0.09577131079281928,-0.010319553574525558,0.10539981513840568,0.0815369479184893
RAC1P,0.05914877776709302,-0.005078098693493862,0.014106473436768973,-0.17144187061048313,-1.4432899320127035e-15,-0.08855377818113823,0.030225334233202967,0.10656735484163479,0.11991951813154678
OWN_RENT,0.00298873855422206,-0.03654999954986792,-0.003149745413340302,-0.09577131079281928,-0.08855377818113823,3.774758283725532e-15,-0.09113630285672865,0.043739951645175475,0.003716898195419686
INDP_CAT,-0.00972504982029732,-0.052674936612412696,-0.27908480873044234,-0.010319553574525558,0.030225334233202967,-0.09113630285672865,8.881784197001252e-16,-0.49020816700453146,-0.4859589010349473
EDU,0.0982386263424098,-0.03245090880393869,-0.2700816081334842,0.10539981513840568,0.10656735484163479,0.043739951645175475,-0.49020816700453146,1.2212453270876722e-15,-0.6706872495587561
PINCP_DECILE,-0.0024170527225284575,0.07520847310185376,-0.16354130693213026,0.0815369479184893,0.11991951813154678,0.003716898195419686,-0.4859589010349473,-0.6706872495587561,-6.661338147750939e-16
