,AGEP,DEAR,DENSITY,DEYE,DPHY,DREM,DVET,EDU,HISP,HOUSING_TYPE,INDP_CAT,MSP,NOC,NPF,OWN_RENT,PINCP,PINCP_DECILE,POVPIP,PUMA,RAC1P,SEX
0,-0.28776964520883164,0.031249439307459926,-0.048776033578890945,0.009460703534140153,-0.29246560071191285,-0.3062735110359462,-0.027543338974539804,-0.3665608961448856,0.042785932455221894,-0.09323519163355642,-0.24374294452735856,-0.26795160396675805,0.2983231129304895,0.27062333225010143,0.07654852532906545,0.40404661428996375,-0.3200762125561361,-0.13116263705056508,0.046709005386515914,0.06606501615772054,0.0007144908772768665
1,-0.05737589276047136,-0.07215051745803479,-0.036052395141017914,-0.04956506735090539,-0.20178828735356452,-0.205485706713504,0.0030166036868011017,-0.13891926175999308,-0.06821425070032472,0.5403525884982605,-0.20113103059154236,0.07441920648314125,-0.27653016970714783,-0.2465499503007824,-0.4680881594854937,0.06548949320883055,-0.1605688881731625,0.38019443416858434,-0.061001520361949946,-0.06303576176396368,-0.06475488671137751
2,0.2431023330708687,-0.1932700779506434,-0.4798179483086188,-0.06618968994532548,-0.00871971601795004,0.009738200164921738,0.17317663070753425,0.09734044893252955,-0.3281096637741473,-0.14367919879860203,-0.05779595727468714,-0.3645525086105352,0.12629752106449185,0.20440241882273488,-0.2508767084398502,0.016946869303268955,0.21290977627117252,0.13644796471286325,0.23647511894678638,-0.34213020364121016,-0.08298760089844515
3,0.2889653513423585,-0.4345885752751996,0.009267272884692316,-0.4194771157562893,-0.30986272948887944,-0.2602631389784648,0.15102992752708838,-0.08707355402826229,-0.008639220042779377,-0.15921792171792618,-0.14245297966321044,0.12064447392784078,-0.22014755269156444,-0.2604717637225502,0.247080719068218,-0.10830296349747681,-0.021473010415337737,-0.3264010795040644,-0.008393673664515437,-0.03165379538683794,0.0028661132667481895
4,-0.016030225446144915,-0.17530705406812921,-0.29685251035194127,-0.18751275519237715,0.43729832713553357,0.4419213216884099,-0.03051891099070514,-0.20562500786173357,0.12393911509156748,0.1444783151694117,-0.2858672020766131,0.1718915094174827,0.02694319819720707,0.03105410399508726,-0.09990710130783961,-0.04238427842275333,-0.38168357125934693,-0.2499104532639882,0.2077428008087497,0.051378971646316295,0.03296141098713699
