,feature,divergence
8,PINCP_DECILE,3.6235294117647063
7,EDU,2.3934434493385424
6,INDP_CAT,1.532403301665525
0,PUMA,1.2440106477373556
2,MSP,0.8961101010309704
5,OWN_RENT,0.2768732239348489
1,SEX,0.21065051453569883
4,RAC1P,0.14659056773805948
3,HISP,0.04403719912472648
