,AGEP,DEYE,DVET,EDU,HOUSING_TYPE,MSP,OWN_RENT,PINCP_DECILE,RAC1P,SEX
0,-0.5003671965995967,0.03900010057801173,-0.0914725574188659,-0.571728572058546,0.028571268082506346,-0.232898660920557,0.06753307375165288,-0.571840333447006,0.16142351159960244,0.013897306588228069
1,-0.0367513022035265,-0.009456974854131005,-0.020757550366643635,-0.009303160616242513,0.710758325001361,0.23447166211410725,-0.6402728025062314,-0.11921538103751937,-0.09207325951810663,-0.0724504796505382
2,0.09901175711451606,-0.27791274265991894,0.6235894739239679,-0.1604642273035837,-0.06821032417491138,-0.392535647122945,-0.14847233213293703,0.012234921473093768,-0.24609473311526162,-0.5068089898784724
3,-0.11347758108070696,-0.3436023315316704,0.22875269641389984,0.017965216400234157,0.09691595087680226,0.55114777701437,0.27656242994914576,-0.018082836577401173,0.5527299875731583,-0.347748403013175
4,0.23737997636266522,-0.7955381192427539,-0.04165471474757121,-0.09690685272827104,0.0031132641869965477,-0.017539553050361215,-0.01847310658803611,-0.16340211137630722,-0.08018248525368042,0.5156119949550751
