,feature,divergence
8,PINCP_DECILE,5.414301453314107
7,EDU,2.727561342098073
2,MSP,1.0299962698938994
6,INDP_CAT,0.9047487060449626
4,RAC1P,0.6484167946587336
0,PUMA,0.28290504982644715
1,SEX,0.09761988794282428
3,HISP,0.07768938733453717
5,OWN_RENT,0.06761468290452516
