,EDU,HISP,INDP_CAT,MSP,OWN_RENT,PINCP_DECILE,PUMA,RAC1P,SEX
0,-0.5711275826037832,0.09765649436928092,-0.5004442530985018,-0.29828622168924135,0.004362825624502846,-0.5535746002048508,0.05716361394535748,0.12286875986066892,0.005393499728212618
1,-0.025747737539155224,0.586234444740891,0.20355365568547024,0.20483595690526332,0.4980045256423206,-0.03326728927976896,0.03571805441057997,0.5505229960803354,0.1371415367652685
2,-0.02738764377907725,0.28795314487401324,0.10222790078216892,-0.23418829899428312,-0.028306563639927076,0.14753638134549538,0.860793532303992,-0.23521682401783978,-0.17938086664464545
3,-0.011289996827381205,0.12662160088743063,-0.09007063761035344,0.08884907473648923,-0.15136372706999504,0.09636782792189802,-0.1539516847761214,0.24738566200910522,-0.9223524842354368
4,0.04110511941977969,0.3404424175276366,-0.01468968702702303,0.34714485769652176,-0.8096861230088362,-0.1131633094376698,0.07429342428192683,0.17733010918458464,0.23732036883591956
