,PUMA,SEX,MSP,HISP,RAC1P,OWN_RENT,INDP_CAT,EDU,PINCP_DECILE
PUMA,2.3314683517128287e-15,0.018239861838401924,0.06293810734421781,-0.0011020273337249004,0.0031824954621012605,-0.0019010261782674478,-0.051221592391351684,-0.002957568382307596,-0.053392970807422335
SEX,0.018239861838401924,-6.661338147750939e-16,-0.00426429326740047,-0.011994627994323832,-0.003782426456737927,-0.04179698134384953,0.0016988299245783364,-0.051512282816874116,0.048364571386331844
MSP,0.06293810734421781,-0.00426429326740047,-9.992007221626409e-16,-0.021974642630435935,-0.001150999351928435,-0.016343079217239563,-0.07027284974863249,0.04262512379634681,-0.0003207505705526692
HISP,-0.0011020273337249004,-0.011994627994323832,-0.021974642630435935,6.661338147750939e-16,-0.11259014092673136,-0.04231672100305272,-0.015240965296947203,0.06503647909274066,0.052302439748522764
RAC1P,0.0031824954621012605,-0.003782426456737927,-0.001150999351928435,-0.11259014092673136,-4.218847493575595e-15,-0.059721120592814994,0.0212547737011793,0.08901143178761256,0.1056692202312232
OWN_RENT,-0.0019010261782674478,-0.04179698134384953,-0.016343079217239563,-0.04231672100305272,-0.059721120592814994,3.774758283725532e-15,-0.08348722174217332,0.049569101859855184,0.0021312889724122734
INDP_CAT,-0.051221592391351684,0.0016988299245783364,-0.07027284974863249,-0.015240965296947203,0.0212547737011793,-0.08348722174217332,3.552713678800501e-15,-0.09222650890064432,0.0007478326015032954
EDU,-0.002957568382307596,-0.051512282816874116,0.04262512379634681,0.06503647909274066,0.08901143178761256,0.049569101859855184,-0.09222650890064432,1.2212453270876722e-15,-0.003654711922515208
PINCP_DECILE,-0.053392970807422335,0.048364571386331844,-0.0003207505705526692,0.052302439748522764,0.1056692202312232,0.0021312889724122734,0.0007478326015032954,-0.003654711922515208,-1.1102230246251565e-16
