,AGEP,DEYE,DVET,EDU,HOUSING_TYPE,MSP,OWN_RENT,PINCP_DECILE,RAC1P,SEX
0,-0.525161597083285,0.06525346816091593,-0.11259059023351779,-0.5549528123126451,-0.058939223917406684,-0.24157157887476544,0.12599373017480195,-0.5520087567508629,0.12658595063201117,0.02924494200067402
1,0.02811765841716381,-0.1865864177711915,-0.11718581844773356,-0.09819642367100972,0.7053995999603052,0.11063300778624388,-0.6234402039734316,-0.18005310148012738,0.030951825962069197,0.0955864607148146
2,-0.08134938043213163,0.16780383264887483,0.5529867249917675,-0.09293384395818265,0.07833761585472762,-0.2547859894878434,-0.23597543652255304,0.10915704418016059,0.08570655941928543,-0.7104893883239481
3,-0.15479221705588989,0.3132249273013619,-0.11734411123308924,0.09253546874419169,0.09949165121325378,0.5617909540969778,0.1194328134125908,0.03871391405782992,0.7010062049706115,-0.15138273614990916
4,-0.005050879427422923,-0.8560167110688459,0.26595651342237425,-0.08439859638473052,0.016422403453307866,0.22538144922975406,0.284021078105672,-0.06826570574970459,0.17794701922761358,-0.14592489455365049
