,SEX,MSP,RAC1P,HOUSING_TYPE,OWN_RENT,EDU,PINCP_DECILE,DVET
SEX,0.0,0.0009375957776810604,-0.022582521554226853,0.04482674915197814,-0.02929375833266009,-0.02733029727846945,0.05693724429807766,0.08873998164399945
MSP,0.0009375957776810604,0.0,-0.046989930832578346,-0.21099959670645005,-0.03962742390171788,-0.16292619214055307,-0.1294708238015866,0.01207987837787905
RAC1P,-0.022582521554226853,-0.046989930832578346,-1.1102230246251565e-16,0.12370977894574298,-0.1763645977448593,0.11731917387029125,0.13499378430925324,0.1681369848331847
HOUSING_TYPE,0.04482674915197814,-0.21099959670645005,0.12370977894574298,0.0,0.40455599968290396,0.01992279338092337,0.1183732589945685,0.17853388302885928
OWN_RENT,-0.02929375833266009,-0.03962742390171788,-0.1763645977448593,0.4045559996829039,1.1102230246251565e-16,0.04208321448851367,0.019994214060110833,-0.0410581721935792
EDU,-0.02733029727846945,-0.16292619214055304,0.11731917387029125,0.01992279338092337,0.04208321448851367,0.0,-0.4971664101648362,-0.051584887755870716
PINCP_DECILE,0.05693724429807766,-0.1294708238015866,0.13499378430925324,0.11837325899456852,0.019994214060110836,-0.4971664101648362,0.0,-0.04728269256513949
DVET,0.08873998164399946,0.01207987837787905,0.16813698483318473,0.17853388302885928,-0.0410581721935792,-0.05158488775587072,-0.04728269256513949,-1.1102230246251565e-16
