,feature,divergence
0,AGEP,1.8229659863945573
7,PINCP_DECILE,1.487841763499658
6,EDU,0.600993762992168
2,MSP,0.334434371099326
5,OWN_RENT,0.13345115063384316
3,RAC1P,0.08196341668643424
1,SEX,0.027693648488396283
4,HOUSING_TYPE,0.022378375421275326
9,DEYE,0.0190460042166275
8,DVET,0.010991921599788108
