,PUMA,SEX,MSP,HISP,RAC1P,OWN_RENT,INDP_CAT,EDU,PINCP_DECILE
PUMA,2.7755575615628914e-15,0.0007721442761274965,0.023050794694611992,0.040832289726216386,0.0632496035263937,-0.003314379311038597,0.008048908002243787,0.04844551450542245,-0.014262082190318227
SEX,0.0007721442761274965,0.0,-0.04775953523756238,-0.00032003078264625576,-0.006448619148503812,0.009423934846828018,-0.03464007210247198,-0.01104979124477814,0.11414925627659012
MSP,0.023050794694611992,-0.04775953523756238,-5.995204332975845e-15,0.0031531800857159085,0.03249605439486498,0.13812963496404773,-0.2706338273265239,-0.26300482660136665,-0.13817883360299943
HISP,0.040832289726216386,-0.00032003078264625576,0.0031531800857159085,-1.4432899320127035e-14,-0.14595655832900362,-0.03406924221688723,-0.014639509943262791,0.07931833860345042,0.08186275610441994
RAC1P,0.0632496035263937,-0.006448619148503812,0.03249605439486498,-0.14595655832900362,-1.9095836023552692e-14,-0.0007076602207056887,0.046323914247067624,0.0439564948481463,0.0747807323515861
OWN_RENT,-0.003314379311038597,0.009423934846828018,0.13812963496404773,-0.03406924221688723,-0.0007076602207056887,-1.0325074129013956e-14,-0.014603202765699139,-0.012667020623262882,-0.10565606515226456
INDP_CAT,0.008048908002243787,-0.03464007210247198,-0.2706338273265239,-0.014639509943262791,0.046323914247067624,-0.014603202765699139,1.0880185641326534e-14,-0.4863131815084002,-0.4479262959533768
EDU,0.04844551450542245,-0.01104979124477814,-0.26300482660136665,0.07931833860345042,0.0439564948481463,-0.012667020623262882,-0.4863131815084002,0.0,-0.6798683363555735
PINCP_DECILE,-0.014262082190318227,0.11414925627659012,-0.13817883360299943,0.08186275610441994,0.0747807323515861,-0.10565606515226456,-0.4479262959533768,-0.6798683363555735,-7.105427357601002e-15
