,EDU,HISP,INDP_CAT,MSP,OWN_RENT,PINCP_DECILE,PUMA,RAC1P,SEX
0,-0.5661256654249889,0.15509979203949442,-0.4897462755127015,-0.3043552111334553,0.049481524472133165,-0.5534536170037252,-0.043899327019964046,0.10682166712636434,0.02940968572956682
1,-0.0034601267865830066,0.6176667604119588,0.2068945394053917,0.2600836941654895,0.33893200713047505,-0.020471515636093618,0.21019913550127825,0.5896488174217631,0.02938586966518139
2,-0.018556109310644837,0.12612634670485845,-0.10267619157272295,-0.21350482906193832,-0.29024814866884174,0.2262365613859603,0.040804082253664054,0.2012757729670249,-0.8660353478351911
3,-0.05000731534030503,0.0513282346792639,0.0827280376932277,0.18707511355719114,0.031452503601938325,-0.003924210086913682,-0.9599163500806984,0.16169289819495014,-0.06659581456509406
4,0.08749415590913381,0.10041662662184617,0.0039022339364876146,-0.007443873101237963,-0.8449588410538776,-0.04769712797520413,0.007298891278619758,0.36028090851333155,0.3689235275201501
