,PUMA,SEX,MSP,HISP,RAC1P,OWN_RENT,INDP_CAT,EDU,PINCP_DECILE
PUMA,-2.2537527399890678e-14,-0.0002562820548110342,0.00040967128112671947,0.0017252483771452581,0.00018160994508716055,0.02180928220248078,-0.16637421769790373,-0.18048729239559483,-0.11665514728625613
SEX,-0.0002562820548110342,5.329070518200751e-15,-0.0187862154254259,0.013778738696480749,0.0028569797588136586,-0.017348414700901527,0.027167712639549885,-0.03473356926106612,-0.01657321594912914
MSP,0.00040967128112671947,-0.0187862154254259,0.0,0.05076046824929522,0.04229683551530441,-0.003850742139914473,-0.20970648351330398,-0.21650972252523018,-0.35321960998494084
HISP,0.0017252483771452581,0.013778738696480749,0.05076046824929522,4.9960036108132044e-15,-0.039014283942273444,0.011883398518659702,0.001030042250265401,0.08864506062157843,0.04025676405608627
RAC1P,0.00018160994508716055,0.0028569797588136586,0.04229683551530441,-0.039014283942273444,0.0,0.041691240431605145,-0.004651123456274244,0.06453503677510279,0.07388959917452635
OWN_RENT,0.02180928220248078,-0.017348414700901527,-0.003850742139914473,0.011883398518659702,0.041691240431605145,0.0,-0.06246085952424817,0.02771297691327921,0.028712417198507215
INDP_CAT,-0.16637421769790373,0.027167712639549885,-0.20970648351330398,0.001030042250265401,-0.004651123456274244,-0.06246085952424817,3.9968028886505635e-15,-0.46546655949275967,-0.44171698985062297
EDU,-0.18048729239559483,-0.03473356926106612,-0.21650972252523018,0.08864506062157843,0.06453503677510279,0.02771297691327921,-0.46546655949275967,-3.6637359812630166e-15,-0.49316107163550527
PINCP_DECILE,-0.11665514728625613,-0.01657321594912914,-0.35321960998494084,0.04025676405608627,0.07388959917452635,0.028712417198507215,-0.44171698985062297,-0.49316107163550527,3.3306690738754696e-16
