,PUMA,SEX,MSP,HISP,RAC1P,OWN_RENT,INDP_CAT,EDU,PINCP_DECILE
PUMA,0.0,-0.00987063611078174,0.003989980811802858,0.00038952857287224973,0.004167549128258133,0.0007753994284201947,-0.0024974811895643323,0.003549212724344261,-0.0019748591752760765
SEX,-0.00987063611078174,0.0,-0.002673064295819262,-0.001698164598605746,0.009725604673556577,0.004275003192571486,-0.009131541579795906,-0.00486150188102942,0.0021405386947735555
MSP,0.003989980811802851,-0.002673064295819262,-2.220446049250313e-16,0.002263590562006928,0.0014969836715222826,-0.0011710430832205798,-0.004347253595196998,-0.006961608491193344,-0.001516208379558931
HISP,0.00038952857287224973,-0.001698164598605746,0.002263590562006928,2.220446049250313e-16,-0.002649341751064377,0.009932636725718827,-0.0053317009832971295,0.0037129397662554187,-0.0014373546853947705
RAC1P,0.004167549128258147,0.009725604673556584,0.0014969836715222826,-0.002649341751064377,-1.1102230246251565e-16,-0.011115166736222398,-0.00836404635002179,0.0004676600563336686,0.006633147033538206
OWN_RENT,0.0007753994284201964,0.004275003192571493,-0.0011710430832205798,0.00993263672571884,-0.011115166736222398,1.1102230246251565e-16,-0.019191886849813503,0.002831643532949471,0.003493704265976956
INDP_CAT,-0.002497481189564329,-0.009131541579795906,-0.004347253595197026,-0.0053317009832971295,-0.00836404635002179,-0.01919188684981349,-2.220446049250313e-16,-0.015612091565594621,-0.00305633125616811
EDU,0.0035492127243442542,-0.00486150188102942,-0.006961608491193316,0.0037129397662554464,0.0004676600563336686,0.002831643532949464,-0.015612091565594677,-2.220446049250313e-16,-0.004078924315093602
PINCP_DECILE,-0.0019748591752760747,0.0021405386947735555,-0.001516208379558931,-0.0014373546853947566,0.006633147033538206,0.0034937042659769595,-0.00305633125616811,-0.004078924315093602,0.0
