,feature,divergence
10,POVPIP,7.002470432769146
9,PINCP_DECILE,3.982070486064359
1,AGEP,3.133655440974977
3,MSP,0.8653494761059595
7,NPF,0.5351527779801543
6,NOC,0.33385820601506705
0,PUMA,0.31607133041750735
8,OWN_RENT,0.2339275104466852
5,RAC1P,0.041617051974516664
4,HISP,0.031022651600523487
2,SEX,0.007388207273377412
11,DEYE,0.004373185880091841
