,feature,divergence
8,PINCP_DECILE,3.606867037027555
6,INDP_CAT,2.424727475702653
7,EDU,1.4107938799949848
2,MSP,0.37675070028011204
3,HISP,0.13801854151048318
1,SEX,0.09341208993676564
5,OWN_RENT,0.07364641123344587
4,RAC1P,0.07010816624591187
0,PUMA,0.016947545441534317
