,feature,divergence
1,AGEP,5.601551589021545
9,PINCP_DECILE,3.4481953894871356
10,POVPIP,2.790352542593832
7,NPF,2.4736982549305435
0,PUMA,1.6699041878770156
5,RAC1P,0.49265376765932445
3,MSP,0.43186377037126933
2,SEX,0.07700145685887438
6,NOC,0.07659964124151694
8,OWN_RENT,0.06255976654360285
4,HISP,0.011277972041466936
