,feature,divergence
0,AGEP,2.8228310618821566
7,PINCP_DECILE,2.193337842148066
6,EDU,1.3197926132398028
2,MSP,0.549226486863613
3,RAC1P,0.42264311613937994
5,OWN_RENT,0.14364188816421797
4,HOUSING_TYPE,0.1350403359742306
8,DVET,0.090092193551735
9,DEYE,0.07696273804708803
1,SEX,0.030658900015460677
