,AGEP,DEYE,HISP,MSP,NOC,NPF,OWN_RENT,PINCP_DECILE,POVPIP,PUMA,RAC1P,SEX
0,-0.4628491606302894,0.07315148085400758,0.17102328910782316,-0.23505908513614954,0.48444048834535436,0.44944576837523426,0.15138723674413607,-0.4009563118821649,-0.2517830358556852,-0.012839000052200025,0.10944910014099281,0.003314950349358331
1,0.04494434893080322,-0.15253190350776974,0.1776709553807104,0.3980026121217539,-0.13225403149673542,-0.27466541158826485,0.5667211718828413,-0.10050879647976409,-0.560312001466605,0.0025159026712668234,0.13661576440580978,0.16707518795960613
2,-0.11163374314215996,0.14057025060753636,0.548106090306013,0.17019105035438575,-0.08535062182635604,-0.0764547889523407,-0.16779926937614625,0.060959082712946214,0.21778723647189058,0.3148004158555466,0.6344714360772833,-0.2104884291969741
3,-0.028794325335343172,-0.3029446971176334,0.07487542606291517,-0.014473375000575446,-0.12003109293574829,-0.08447836649433019,-0.36376801930877456,-0.39097201589716657,0.12195901207307863,-0.027279736815292985,0.136357993324932,0.7487573408863499
4,0.08955974344878787,-0.44856278977915814,0.1699684001931286,-0.027759892226603786,-0.004514239518563251,0.06353431720790778,-0.14502420475339753,0.03637550834592285,-0.05541007514551498,-0.763614281667334,0.23839199976212502,-0.30280460491951033
