,EDU,HISP,INDP_CAT,MSP,OWN_RENT,PINCP_DECILE,PUMA,RAC1P,SEX
0,-0.5661256654249883,0.15509979203949475,-0.4897462755127012,-0.3043552111334552,0.04948152447213344,-0.5534536170037252,-0.04389932701996406,0.1068216671263644,0.02940968572956671
1,-0.0034601267865831528,0.6176667604119577,0.2068945394053926,0.26008369416549226,0.33893200713047605,-0.020471515636095117,0.21019913550127722,0.5896488174217622,0.0293858696651861
2,-0.01855610931064422,0.12612634670486292,-0.10267619157272156,-0.21350482906193494,-0.2902481486688515,0.22623656138595927,0.0408040822536617,0.20127577296703447,-0.8660353478351864
3,-0.05000731534029371,0.051328234679276545,0.08272803769322873,0.18707511355718867,0.03145250360183485,-0.003924210086919518,-0.959916350080699,0.1616928981949925,-0.06659581456504471
4,0.08749415590914124,0.1004166266218389,0.0039022339364791353,-0.007443873101263106,-0.8449588410538764,-0.04769712797520509,0.007298891278737636,0.36028090851330946,0.3689235275201725
