,feature,divergence
1,AGEP,7.564537403429434
9,PINCP_DECILE,3.7693303477713247
7,NPF,1.7070260493858171
10,POVPIP,1.29222241468907
3,MSP,0.9482804722530749
0,PUMA,0.48492534941908655
6,NOC,0.37883952678284144
8,OWN_RENT,0.2711086132893181
5,RAC1P,0.26306057107618175
4,HISP,0.18068743558621334
2,SEX,0.08806056769019732
