,PUMA,SEX,MSP,HISP,RAC1P,OWN_RENT,INDP_CAT,EDU,PINCP_DECILE
PUMA,-1.4432899320127035e-15,0.017507849626222708,0.03206417410420631,-0.025528840222701635,-0.007447971151553807,0.007068718855628334,0.0015732349719701673,-0.0745408157955863,-0.005720891305175033
SEX,0.017507849626222708,-2.55351295663786e-15,0.035151849711865274,0.024383120489991507,0.02542914861317027,0.020667121702499597,-0.014866199872896575,-0.04281055397374723,0.22391548726951885
MSP,0.03206417410420631,0.035151849711865274,-1.021405182655144e-14,0.06375164575560763,0.09516796798899818,0.005180477705701847,-0.30248998306996416,-0.2878463427685204,-0.11717839979392422
HISP,-0.025528840222701635,0.024383120489991507,0.06375164575560763,2.220446049250313e-15,-0.1312700614206438,-0.060143418000377265,0.013626127939824817,0.15023758924165567,0.1536053479708861
RAC1P,-0.007447971151553807,0.02542914861317027,0.09516796798899818,-0.1312700614206438,0.0,-0.01351747254802688,-0.014469440242289137,0.07473699951251121,0.1371719083349381
OWN_RENT,0.007068718855628334,0.020667121702499597,0.005180477705701847,-0.060143418000377265,-0.01351747254802688,-1.4210854715202004e-14,-0.04132700366136441,0.05859535612705379,0.07789300530684332
INDP_CAT,0.0015732349719701673,-0.014866199872896575,-0.30248998306996416,0.013626127939824817,-0.014469440242289137,-0.04132700366136441,-1.2878587085651816e-14,-0.45834764979415327,-0.48850238405705027
EDU,-0.0745408157955863,-0.04281055397374723,-0.2878463427685204,0.15023758924165567,0.07473699951251121,0.05859535612705379,-0.45834764979415327,4.107825191113079e-15,-0.637021526929506
PINCP_DECILE,-0.005720891305175033,0.22391548726951885,-0.11717839979392422,0.1536053479708861,0.1371719083349381,0.07789300530684332,-0.48850238405705027,-0.637021526929506,0.0
