,AGEP,DEYE,DVET,EDU,HOUSING_TYPE,MSP,OWN_RENT,PINCP_DECILE,RAC1P,SEX
0,-0.5251615970832845,0.06525346816091637,-0.11259059023351799,-0.5549528123126449,-0.05893922391740582,-0.24157157887476577,0.12599373017480162,-0.5520087567508635,0.12658595063201153,0.02924494200067506
1,0.028117658417164,-0.1865864177711919,-0.11718581844773304,-0.0981964236710087,0.7053995999603058,0.11063300778624464,-0.623440203973432,-0.1800531014801271,0.030951825962070856,0.09558646071481507
2,-0.08134938043213216,0.16780383264888585,0.5529867249917642,-0.09293384395818152,0.07833761585472802,-0.2547859894878444,-0.23597543652255615,0.10915704418016113,0.08570655941928848,-0.7104893883239471
3,-0.15479221705588986,0.313224927301348,-0.11734411123308464,0.0925354687441905,0.09949165121325339,0.5617909540969838,0.11943281341259795,0.0387139140578279,0.7010062049706127,-0.15138273614990713
4,-0.005050879427421955,-0.8560167110688511,0.26595651342237375,-0.08439859638473324,0.016422403453305714,0.22538144922974146,0.28402107810566746,-0.06826570574970225,0.17794701922760175,-0.14592489455366195
