,PUMA,SEX,MSP,HISP,RAC1P,OWN_RENT,INDP_CAT,EDU,PINCP_DECILE
PUMA,0.0,-0.0021575108487393,-0.03197666676952239,-0.018196626616657455,-0.16066032593188576,-0.04908661596395382,0.02717388866525239,0.0007991886445040397,0.0053639507349168055
SEX,-0.0021575108487393,0.0,-5.1461532414224295e-05,-0.019756512551002525,-0.008947770743063776,-0.03900546984158705,-0.06568788041805612,-0.03022160748263803,-0.017343882037078803
MSP,-0.03197666676952239,-5.1461532414224295e-05,0.0,-0.11060269697784514,-0.0804277128569486,-0.10542476574023127,0.1055020797370888,0.26874009640757734,0.30870563018848896
HISP,-0.018196626616657455,-0.019756512551002525,-0.11060269697784514,2.220446049250313e-16,0.0041756278454177925,0.004922443235089183,-0.07620378775661281,0.029527957036018487,-0.026575115631240084
RAC1P,-0.1606603259318857,-0.008947770743063776,-0.08042771285694861,0.0041756278454177925,0.0,0.0794378386625672,-0.21274871942349793,-0.061764715087457456,-0.08968651237612027
OWN_RENT,-0.04908661596395382,-0.03900546984158705,-0.10542476574023127,0.004922443235089169,0.07943783866256723,0.0,-0.05657984287874232,-0.0788497350213567,-0.06016989157437629
INDP_CAT,0.02717388866525239,-0.06568788041805612,0.1055020797370888,-0.07620378775661281,-0.21274871942349793,-0.05657984287874231,-2.220446049250313e-16,0.19353823852567759,0.1883133554507576
EDU,0.0007991886445040536,-0.03022160748263803,0.2687400964075773,0.029527957036018473,-0.061764715087457456,-0.0788497350213567,0.19353823852567748,0.0,0.17229984546348853
PINCP_DECILE,0.005363950734916806,-0.017343882037078803,0.30870563018848907,-0.026575115631240084,-0.08968651237612027,-0.060169891574376286,0.18831335545075772,0.17229984546348853,0.0
