,PUMA,SEX,MSP,HISP,RAC1P,OWN_RENT,INDP_CAT,EDU,PINCP_DECILE
PUMA,1.1435297153639112e-14,0.01445988333448329,-0.011937696739166635,-0.03402696488819501,-0.007520723289582939,-0.010149221227188216,-0.008259903922630997,0.004270635598982789,0.012243144601145069
SEX,0.01445988333448329,-4.218847493575595e-15,-0.03054814196950044,-0.016873156657769797,0.0314668629237791,-0.017877060076537894,-0.0042155466019185295,-0.09304756814802546,0.06942883226197867
MSP,-0.011937696739166635,-0.03054814196950044,0.0,-0.028969248355261136,-0.013455311754546324,0.003630973798561369,-0.04169489737804494,0.053307524393952865,-0.0037224111428953988
HISP,-0.03402696488819501,-0.016873156657769797,-0.028969248355261136,-2.1316282072803006e-14,0.011711201022428425,-0.07451321093767888,-0.02085038172478542,0.010849529524688706,0.025026269589389888
RAC1P,-0.007520723289582939,0.0314668629237791,-0.013455311754546324,0.011711201022428425,0.0,-0.005497202321527282,0.009570677440103016,0.052627591175335414,0.08440940408865166
OWN_RENT,-0.010149221227188216,-0.017877060076537894,0.003630973798561369,-0.07451321093767888,-0.005497202321527282,0.0,-0.06991705630941908,0.03434542239454252,-0.0010220544080719457
INDP_CAT,-0.008259903922630997,-0.0042155466019185295,-0.04169489737804494,-0.02085038172478542,0.009570677440103016,-0.06991705630941908,-1.0880185641326534e-14,-0.09496737253590048,-0.002073925871524329
EDU,0.004270635598982789,-0.09304756814802546,0.053307524393952865,0.010849529524688706,0.052627591175335414,0.03434542239454252,-0.09496737253590048,3.6637359812630166e-15,-0.019761428013912452
PINCP_DECILE,0.012243144601145069,0.06942883226197867,-0.0037224111428953988,0.025026269589389888,0.08440940408865166,-0.0010220544080719457,-0.002073925871524329,-0.019761428013912452,-2.55351295663786e-15
