,DVET,EDU,HOUSING_TYPE,MSP,OWN_RENT,PINCP_DECILE,RAC1P,SEX
0,-0.09031920309990894,-0.6526079752061514,-0.06349458514778111,-0.34581568321936096,0.10305849230679726,-0.6267725044602095,0.18780472030073642,0.0599148144789835
1,-0.032232775404416464,-0.09494912511478448,0.7070728781467979,0.18370880157884056,-0.6381895809962013,-0.20106775295700083,-0.06955819892601826,-0.06076353702854129
2,0.619116086093386,-0.10489808312742349,-0.07171062381599429,-0.3768846420570429,-0.1422951864653317,0.07709388088563182,-0.25646924805123616,-0.6054249378352994
3,0.22628227339519655,-0.031051272501163834,0.10700090777168976,0.4467506861810265,0.21624730141007487,-0.04654458456248413,0.7181067812911148,-0.4149579958266357
4,0.7400568506373801,0.023716331941208035,0.053079728370674685,0.07121889655771386,-0.006103888259125948,-0.08754464201720225,0.08985298546436542,0.6542850478487762
