,feature,divergence
7,EDU,1.5717701259438188
0,PUMA,1.3027262571602871
8,PINCP_DECILE,1.2664980225978002
4,RAC1P,1.1124212444675865
5,OWN_RENT,0.7104488046596624
6,INDP_CAT,0.6931026195626053
2,MSP,0.5786463857997807
3,HISP,0.3198167411835775
1,SEX,0.005736621241154927
