,EDU,HISP,INDP_CAT,MSP,OWN_RENT,PINCP_DECILE,PUMA,RAC1P,SEX
0,-0.5711275826037827,0.09765649436928114,-0.5004442530985014,-0.29828622168924196,0.004362825624502353,-0.5535746002048506,0.057163613945357745,0.12286875986066856,0.00539349972821233
1,-0.025747737539154894,0.586234444740891,0.20355365568546874,0.2048359569052638,0.4980045256423216,-0.03326728927976885,0.03571805441058132,0.5505229960803344,0.13714153676526736
2,-0.027387643779076955,0.287953144874016,0.10222790078216865,-0.23418829899428212,-0.02830656363992789,0.14753638134549538,0.8607935323039897,-0.23521682401784327,-0.17938086664464922
3,-0.011289996827380747,0.1266216008874297,-0.09007063761035423,0.08884907473648991,-0.15136372706999637,0.09636782792189794,-0.15395168477612423,0.2473856620091064,-0.9223524842354361
4,0.041105119419777986,0.34044241752763904,-0.014689687027022946,0.3471448576965287,-0.8096861230088334,-0.11316330943767294,0.07429342428192637,0.17733010918457814,0.23732036883591917
