,AGEP,DEYE,HISP,MSP,NOC,NPF,OWN_RENT,PINCP_DECILE,POVPIP,PUMA,RAC1P,SEX
0,-0.42029838014568877,0.1031923660850691,0.07152951759981999,-0.35742411314405037,0.5379069442938615,0.5030739749246698,0.12043262353163864,-0.3066982869766932,-0.11153736595100694,0.021651918074335395,0.12459250415714905,-0.020107113687656327
1,-0.25571058207706,0.036454156431139945,0.0002685807166430097,0.013037730878058809,-0.05235011019985286,0.029409607641185345,-0.6636930658262263,-0.1730581628051465,0.6682567878212375,-0.0797379194144831,0.07784410669339425,-0.009224452460774612
2,-0.29140140670448006,-0.0100668055044177,0.41844205524352746,0.3947456268967721,-0.1276838796181981,-0.2773323736399005,0.12942409398014065,-0.411943315603354,-0.1685679139371419,-0.2712330904459229,0.3835999672345011,0.23509623618169015
3,0.02154401443111968,0.29807787793150065,0.32260216347571646,-0.013193977401962868,0.013783136765753379,0.042696607986202104,0.11064253899148578,0.42905377991637983,0.1269539455731278,-0.27143315653756284,0.38243294108495757,-0.6099582668774001
4,0.17213391515093382,-0.8323737083413217,0.3956843019358719,-0.19333873016877712,0.015062115880598359,0.08233891471181304,-0.08082382343043462,0.01075574071186819,0.0295440083152268,0.1415295603420228,0.17543940389979829,-0.13505851921898734
