,feature,divergence
0,PUMA,4.501038527182228
1,AGEP,3.724605884839279
9,PINCP_DECILE,2.965623683009089
7,NPF,1.2219677499779131
10,POVPIP,1.0792120185256673
3,MSP,1.06564075931365
5,RAC1P,0.6145090720746802
8,OWN_RENT,0.39245069280933026
6,NOC,0.27752282922005045
2,SEX,0.18702907399312474
4,HISP,0.1149798927919448
