,feature,divergence
10,POVPIP,8.80679223329937
0,PUMA,8.154449905363903
3,MSP,3.6829293044286215
1,AGEP,3.0161166958041963
9,PINCP_DECILE,2.3819207728305285
5,RAC1P,0.8302682099895271
7,NPF,0.7213460995827599
8,OWN_RENT,0.5243303126985275
6,NOC,0.39413564576079557
4,HISP,0.2120661413681205
2,SEX,0.061925610295669786
