,feature,divergence
9,PINCP_DECILE,4.988804196589838
1,AGEP,3.2140284360189577
10,POVPIP,2.3773449321787425
7,NPF,1.6859085303012387
3,MSP,0.7331743784915992
5,RAC1P,0.6808868887488071
0,PUMA,0.674030388199143
6,NOC,0.32881260807080037
8,OWN_RENT,0.1850938348401812
2,SEX,0.12875252559164463
4,HISP,0.07736052116837307
