,AGEP,HISP,MSP,NOC,NPF,OWN_RENT,PINCP_DECILE,POVPIP,PUMA,RAC1P,SEX
0,-0.3771297048318154,0.10413523716016926,-0.3314779708948423,0.5079493510979787,0.4785791057231922,0.19554130976462436,-0.3508381593954969,-0.2510332787998802,0.08098020901853578,0.13530945076501041,0.028158879848406107
1,0.052178973524246455,0.24807681582745533,0.3832195882398827,-0.12304575686134053,-0.24863022882194052,0.578435422541921,-0.06139564421859209,-0.5542800656460344,-0.05828465728733155,0.22155712006781567,0.11769763512410289
2,-0.4393634691608926,0.31840414482309776,0.264106433494577,-0.16668641207367083,-0.1558677660249283,-0.3064122138005863,-0.39987663378438704,0.298319130070425,-0.19432893443511284,0.4450536162784213,-0.0716008893623902
3,0.17623700639528492,0.6169614406085216,-0.10171802336393976,-0.018077411561728485,0.08682112931289007,-0.024411995427565544,0.3000068800516045,0.10596731672847305,0.6035702499803861,0.22463869077169785,-0.23129873958019373
4,0.046704946659419405,0.12648154272851445,-0.00044495873170128167,-0.09334062214149261,-0.04924091972506025,-0.19457502251121975,-0.23857217577581974,0.007353049551732734,0.35551282724199296,-0.15737767160475102,0.8512910417539125
