,feature,divergence
0,PUMA,7.943280677655675
4,RAC1P,7.023285633111074
3,HISP,1.4628730889317882
6,INDP_CAT,0.3835762885535138
5,OWN_RENT,0.3169476264844241
2,MSP,0.10126805285720936
7,EDU,0.09989486038437079
8,PINCP_DECILE,0.0844300501498329
1,SEX,0.012381249003046935
