,AGEP,DEYE,DVET,EDU,HOUSING_TYPE,MSP,OWN_RENT,PINCP_DECILE,RAC1P,SEX
0,-0.5251615970832848,0.06525346816091526,-0.11259059023351806,-0.5549528123126449,-0.05893922391740661,-0.24157157887476566,0.12599373017480175,-0.5520087567508634,0.12658595063201153,0.029244942000674887
1,0.028117658417163353,-0.18658641777119195,-0.11718581844773258,-0.09819642367100946,0.7053995999603067,0.1106330077862448,-0.6234402039734315,-0.18005310148012715,0.030951825962069343,0.09558646071481416
2,-0.08134938043213324,0.16780383264888563,0.552986724991766,-0.09293384395818112,0.07833761585472829,-0.25478598948784015,-0.23597543652255462,0.10915704418016084,0.08570655941929423,-0.7104893883239478
3,-0.15479221705589058,0.3132249273013549,-0.11734411123309355,0.0925354687441915,0.09949165121325294,0.5617909540969855,0.11943281341259648,0.03871391405782787,0.7010062049706075,-0.15138273614990377
4,-0.0050508794274226046,-0.8560167110688485,0.26595651342237175,-0.08439859638473252,0.016422403453306242,0.22538144922974895,0.2840210781056697,-0.06826570574970225,0.1779470192276072,-0.1459248945536617
