,AGEP,SEX,MSP,RAC1P,HOUSING_TYPE,OWN_RENT,EDU,PINCP_DECILE,DVET
AGEP,5.551115123125783e-16,-0.0546194747801573,-0.13531734507060192,0.1098576817031163,-0.06762985423983359,0.14671785757862676,-0.5604268146173073,-0.57969121093437,-0.07686381838981621
SEX,-0.0546194747801573,-2.1094237467877974e-14,-0.004488187311578214,0.015036977269353498,0.011208132867508271,-0.0036670195082549005,-0.052257821941709595,0.13423364274178992,0.08937224666838837
MSP,-0.13531734507060192,-0.004488187311578214,0.0,0.011185817217249325,-0.138569071046155,-0.02971478496672561,-0.25459012056758884,-0.1719175542379386,-0.004135545598019513
RAC1P,0.1098576817031163,0.015036977269353498,0.011185817217249325,-1.454392162258955e-14,-0.00508601115883994,-0.02315951426372153,0.058455487183797936,0.08490462342101088,0.027470540504214512
HOUSING_TYPE,-0.06762985423983359,0.011208132867508271,-0.138569071046155,-0.00508601115883994,3.319566843629218e-14,0.41123510307677513,0.013344038101643346,0.08014358458114854,0.030232981434929154
OWN_RENT,0.14671785757862676,-0.0036670195082549005,-0.02971478496672561,-0.02315951426372153,0.41123510307677513,-9.992007221626409e-16,0.07976348555512142,0.049807333760390995,0.031032308619482047
EDU,-0.5604268146173073,-0.052257821941709595,-0.25459012056758884,0.058455487183797936,0.013344038101643346,0.07976348555512142,3.774758283725532e-15,-0.6711733202994583,-0.0834075415761798
PINCP_DECILE,-0.57969121093437,0.13423364274178992,-0.1719175542379386,0.08490462342101088,0.08014358458114854,0.049807333760390995,-0.6711733202994583,0.0,-0.13408190037575227
DVET,-0.07686381838981621,0.08937224666838837,-0.004135545598019513,0.027470540504214512,0.030232981434929154,0.031032308619482047,-0.0834075415761798,-0.13408190037575227,0.0
