,feature,divergence
1,AGEP,5.984923699209414
9,PINCP_DECILE,2.1790787528557987
7,NPF,0.899678011898633
3,MSP,0.6241782434823805
6,NOC,0.2690400644640229
0,PUMA,0.15622877239729177
10,POVPIP,0.13777788704414742
8,OWN_RENT,0.1178559100353932
5,RAC1P,0.011174276298499838
2,SEX,0.005546601308060062
4,HISP,0.00539774334241355
