,PUMA,SEX,MSP,HISP,RAC1P,OWN_RENT,INDP_CAT,EDU,PINCP_DECILE
PUMA,-2.220446049250313e-16,0.026693799789736888,0.05355518408094984,-0.005663371622287472,-0.010156671988946847,0.009822067631077822,-0.02677351768986708,0.017311107628734917,-0.01738060586890723
SEX,0.026693799789736888,0.0,-0.001054837037830335,-0.01374852160673078,-0.02471170745792722,-0.03090043680545597,-0.005400906437227269,-0.052232313585385964,0.04169149922330659
MSP,0.05355518408094984,-0.001054837037830335,0.0,-0.004937303410531158,-0.05051506668454162,-0.05632849301437819,-0.055791714571470225,0.03637548575715202,0.001025172864799223
HISP,-0.005663371622287486,-0.01374852160673078,-0.004937303410531158,0.0,-0.011204052581719165,-0.05912124914375129,-0.002136491690978272,0.0701049214700173,0.0571005672533798
RAC1P,-0.010156671988946847,-0.02471170745792722,-0.05051506668454162,-0.011204052581719165,0.0,-0.0822367704934892,0.04731187449531852,0.10345282069681919,0.1145935548277832
OWN_RENT,0.009822067631077822,-0.03090043680545597,-0.05632849301437819,-0.05912124914375129,-0.0822367704934892,1.1102230246251565e-16,-0.059311040361086614,0.03983515950316897,0.024116138825665493
INDP_CAT,-0.02677351768986708,-0.005400906437227272,-0.055791714571470225,-0.0021364916909782684,0.04731187449531852,-0.05931104036108661,0.0,-0.09484010676702942,-0.0078735959046074
EDU,0.017311107628734917,-0.052232313585385964,0.03637548575715205,0.07010492147001729,0.10345282069681919,0.03983515950316897,-0.09484010676702942,-2.220446049250313e-16,-0.011954730997537077
PINCP_DECILE,-0.01738060586890723,0.04169149922330659,0.0010251728647991953,0.0571005672533798,0.1145935548277832,0.024116138825665497,-0.0078735959046074,-0.011954730997537188,-2.220446049250313e-16
