,EDU,HISP,INDP_CAT,MSP,OWN_RENT,PINCP_DECILE,PUMA,RAC1P,SEX
0,-0.5661256654249884,0.15509979203949475,-0.4897462755127018,-0.30435521113345504,0.04948152447213354,-0.5534536170037255,-0.04389932701996404,0.10682166712636434,0.02940968572956664
1,-0.003460126786583284,0.617666760411959,0.20689453940539276,0.2600836941654919,0.3389320071304762,-0.020471515636094895,0.21019913550127511,0.5896488174217625,0.029385869665183174
2,-0.018556109310645823,0.12612634670486061,-0.10267619157272137,-0.21350482906193435,-0.29024814866883863,0.2262365613859599,0.04080408225365376,0.20127577296702875,-0.8660353478351928
3,-0.05000731534029725,0.0513282346792696,0.08272803769322896,0.18707511355719159,0.03145250360186697,-0.003924210086920156,-0.9599163500806992,0.1616928981949773,-0.06659581456505169
4,0.08749415590913823,0.10041662662184068,0.003902233936479857,-0.007443873101255341,-0.8449588410538794,-0.04769712797520316,0.007298891278704009,0.36028090851332023,0.36892352752015495
