,feature,divergence
8,PINCP_DECILE,2.0731158186076217
7,EDU,0.8477393222917925
6,INDP_CAT,0.580568463612925
2,MSP,0.39139193548650414
0,PUMA,0.23003285015207092
4,RAC1P,0.11037757202031603
5,OWN_RENT,0.09928193693159847
3,HISP,0.04304799049163295
1,SEX,0.02171676412038792
