,AGEP,DEAR,DENSITY,DEYE,DPHY,DREM,DVET,EDU,HISP,HOUSING_TYPE,INDP_CAT,MSP,NOC,NPF,OWN_RENT,PINCP,PINCP_DECILE,POVPIP,PUMA,RAC1P,SEX
0,-0.28776888037920323,0.031249408957554375,-0.04877546700959175,0.009460777930740709,-0.29246523841849853,-0.30627309234802236,-0.027543376543547007,-0.36656434064538934,0.04278553085925013,-0.09323660066905064,-0.24374113463360705,-0.2679516284219269,0.2983209319012731,0.27062474304871936,0.0765481216019276,0.40404637625795303,-0.3200764624302867,-0.13116174190719848,0.04670873700802057,0.06606478687486256,0.0007144300100387422
1,-0.05732899015393557,-0.07212940344819874,-0.03605197792930126,-0.04957178711720453,-0.2017888788285174,-0.2054776623389492,0.0030226055557875772,-0.13906210080868833,-0.06821374980835407,0.5403367847214576,-0.2011407139280361,0.0744773518957619,-0.27649833875399793,-0.2465106078752393,-0.4680732974598249,0.06544664765218675,-0.16051108351336413,0.38025311105161363,-0.0610307977885578,-0.06306090946980669,-0.06475047930546587
2,0.24259807826236143,-0.19333037525001487,-0.4798927117703627,-0.06596777089699508,-0.008558526903499737,0.009788703246213087,0.17300751042496093,0.09876189107702371,-0.3281775794979802,-0.14282782700861313,-0.05770389000413376,-0.3654343605667436,0.1265326279748873,0.20373235998647404,-0.2508968269292982,0.017534467937913148,0.21281848684320367,0.135725106315199,0.23696262364051082,-0.3417223400639372,-0.08295399913630506
3,0.28917393049427664,-0.43470976341143724,0.0090452625953179,-0.41945120272121245,-0.30983708460242215,-0.2602131019159485,0.15105709621486485,-0.08706628678647858,-0.008785762738514296,-0.15906903480604756,-0.14228194843408515,0.12024070150280351,-0.21989224906006127,-0.2607904202366924,0.24703346738697088,-0.10810944818512717,-0.02132626682802942,-0.32646936136158033,-0.00822295199115382,-0.031681584432459636,0.002849223904739257
4,-0.016573695365707092,-0.17499402894526578,-0.29754043540598096,-0.1875789118180415,0.4368900030908428,0.4415654827373701,-0.030069508462037983,-0.20329595667707626,0.12475169687692456,0.14439274693237908,-0.2881563029052934,0.17324368933580467,0.02956502443417847,0.029811046236100817,-0.09996603034603695,-0.0424879296323173,-0.38129591412057184,-0.24978183724713734,0.20693430806381416,0.0510738814738188,0.032727355047578094
