,EDU,HISP,INDP_CAT,MSP,OWN_RENT,PINCP_DECILE,PUMA,RAC1P,SEX
0,-0.5711275826037828,0.09765649436927959,-0.5004442530985018,-0.298286221689242,0.0043628256245022215,-0.5535746002048505,0.057163613945356975,0.12286875986066838,0.005393499728212389
1,-0.025747737539155945,0.5862344447408918,0.20355365568546835,0.2048359569052647,0.49800452564232,-0.03326728927976985,0.03571805441057992,0.550522996080334,0.13714153676526677
2,-0.02738764377907774,0.2879531448740137,0.10222790078216804,-0.23418829899428356,-0.02830656363992588,0.1475363813454963,0.8607935323039902,-0.23521682401783872,-0.17938086664465341
3,-0.011289996827381224,0.12662160088742772,-0.09007063761035469,0.08884907473649387,-0.1513637270699971,0.09636782792189584,-0.1539516847761272,0.247385662009106,-0.922352484235435
4,0.04110511941977865,0.3404424175276383,-0.014689687027022863,0.34714485769652265,-0.8096861230088357,-0.11316330943767057,0.07429342428192878,0.17733010918458014,0.2373203688359209
