,feature,divergence
9,PINCP_DECILE,2.7743808327351047
1,AGEP,1.808041425525434
0,PUMA,0.48629304147044294
10,POVPIP,0.28746748290551305
7,NPF,0.21977007248718786
3,MSP,0.18675289572177428
8,OWN_RENT,0.13108263013617294
6,NOC,0.11216643606016308
2,SEX,0.018816812236236435
5,RAC1P,0.004360844629131314
4,HISP,0.002197450706077888
