,EDU,HISP,INDP_CAT,MSP,OWN_RENT,PINCP_DECILE,PUMA,RAC1P,SEX
0,-0.5661256654249887,0.15509979203949475,-0.48974627551270156,-0.30435521113345554,0.04948152447213343,-0.553453617003725,-0.04389932701996407,0.10682166712636426,0.02940968572956678
1,-0.003460126786583203,0.6176667604119581,0.20689453940539182,0.26008369416549126,0.33893200713047705,-0.02047151563609434,0.21019913550127653,0.5896488174217618,0.029385869665183955
2,-0.018556109310645386,0.1261263467048613,-0.10267619157272168,-0.213504829061934,-0.29024814866884263,0.22623656138595966,0.04080408225365684,0.20127577296702942,-0.8660353478351908
3,-0.05000731534029957,0.05132823467926838,0.0827280376932284,0.1870751135571926,0.031452503601885486,-0.00392421008691865,-0.9599163500806984,0.16169289819497024,-0.0665958145650631
4,0.0874941559091374,0.10041662662184168,0.003902233936483257,-0.007443873101251174,-0.8449588410538764,-0.04769712797520423,0.00729889127868182,0.36028090851332395,0.36892352752015733
