,PUMA,SEX,MSP,HISP,RAC1P,OWN_RENT,INDP_CAT,EDU,PINCP_DECILE
PUMA,5.218048215738236e-15,-0.00885884825875128,-0.0167007043851837,0.036424858817118086,0.03342003064012025,0.059297040520614394,-0.01276986111042206,-0.06269262832609065,-0.08277466512797074
SEX,-0.00885884825875128,2.6645352591003757e-15,-0.03628786950247864,0.013318679308851805,0.030884686168936314,-0.0045526346009528845,0.0029176039263521213,-0.037881477807205736,0.11472416509086315
MSP,-0.0167007043851837,-0.03628786950247864,-1.7763568394002505e-15,-0.010206788010574275,-0.03656249089897742,-0.06924267323329988,-0.12086885357287105,-0.023519703191134722,-0.008964003022994993
HISP,0.036424858817118086,0.013318679308851805,-0.010206788010574275,0.0,-0.18686069272894087,-0.1036769465034784,-0.037067350800817286,0.08160623349181254,0.02394586418083096
RAC1P,0.03342003064012025,0.030884686168936314,-0.03656249089897742,-0.18686069272894087,4.884981308350689e-15,-0.07326934766612217,0.029852282460621236,0.12965463556607248,0.14244921362256768
OWN_RENT,0.059297040520614394,-0.0045526346009528845,-0.06924267323329988,-0.1036769465034784,-0.07326934766612217,-8.43769498715119e-15,-0.03028873790296361,0.03143790958513576,0.007761842432492332
INDP_CAT,-0.01276986111042206,0.0029176039263521213,-0.12086885357287105,-0.037067350800817286,0.029852282460621236,-0.03028873790296361,0.0,-0.13840471500418744,-0.07097851528714577
EDU,-0.06269262832609065,-0.037881477807205736,-0.023519703191134722,0.08160623349181254,0.12965463556607248,0.03143790958513576,-0.13840471500418744,-1.2212453270876722e-15,-0.0948903387220309
PINCP_DECILE,-0.08277466512797074,0.11472416509086315,-0.008964003022994993,0.02394586418083096,0.14244921362256768,0.007761842432492332,-0.07097851528714577,-0.0948903387220309,3.3306690738754696e-16
