,EDU,HISP,INDP_CAT,MSP,OWN_RENT,PINCP_DECILE,PUMA,RAC1P,SEX
0,-0.5711275826037827,0.09765649436928081,-0.5004442530985023,-0.29828622168924135,0.0043628256245019925,-0.5535746002048515,0.05716361394535692,0.12286875986066799,0.005393499728212157
1,-0.025747737539155605,0.5862344447408889,0.20355365568546885,0.20483595690526343,0.4980045256423209,-0.03326728927976946,0.0357180544105777,0.5505229960803375,0.13714153676526644
2,-0.027387643779077726,0.28795314487401935,0.10222790078216815,-0.23418829899428295,-0.028306563639924377,0.14753638134549615,0.8607935323039877,-0.23521682401784041,-0.17938086664465572
3,-0.011289996827380576,0.1266216008874272,-0.09007063761035511,0.08884907473649142,-0.15136372706999565,0.09636782792189665,-0.15395168477613116,0.2473856620091051,-0.922352484235436
4,0.04110511941978164,0.3404424175276381,-0.014689687027021725,0.3471448576965134,-0.8096861230088377,-0.11316330943766653,0.07429342428192828,0.1773301091845897,0.2373203688359202
