,EDU,HISP,INDP_CAT,MSP,OWN_RENT,PINCP_DECILE,PUMA,RAC1P,SEX
0,-0.5711275826037833,0.09765649436928059,-0.5004442530985012,-0.2982862216892412,0.004362825624502367,-0.5535746002048507,0.05716361394535634,0.1228687598606686,0.005393499728211928
1,-0.02574773753915568,0.5862344447408916,0.20355365568546985,0.20483595690526343,0.49800452564232095,-0.033267289279769297,0.0357180544105806,0.5505229960803328,0.13714153676526686
2,-0.02738764377907808,0.2879531448740121,0.10222790078216815,-0.23418829899428234,-0.028306563639926043,0.14753638134549404,0.8607935323039918,-0.2352168240178429,-0.17938086664464384
3,-0.011289996827380881,0.12662160088743243,-0.09007063761035408,0.08884907473649337,-0.1513637270699986,0.09636782792189762,-0.15395168477611812,0.24738566200910353,-0.9223524842354365
4,0.04110511941977953,0.34044241752763954,-0.014689687027023446,0.3471448576965229,-0.8096861230088339,-0.11316330943767047,0.07429342428192709,0.17733010918457986,0.2373203688359237
