,AGEP,HISP,MSP,NOC,NPF,OWN_RENT,PINCP_DECILE,POVPIP,PUMA,RAC1P,SEX
0,-0.3771297048318148,0.10413523716016937,-0.3314779708948432,0.5079493510979791,0.4785791057231925,0.1955413097646238,-0.3508381593954958,-0.2510332787998794,0.08098020901853524,0.13530945076501036,0.028158879848405254
1,0.05217897352424517,0.2480768158274554,0.38321958823988256,-0.12304575686134028,-0.24863022882194014,0.5784354225419206,-0.06139564421859316,-0.5542800656460342,-0.05828465728733291,0.2215571200678158,0.11769763512410172
2,-0.4393634691608903,0.31840414482310353,0.26410643349457397,-0.16668641207367052,-0.15586776602492644,-0.30641221380058675,-0.39987663378438276,0.29831913007042726,-0.19432893443511146,0.445053616278425,-0.07160088936239317
3,0.1762370063952894,0.6169614406085165,-0.10171802336394312,-0.01807741156172704,0.08682112931289107,-0.024411995427560118,0.30000688005160997,0.10596731672846876,0.6035702499803839,0.22463869077169774,-0.23129873958020375
4,0.04670494665941374,0.1264815427285205,-0.00044495873169591964,-0.09334062214149418,-0.04924091972506254,-0.19457502251122033,-0.2385721757758233,0.007353049551731392,0.3555128272420103,-0.1573776716047559,0.8512910417539026
