,AGEP,DEYE,DVET,EDU,HOUSING_TYPE,MSP,OWN_RENT,PINCP_DECILE,RAC1P,SEX
0,-0.5251615970832847,0.06525346816091582,-0.11259059023351786,-0.5549528123126447,-0.05893922391740602,-0.2415715788747655,0.12599373017480162,-0.5520087567508634,0.1265859506320119,0.029244942000674894
1,0.028117658417163422,-0.18658641777119161,-0.11718581844773125,-0.09819642367100924,0.7053995999603058,0.1106330077862444,-0.6234402039734324,-0.18005310148012688,0.030951825962069066,0.09558646071481305
2,-0.08134938043213226,0.16780383264887921,0.5529867249917687,-0.0929338439581819,0.07833761585472589,-0.2547859894878424,-0.2359754365225525,0.10915704418016042,0.08570655941928951,-0.7104893883239475
3,-0.15479221705589002,0.31322492730136064,-0.11734411123308898,0.09253546874419208,0.09949165121325367,0.561790954096981,0.1194328134125925,0.03871391405782873,0.7010062049706097,-0.1513827361499054
4,-0.005050879427423112,-0.8560167110688468,0.26595651342237225,-0.08439859638473102,0.01642240345330718,0.22538144922975267,0.2840210781056717,-0.06826570574970325,0.17794701922761202,-0.14592489455365476
