,PUMA,SEX,MSP,HISP,RAC1P,OWN_RENT,INDP_CAT,EDU,PINCP_DECILE
PUMA,0.0,0.04890136892156145,-0.110421255565883,,,,-0.23939063816348075,-0.08183315950421241,-0.19524651835314044
SEX,0.04890136892156145,1.1102230246251565e-16,-0.2775714567759373,,,,-0.23029105366080463,-0.1624954542564378,-0.12949470614232422
MSP,-0.11042125556588299,-0.2775714567759373,-2.220446049250313e-16,,,,0.38854011641803465,0.46994981095749067,0.7773595190430078
HISP,,,,,,,,,
RAC1P,,,,,,,,,
OWN_RENT,,,,,,,,,
INDP_CAT,-0.23939063816348077,-0.23029105366080466,0.3885401164180347,,,,0.0,0.19429529486875036,0.4231550682603597
EDU,-0.08183315950421241,-0.1624954542564378,0.46994981095749067,,,,0.1942952948687504,0.0,0.1310710121174009
PINCP_DECILE,-0.19524651835314044,-0.12949470614232417,0.7773595190430076,,,,0.4231550682603597,0.1310710121174009,2.220446049250313e-16
