,feature,divergence
7,PINCP_DECILE,0.07928201752182096
6,EDU,0.03029463474378724
2,MSP,0.012484540328280058
5,OWN_RENT,0.008031545454322594
3,RAC1P,0.007155169782456025
4,HOUSING_TYPE,0.0016031854101820793
8,DVET,0.001377731836718588
9,DEYE,7.735330126508108e-05
0,AGEP,0.0
1,SEX,0.0
