,feature,divergence
10,POVPIP,4.7283005570335925
1,AGEP,3.7785714285714285
9,PINCP_DECILE,2.742408863236806
0,PUMA,1.5162383495013723
7,NPF,1.2182234750485899
3,MSP,0.689588527297928
8,OWN_RENT,0.3201629781882343
2,SEX,0.20967487682974184
5,RAC1P,0.18900040391268463
6,NOC,0.18184708128321134
4,HISP,0.11604401807120433
