,AGEP,HISP,MSP,NOC,NPF,OWN_RENT,PINCP_DECILE,POVPIP,PUMA,RAC1P,SEX
0,-0.37712970483181485,0.10413523716016937,-0.3314779708948429,0.5079493510979787,0.47857910572319234,0.19554130976462433,-0.35083815939549595,-0.25103327879987974,0.08098020901853523,0.13530945076501072,0.02815887984840546
1,0.05217897352424499,0.2480768158274551,0.3832195882398834,-0.1230457568613404,-0.24863022882194064,0.5784354225419204,-0.061395644218592435,-0.5542800656460334,-0.05828465728733307,0.2215571200678156,0.11769763512410049
2,-0.4393634691608906,0.31840414482310503,0.2641064334945746,-0.1666864120736703,-0.15586776602492625,-0.30641221380058664,-0.39987663378438215,0.298319130070428,-0.19432893443510912,0.4450536162784239,-0.07160088936239316
3,0.17623700639529066,0.6169614406085169,-0.1017180233639433,-0.018077411561725376,0.08682112931289321,-0.02441199542755959,0.3000068800516131,0.105967316728469,0.603570249980381,0.224638690771698,-0.23129873958020408
4,0.04670494665941559,0.12648154272852138,-0.0004449587316965823,-0.0933406221414938,-0.049240919725062435,-0.19457502251121905,-0.23857217577582154,0.007353049551731496,0.3555128272420105,-0.15737767160475338,0.8512910417539038
