,PUMA,SEX,MSP,HISP,RAC1P,OWN_RENT,INDP_CAT,EDU,PINCP_DECILE
PUMA,1.9984014443252818e-15,0.1904032320291167,-0.23876542040505508,-0.053896573119551414,,0.12415594314946274,-0.2730115641651342,-0.18095994158363266,-0.03280931911274782
SEX,0.1904032320291167,-3.3306690738754696e-15,-0.08204637873171997,0.16865661879650354,,-0.059795430337533734,-0.19096787209592242,-0.020642920828580734,-0.04402573393079873
MSP,-0.23876542040505508,-0.08204637873171997,4.218847493575595e-15,-0.09838083289461924,,-0.15780311307281342,-0.15173010604254888,0.09674680378219075,0.11481730561779627
HISP,-0.053896573119551414,0.16865661879650354,-0.09838083289461924,0.0,,-0.12531468668763343,-0.05994364180390876,0.1147278260927126,0.07445665617157607
RAC1P,,,,,,,,,
OWN_RENT,0.12415594314946274,-0.059795430337533734,-0.15780311307281342,-0.12531468668763343,,3.885780586188048e-15,0.052925650178548195,-0.10680989102342181,-0.022215121728494977
INDP_CAT,-0.2730115641651342,-0.19096787209592242,-0.15173010604254888,-0.05994364180390876,,0.052925650178548195,-2.220446049250313e-15,-0.43718219335983605,-0.11594798204144235
EDU,-0.18095994158363266,-0.020642920828580734,0.09674680378219075,0.1147278260927126,,-0.10680989102342181,-0.43718219335983605,1.887379141862766e-15,-0.09062589035601565
PINCP_DECILE,-0.03280931911274782,-0.04402573393079873,0.11481730561779627,0.07445665617157607,,-0.022215121728494977,-0.11594798204144235,-0.09062589035601565,0.0
