,AGEP,DVET,EDU,HOUSING_TYPE,MSP,OWN_RENT,PINCP_DECILE,RAC1P,SEX
0,-0.5235279923444451,-0.11330048397398573,-0.557799418415277,-0.05393228622651301,-0.2411440375143873,0.12454740422459999,-0.5554133596418105,0.12625067651263103,0.03077048528524437
1,0.022622226640371185,-0.11614040433815889,-0.08366437780575575,0.7126341935240583,0.11347794414364325,-0.6501150015339165,-0.16473139116611704,0.03720913143712219,0.08428944017105462
2,-0.0702668699403356,0.5816628730852504,-0.1087224726864261,0.05504586891624049,-0.2726271015977969,-0.1945936635947859,0.10109980859063555,0.06473817871065582,-0.7178271461811081
3,-0.14877983393719435,-0.020480818581138177,0.058246309194189695,0.09144406801518984,0.5887213556498399,0.20274174332503997,0.020839705121216107,0.7293127685145612,-0.21368666374245335
4,0.18534594678290023,0.29571291973971253,0.0880352715026528,-0.10462339831565928,-0.46983376055561055,-0.16209588463328067,0.021235374862027506,0.616888158643788,0.481127534873213
