,PUMA,SEX,MSP,HISP,RAC1P,OWN_RENT,INDP_CAT,EDU,PINCP_DECILE
PUMA,1.1435297153639112e-14,-0.0269256468604993,0.001112790108998122,-0.04735703553405628,-0.011745216811864799,-0.012429208124817258,-0.021024140201507027,-0.04405949727381192,-0.04328683669690664
SEX,-0.0269256468604993,-2.7755575615628914e-15,-0.0061474256832882495,0.010619184841048127,0.007758110801802794,-0.0016690884674098062,-0.04388305906333274,-0.03892836747419895,0.12892587468499297
MSP,0.001112790108998122,-0.0061474256832882495,0.0,0.025259491062327284,-0.011789697809112008,-0.026767227827048552,-0.26244589060160645,-0.2809470729615224,-0.16436053343512594
HISP,-0.04735703553405628,0.010619184841048127,0.025259491062327284,-8.881784197001252e-15,-0.18069199746107764,-0.07691988972424563,0.04347891973556001,0.155017314652553,0.12641312788507084
RAC1P,-0.011745216811864799,0.007758110801802794,-0.011789697809112008,-0.18069199746107764,-1.0769163338864018e-14,-0.016905374738006122,0.03233418954599246,0.10804236640595608,0.10487910201960264
OWN_RENT,-0.012429208124817258,-0.0016690884674098062,-0.026767227827048552,-0.07691988972424563,-0.016905374738006122,0.0,-0.012529925141685085,0.0585139595299012,0.06089254072658278
INDP_CAT,-0.021024140201507027,-0.04388305906333274,-0.26244589060160645,0.04347891973556001,0.03233418954599246,-0.012529925141685085,0.0,-0.480911137109526,-0.47461547376066954
EDU,-0.04405949727381192,-0.03892836747419895,-0.2809470729615224,0.155017314652553,0.10804236640595608,0.0585139595299012,-0.480911137109526,4.107825191113079e-15,-0.6498165018606544
PINCP_DECILE,-0.04328683669690664,0.12892587468499297,-0.16436053343512594,0.12641312788507084,0.10487910201960264,0.06089254072658278,-0.47461547376066954,-0.6498165018606544,0.0
