,AGEP,DEYE,DVET,EDU,HOUSING_TYPE,MSP,OWN_RENT,PINCP_DECILE,RAC1P,SEX
0,-0.5003671965995966,0.0390001005780114,-0.09147255741886566,-0.571728572058546,0.028571268082506235,-0.2328986609205579,0.06753307375165231,-0.5718403334470051,0.16142351159960214,0.013897306588227333
1,-0.036751302203526084,-0.009456974854132126,-0.020757550366642175,-0.009303160616242902,0.7107583250013608,0.23447166211410733,-0.6402728025062309,-0.11921538103751973,-0.09207325951810737,-0.07245047965053793
2,0.0990117571145167,-0.2779127426599112,0.6235894739239615,-0.16046422730358265,-0.06821032417491375,-0.39253564712295363,-0.14847233213294,0.012234921473096433,-0.24609473311526742,-0.506808989878474
3,-0.11347758108070168,-0.3436023315316944,0.2287526964139022,0.017965216400228412,0.09691595087680106,0.5511477770143672,0.27656242994914604,-0.018082836577404893,0.5527299875731466,-0.3477484030131729
4,0.23737997636267016,-0.7955381192427458,-0.041654714747569696,-0.09690685272827232,0.0031132641869933003,-0.017539553050380144,-0.01847310658804531,-0.16340211137630622,-0.0801824852536887,0.5156119949550843
