,PUMA,SEX,MSP,HISP,RAC1P,OWN_RENT,INDP_CAT,EDU,PINCP_DECILE
PUMA,4.440892098500626e-16,0.006515944296839604,0.026894732682134208,0.06805660203160752,0.20202293438075278,0.005107421902448811,0.025553507764332548,0.09658380820922745,-0.013175198487066228
SEX,0.006515944296839604,-3.774758283725532e-15,-0.047796961183027925,0.06195959024251682,0.004214036274353209,0.026808506400585137,0.059496784637443484,-0.03464796932166883,0.08962092729688957
MSP,0.026894732682134208,-0.047796961183027925,1.1102230246251565e-15,-0.01783095779070714,-0.015770628167989194,0.005664336504626347,-0.0374561871294439,0.07870056650314522,0.03148778213170744
HISP,0.06805660203160752,0.06195959024251682,-0.01783095779070714,8.881784197001252e-16,0.023675343018002476,-0.0668542684041226,0.007866822312517403,0.10518413397227494,0.10197166298403648
RAC1P,0.20202293438075278,0.004214036274353209,-0.015770628167989194,0.023675343018002476,3.774758283725532e-15,0.06271098067242283,-0.0006901270153538974,0.0008394077519183404,0.04920555618229909
OWN_RENT,0.005107421902448811,0.026808506400585137,0.005664336504626347,-0.0668542684041226,0.06271098067242283,0.0,-0.04311143810158767,-0.04376187908672658,-0.12264702653456247
INDP_CAT,0.025553507764332548,0.059496784637443484,-0.0374561871294439,0.007866822312517403,-0.0006901270153538974,-0.04311143810158767,0.0,-0.08031251454637783,0.01005714393832463
EDU,0.09658380820922745,-0.03464796932166883,0.07870056650314522,0.10518413397227494,0.0008394077519183404,-0.04376187908672658,-0.08031251454637783,1.1102230246251565e-16,-0.01895728601608493
PINCP_DECILE,-0.013175198487066228,0.08962092729688957,0.03148778213170744,0.10197166298403648,0.04920555618229909,-0.12264702653456247,0.01005714393832463,-0.01895728601608493,1.5543122344752192e-15
