,PUMA,SEX,MSP,HISP,RAC1P,OWN_RENT,INDP_CAT,EDU,PINCP_DECILE
PUMA,1.1102230246251565e-16,0.013200015321573033,-0.006926552517105762,-0.013932458997209353,0.0006720587168805373,-0.014106744416601664,-0.0016076369241658263,0.004170782094269548,0.008874564664747661
SEX,0.013200015321573033,0.0,-0.04924825250417321,0.0032732284991926364,0.013837478226982985,-0.017986068185523587,-0.0029095675678167746,-0.08024610952765696,0.0555762278849747
MSP,-0.006926552517105762,-0.04924825250417321,-1.1102230246251565e-16,-0.05244381402107255,-0.021006293374837153,0.0023670632058571985,-0.020781439923529987,0.05900182099638693,-0.002692773818777916
HISP,-0.013932458997209355,0.0032732284991926364,-0.05244381402107255,1.1102230246251565e-16,0.01326236277399237,-0.050103360997626654,-0.036242916707052444,0.0026684195385873466,0.008052137974261117
RAC1P,0.000672058716880539,0.013837478226982987,-0.02100629337483715,0.01326236277399237,0.0,-0.03518510956802943,-0.0057824921923525065,0.03798155232839401,0.07911090828025184
OWN_RENT,-0.014106744416601667,-0.017986068185523587,0.0023670632058571967,-0.050103360997626654,-0.03518510956802942,-1.1102230246251565e-16,-0.05804356634656107,0.028270305663907265,0.006782816916624461
INDP_CAT,-0.0016076369241658263,-0.002909567567816778,-0.020781439923530015,-0.03624291670705245,-0.005782492192352508,-0.05804356634656107,-1.1102230246251565e-16,-0.08367960790224482,-0.0014984541137415541
EDU,0.004170782094269548,-0.08024610952765696,0.05900182099638693,0.0026684195385873466,0.037981552328393994,0.028270305663907265,-0.08367960790224482,-1.1102230246251565e-16,-0.012832435494361527
PINCP_DECILE,0.008874564664747661,0.0555762278849747,-0.002692773818777916,0.008052137974261117,0.07911090828025186,0.006782816916624468,-0.0014984541137415541,-0.012832435494361416,0.0
