,PUMA,SEX,MSP,HISP,RAC1P,OWN_RENT,INDP_CAT,EDU,PINCP_DECILE
PUMA,0.0,-0.0026089982784305854,0.10139168699253182,0.01685901246261399,0.12807791240073652,0.09715655786787615,0.022263093834040706,0.07068561136450771,0.028166829753789042
SEX,-0.0026089982784305854,-2.220446049250313e-16,-0.012299010036852893,-0.026270717795903835,0.03484574652190709,0.006585315254126978,6.797133357783897e-05,0.000989083887395343,0.13774196705724637
MSP,0.10139168699253182,-0.012299010036852893,0.0,-0.0028948340406813183,0.015209684690207295,0.18393916253539483,-0.2626519605361005,-0.22371118471334656,-0.07226701423268377
HISP,0.01685901246261399,-0.026270717795903835,-0.0028948340406813183,3.774758283725532e-15,-0.10758994492830265,-0.05106995747722609,0.02997557455297054,0.1014897460231336,0.11274253352148572
RAC1P,0.12807791240073652,0.03484574652190709,0.015209684690207295,-0.10758994492830265,6.772360450213455e-15,-0.04208258162065977,0.044922280141423875,0.05234752400125109,0.08354711532169828
OWN_RENT,0.09715655786787615,0.006585315254126978,0.18393916253539483,-0.05106995747722609,-0.04208258162065977,2.1094237467877974e-15,-0.007084309988212814,-0.04102220202650608,-0.09462548946054938
INDP_CAT,0.022263093834040706,6.797133357783897e-05,-0.2626519605361005,0.02997557455297054,0.044922280141423875,-0.007084309988212814,5.551115123125783e-16,-0.5102015689519741,-0.5100457223988639
EDU,0.07068561136450771,0.000989083887395343,-0.22371118471334656,0.1014897460231336,0.05234752400125109,-0.04102220202650608,-0.5102015689519741,-3.3306690738754696e-15,-0.7382404967120814
PINCP_DECILE,0.028166829753789042,0.13774196705724637,-0.07226701423268377,0.11274253352148572,0.08354711532169828,-0.09462548946054938,-0.5100457223988639,-0.7382404967120814,-1.3322676295501878e-15
