,PUMA,SEX,MSP,HISP,RAC1P,OWN_RENT,INDP_CAT,EDU,PINCP_DECILE
PUMA,2.3314683517128287e-15,-0.0337426614907542,0.04329159951787351,0.009188195729561421,-0.028566037157796466,-0.007715512374809138,0.043969786792417156,-0.0053983612027090205,0.019943309635944095
SEX,-0.0337426614907542,0.0,-0.00692943406945996,-0.05708158082608911,-0.042968166683645795,-0.016382625951116205,0.002908090125716037,0.004889187905969837,-0.011954131616344704
MSP,0.04329159951787351,-0.00692943406945996,-2.220446049250313e-16,-0.02087796348985311,0.014895055519022746,-0.010492545877689871,-0.017102076703947144,-0.025374159430845422,-0.011206105344946676
HISP,0.009188195729561421,-0.05708158082608911,-0.02087796348985311,1.4432899320127035e-15,0.01653516900209645,0.06231133624717208,0.023475672470588196,0.019215370762072345,0.029688001786323595
RAC1P,-0.028566037157796466,-0.042968166683645795,0.014895055519022746,0.01653516900209645,0.0,-0.0011573700517771013,0.015562128633935975,0.007004925207641996,0.011431509749275676
OWN_RENT,-0.007715512374809138,-0.016382625951116205,-0.010492545877689871,0.06231133624717208,-0.0011573700517771013,3.219646771412954e-15,0.021408994739177165,-0.004827973753130363,-0.006978882316301576
INDP_CAT,0.043969786792417156,0.002908090125716037,-0.017102076703947144,0.023475672470588196,0.015562128633935975,0.021408994739177165,3.552713678800501e-15,-0.02051276825904852,-0.005682082528474186
EDU,-0.0053983612027090205,0.004889187905969837,-0.025374159430845422,0.019215370762072345,0.007004925207641996,-0.004827973753130363,-0.02051276825904852,1.2212453270876722e-15,-0.011447919208224633
PINCP_DECILE,0.019943309635944095,-0.011954131616344704,-0.011206105344946676,0.029688001786323595,0.011431509749275676,-0.006978882316301576,-0.005682082528474186,-0.011447919208224633,0.0
