,AGEP,DEYE,DVET,EDU,HOUSING_TYPE,MSP,OWN_RENT,PINCP_DECILE,RAC1P,SEX
0,-0.5003671965995967,0.03900010057801129,-0.09147255741886567,-0.5717285720585455,0.02857126808250514,-0.23289866092055717,0.06753307375165422,-0.5718403334470052,0.1614235115996024,0.013897306588228353
1,-0.03675130220352751,-0.009456974854131932,-0.020757550366643583,-0.009303160616243871,0.7107583250013607,0.23447166211410692,-0.6402728025062306,-0.11921538103752118,-0.09207325951810773,-0.0724504796505383
2,0.09901175711451798,-0.27791274265990307,0.6235894739239592,-0.16046422730358342,-0.06821032417491556,-0.39253564712296407,-0.14847233213294553,0.012234921473095073,-0.24609473311528232,-0.5068089898784643
3,-0.11347758108073115,-0.34360233153158865,0.22875269641392454,0.017965216400240375,0.09691595087679923,0.5511477770143588,0.2765624299491435,-0.01808283657738144,0.5527299875731576,-0.3477484030132535
4,0.23737997636265393,-0.7955381192427934,-0.04165471474753703,-0.0969068527282696,0.0031132641870071365,-0.017539553050300916,-0.01847310658800584,-0.16340211137630906,-0.08018248525361368,0.5156119949550364
