,AGEP,DEAR,DENSITY,DEYE,DPHY,DREM,DVET,EDU,HISP,HOUSING_TYPE,INDP_CAT,MSP,NOC,NPF,OWN_RENT,PINCP,PINCP_DECILE,POVPIP,PUMA,RAC1P,SEX
0,-0.3393417914001703,0.06287730813951252,-0.04070151215842813,0.027422139169857595,-0.27848995621691663,-0.29678138817713495,-0.040796600806156,-0.3712639433800661,0.08819066716203992,-0.06082774491487915,-0.2412034305483901,-0.2269717581584933,0.28806120295199805,0.2524658319692878,0.07046222595437228,0.39935341311788103,-0.34342875700203623,-0.13885349305784714,-0.017930876854770905,0.05824888532599547,-0.00840344228625823
1,0.14788784905656963,-0.24487975229445044,-0.009915354032224547,-0.18001753173745402,-0.3515341760849816,-0.3353343606162408,0.025785399004115136,-0.119845300521459,-0.10949850349723116,0.42869608803114123,-0.2043402829327129,-0.03689013085580244,-0.31071360413333393,-0.3130260891070389,-0.33786525507677234,0.06058601398220425,-0.04984786816511839,0.2790686403084932,-0.010386187630896111,-0.05362164123635236,-0.004476546617100997
2,-0.056096733656911965,0.06970381047718845,0.6888150093518942,0.022771898986695596,-0.07451608019109535,-0.07776366729469454,-0.030805319569731985,0.042465073212548,0.08864883047329751,-0.0043794309397628545,0.033914835647198244,0.00887703913493044,-0.011293139213148624,-0.0587264899683265,0.05531178671851083,0.02828096192537589,0.01690835733449013,0.06511520531485687,0.6837004576192055,0.11821871173037153,0.012944410886498552
3,0.17346584126625586,-0.28502129661548614,0.016018116415179227,-0.2871320238567122,-0.226513961314391,-0.17887340388930897,0.09090229849724457,-0.05208021447704523,0.0040086027657883615,-0.26283032947851737,-0.060551977766847266,0.16609855234134005,-0.1550679637795599,-0.25170574439836907,0.5166723464035295,-0.10724077975411395,-0.025034362919130942,-0.4887416961798744,-0.014543883738178833,-0.020600036556053882,0.07318682062450739
4,-0.1587497563265931,0.12925736616557,-0.035684218630036055,-0.03745642659482283,0.16264372073798372,0.1452191125867917,-0.34077749201514695,-0.1423124128151136,0.3152487130656373,0.34173110360342035,-0.02528699160104427,0.43935026744997635,-0.1016625628417858,-0.17010800677618834,-0.028267202172271008,-0.07993595782618268,-0.3316567829551371,-0.15909302958722898,-0.049492075458449206,0.30172341523234086,0.2939505389193107
