,feature,divergence
8,PINCP_DECILE,3.108399194750969
7,EDU,0.8860179070959578
6,INDP_CAT,0.6269297421818014
2,MSP,0.433496749558542
0,PUMA,0.19593762682019222
5,OWN_RENT,0.13387381004314952
4,RAC1P,0.036794757716076404
1,SEX,0.03324357933183553
3,HISP,0.008637768770732173
