,PUMA,SEX,MSP,HISP,RAC1P,OWN_RENT,INDP_CAT,EDU,PINCP_DECILE
PUMA,0.0,-0.005529441619418964,-0.005974353718476266,-0.019852034165397464,0.029855188551995697,0.03627668811270713,-0.028540841581243655,0.050560333106730145,0.011511447076267913
SEX,-0.005529441619418966,-1.1102230246251565e-16,-0.01899708084227994,-0.007202601660873586,-0.017920504225902092,-0.051835144378545375,0.024594128471559264,-0.018050735758069203,-0.005980206101585436
MSP,-0.005974353718476266,-0.01899708084227994,-2.220446049250313e-16,0.02559848959905789,0.0486481258579429,-0.003575464273460831,-0.14320107885575814,-0.12264826599130735,-0.29716335659477044
HISP,-0.019852034165397464,-0.007202601660873586,0.025598489599057882,2.220446049250313e-16,-0.046157850821278434,-0.03358628313052413,0.006961723055235425,0.08284844720979817,0.04382417437152121
RAC1P,0.02985518855199569,-0.017920504225902092,0.0486481258579429,-0.046157850821278434,0.0,-0.017031646153658486,0.04552392578649432,0.09275797472301595,0.054170289233810454
OWN_RENT,0.03627668811270713,-0.051835144378545375,-0.003575464273460831,-0.03358628313052414,-0.017031646153658486,1.1102230246251565e-16,-0.027896543335888736,0.0356896572974048,0.002534798660664049
INDP_CAT,-0.028540841581243655,0.024594128471559257,-0.14320107885575814,0.006961723055235426,0.04552392578649432,-0.02789654333588873,0.0,-0.3111430506610583,-0.33120130540033144
EDU,0.050560333106730145,-0.018050735758069203,-0.12264826599130732,0.08284844720979817,0.09275797472301595,0.0356896572974048,-0.3111430506610583,-2.220446049250313e-16,-0.4349159153190981
PINCP_DECILE,0.011511447076267915,-0.005980206101585436,-0.29716335659477044,0.04382417437152121,0.054170289233810454,0.0025347986606640525,-0.33120130540033144,-0.4349159153190981,0.0
