,AGEP,DEAR,DENSITY,DEYE,DPHY,DREM,DVET,EDU,HISP,HOUSING_TYPE,INDP_CAT,MSP,NOC,NPF,OWN_RENT,PINCP,PINCP_DECILE,POVPIP,PUMA,RAC1P,SEX
0,-0.30435631046068357,0.034695221500182165,-0.02271404199580499,0.019934479347692033,-0.30517256716401187,-0.31343263182357967,-0.024172053436935945,-0.37160083289693197,0.03316165477533156,-0.07935243822030034,-0.2588314978577808,-0.2539760956439602,0.293862675312096,0.24417545198998672,0.04645243790421419,0.4202701883769199,-0.3232876653974549,-0.05896654353419049,0.018941714653271716,0.0562139320187784,-0.006460400509764457
1,-0.04806030113477566,-0.08143563589321269,0.03332509318201517,-0.09953307769697484,-0.18934594488420772,-0.1996786867906775,0.003374406130912262,-0.1669438954767047,0.020140743525137384,0.542955900466884,-0.12636074283496368,0.2019072345237676,-0.3091775480287574,-0.31949068593591695,-0.40489283792616265,0.0211910449893368,-0.21375888284446481,0.3310200271559842,-0.07342585995250543,0.007964937180253873,0.041489333878033434
2,0.35692690074023803,-0.39653541302094497,0.0006377157089103788,-0.2966774736296394,-0.29301681059143625,-0.24994751252654568,0.14699665282887162,-0.0774625579360732,-0.08903570064588327,-0.19419964852918783,-0.2223441308703973,0.006163691974526833,-0.22299713469517662,-0.2614850849651689,0.2851705775158151,-0.06474144342764068,0.0064400606396013,-0.3397194539952157,0.09452345520228476,-0.1669738743074903,0.020160899235820873
3,-0.1814114660674304,0.15835774572687034,0.3522671430286724,0.09020775459676864,0.03207753423808964,0.011756287150252329,-0.13881199546337047,-0.08290236229038547,0.3147171707888854,0.018060964594495004,0.059534356876855696,0.3461998973024221,-0.09082772416124729,-0.23125283575368713,0.36453768053407326,-0.022153613779057876,-0.20176199329387923,-0.33557873487350975,-0.3133370000825609,0.29578971136234306,0.16001218585204585
4,0.09767057711742018,-0.3341381547098149,0.3712780032371297,-0.22661182712712097,0.08926095281748826,0.11394578330672257,0.30990148727099626,0.06659224767706404,0.2045964661283284,0.01985004706787533,-0.13963311340851722,-0.24526727345991653,0.08933900402076839,0.12567430203433788,-0.04660197556795932,0.05087495015706424,0.0990790300832379,0.17988982697281675,-0.40688334281055427,0.3179897478074139,-0.3299940098175518
