,AGEP,DEAR,DEYE,DPHY,DREM,DVET,EDU,HISP,HOUSING_TYPE,INDP,INDP_CAT,MSP,NOC,NPF,OWN_RENT,PINCP,PINCP_DECILE,POVPIP,PUMA,PWGTP,RAC1P,SEX,WGTP
0,-0.3100061858856229,0.050001197870665655,0.019694567506548886,-0.26099978019607806,-0.27663453342107874,-0.03670641814218269,-0.35695779775459696,0.08409516357480479,-0.05347553282903948,-0.27503923498587435,-0.27302051294305124,-0.21290275385950405,0.2660927280733475,0.22741801975480497,0.0668682476849258,0.3800776313221359,-0.3321528684794108,-0.13342057800205814,-0.005358437489791807,0.09734725183133364,0.05455367691718747,-0.010766597089507644,0.09984953077916851
1,-0.15214580902576214,0.17667281615386884,0.11488917838064298,0.2015763391497794,0.18581452366137535,-0.01135064779124979,0.07935642154573756,0.1294051499754621,-0.31165714862999455,0.2504325116101062,0.2531793973404588,0.07850869785496786,0.22679280543550828,0.2159144262818524,0.2999159310567994,-0.06506546924940093,0.05827259773968641,-0.22162421943996286,0.07802532432094174,0.40633661360958667,0.07508252264433052,0.0034630455721497712,0.4270830271086106
2,0.18614718251471327,-0.2592039426398242,-0.22541767644183586,-0.14037578828926184,-0.11287445207067534,0.05487328196232459,-0.04381740707517626,0.04429169857325193,0.1689874661439896,-0.21979973804383746,-0.21694089811211487,0.18241433650339917,-0.26835695576346613,-0.33996706720127406,0.04971372407842841,-0.10327632579407062,-0.011875742485626672,-0.052248498319252254,0.13957624517435638,0.47332352894314234,0.028223189082686916,0.0023275158285066136,0.4504258750265854
3,-0.20579348127026886,0.16562152557135557,0.11918878449890093,-0.34675229155314796,-0.37944053873430916,-0.03962175305911905,-0.03633908006115891,0.07760416795887237,0.28258331815906235,0.3765324358897848,0.37850225506748125,0.018544765746132813,-0.060064426013851833,-0.021355018262173696,-0.2474561113298063,0.04469672784409785,0.08354706556783026,0.3558192931161383,0.1657195693106146,0.14444934091546305,0.12892394391924633,-0.03982287382405077,0.101144505811565
4,-0.1104228280342303,0.172650060037759,0.1442057751762474,0.41788748242209445,0.38221856665355225,-0.1666231229773289,-0.003232122472731379,0.1453717029092108,0.35052879964581246,-0.2000171803625726,-0.19700521019423634,0.05332472669630933,0.07757196151120066,0.10219051437304624,-0.4253847724101182,0.03565640197470969,-0.14375310328679777,0.28991406635560646,0.07768253979125563,0.15447192456241393,0.12416305479458842,0.024034337684302704,0.11728023721898999
