,feature,divergence
1,AGEP,0.5285110722610723
0,PUMA,0.2989643950415227
9,PINCP_DECILE,0.11555128900103545
10,POVPIP,0.09427558394837462
7,NPF,0.049889615721595254
3,MSP,0.02308622056289058
5,RAC1P,0.022458368114926665
6,NOC,0.019171210568172326
2,SEX,0.010719629522980112
8,OWN_RENT,0.00977534858670484
4,HISP,0.0033288319840510754
11,DEYE,0.00038664998406695225
