,feature,divergence
9,PINCP_DECILE,2.4921638655462193
10,POVPIP,1.0154732521918255
1,AGEP,0.9185498589679774
5,RAC1P,0.48950030238624404
3,MSP,0.4869843556230581
8,OWN_RENT,0.2103542495906761
7,NPF,0.1118175012618165
0,PUMA,0.04928285413052447
2,SEX,0.0383150627195582
6,NOC,0.019115821677387918
4,HISP,0.00373250434235983
