,AGEP,DEYE,HISP,MSP,NOC,NPF,OWN_RENT,PINCP_DECILE,POVPIP,PUMA,RAC1P,SEX
0,-0.4628491606302892,0.07315148085400747,0.1710232891078231,-0.23505908513614954,0.48444048834535436,0.44944576837523437,0.1513872367441359,-0.40095631188216496,-0.25178303585568484,-0.012839000052199966,0.1094491001409925,0.0033149503493580187
1,0.044944348930802645,-0.1525319035077695,0.1776709553807108,0.3980026121217543,-0.13225403149673504,-0.2746654115882651,0.5667211718828421,-0.10050879647976414,-0.5603120014666048,0.0025159026712674266,0.1366157644058097,0.1670751879596053
2,-0.11163374314216057,0.14057025060753506,0.5481060903060136,0.17019105035438553,-0.0853506218263571,-0.07645478895234152,-0.16779926937614859,0.06095908271294327,0.21778723647189152,0.3148004158555462,0.6344714360772841,-0.21048842919696945
3,-0.02879432533534171,-0.3029446971176362,0.07487542606291404,-0.014473375000577993,-0.12003109293574751,-0.08447836649432972,-0.3637680193087723,-0.3909720158971668,0.12195901207307641,-0.027279736815287912,0.13635799332492415,0.7487573408863523
4,0.08955974344879261,-0.4485627897791894,0.16996840019313342,-0.027759892226614666,-0.004514239518560587,0.06353431720790995,-0.14502420475339714,0.03637550834592468,-0.05541007514551607,-0.7636142816673134,0.2383919997621216,-0.302804604919513
