,AGEP,DEYE,DVET,EDU,HOUSING_TYPE,MSP,OWN_RENT,PINCP_DECILE,RAC1P,SEX
0,-0.5003671965995967,0.03900010057801229,-0.09147255741886658,-0.5717285720585454,0.02857126808250557,-0.23289866092055778,0.06753307375165296,-0.5718403334470052,0.16142351159960236,0.013897306588228478
1,-0.036751302203526834,-0.00945697485413137,-0.020757550366644638,-0.00930316061624313,0.7107583250013612,0.234471662114107,-0.6402728025062312,-0.11921538103751986,-0.09207325951810756,-0.07245047965053787
2,0.09901175711451632,-0.27791274265990384,0.6235894739239637,-0.16046422730358326,-0.06821032417491348,-0.3925356471229569,-0.1484723321329432,0.012234921473094712,-0.24609473311527336,-0.5068089898784686
3,-0.11347758108070567,-0.34360233153167713,0.2287526964139127,0.01796521640022969,0.09691595087680087,0.5511477770143622,0.2765624299491423,-0.018082836577401923,0.55272998757315,-0.3477484030131869
4,0.237379976362667,-0.7955381192427533,-0.04165471474756084,-0.09690685272827243,0.003113264186996173,-0.017539553050367085,-0.018473106588038496,-0.16340211137630722,-0.08018248525367758,0.5156119949550761
