,PUMA,SEX,MSP,HISP,RAC1P,OWN_RENT,INDP_CAT,EDU,PINCP_DECILE
PUMA,0.0,0.009390185132019014,0.06325882435868983,-0.09620921677571823,0.08982863875419338,0.010558994605502702,-0.014558616003091877,0.06976062189833827,8.651940844990949e-05
SEX,0.009390185132019014,0.0,-0.004639312104542572,0.0038529713926108745,-0.01837340741619083,-0.03242898768364315,-0.03906533770016834,-0.029542407713057404,0.059795435340140646
MSP,0.06325882435868983,-0.004639312104542572,0.0,0.007856960169433552,-0.045083825126007344,-0.027874600205317165,-0.23746245537815414,-0.18017423698465015,-0.14984910777345747
HISP,-0.09620921677571823,0.0038529713926108745,0.007856960169433552,2.220446049250313e-16,-0.06205253861356947,-0.11522810757531485,0.007158232786941938,0.1389806022935227,0.09496202203740946
RAC1P,0.08982863875419338,-0.01837340741619083,-0.045083825126007344,-0.06205253861356947,0.0,-0.13121127641286334,0.048424936252339214,0.14666988142683388,0.14031489297761035
OWN_RENT,0.010558994605502702,-0.03242898768364315,-0.027874600205317165,-0.11522810757531486,-0.13121127641286334,0.0,-0.07081561124564638,0.03659431674774348,0.027343719124435933
INDP_CAT,-0.014558616003091877,-0.03906533770016834,-0.23746245537815414,0.007158232786941938,0.048424936252339214,-0.07081561124564638,-2.220446049250313e-16,-0.37566149573680524,-0.37756834438946224
EDU,0.06976062189833827,-0.029542407713057404,-0.18017423698465013,0.1389806022935227,0.14666988142683388,0.03659431674774348,-0.37566149573680524,0.0,-0.558049301209436
PINCP_DECILE,8.651940844991123e-05,0.059795435340140646,-0.14984910777345747,0.09496202203740946,0.14031489297761035,0.027343719124435936,-0.37756834438946224,-0.558049301209436,0.0
