,AGEP,DEYE,DVET,EDU,HOUSING_TYPE,MSP,OWN_RENT,PINCP_DECILE,RAC1P,SEX
0,-0.502844729240617,0.043012204491294725,-0.07175908242364303,-0.5679702824416619,0.15157002341313836,-0.14873136663161884,-0.08761200318303071,-0.5866974558755629,0.13573808015826014,0.046351216136845175
1,0.08304591705250124,-0.10230268734180548,-0.019075772037854353,0.11162185388090856,0.6716988815264686,0.39456449129251847,-0.5978167220009157,-0.02294975112682411,-0.028007983581811537,0.06525117564494187
2,-0.13513795045846677,0.26064593837090966,0.49819505834565,-0.00603801914196761,0.09158676751919409,-0.06551219753832661,-0.11924577457641035,0.13773881465730403,0.2536920988164846,-0.7452083295905199
3,0.22223680784030542,-0.6550436193785748,0.44402949102178224,-0.2143890730598374,-0.02747864694178445,-0.2593302376221307,-0.10001161192989885,-0.11685032394867606,-0.42037880580729114,-0.10010936582186541
4,0.018644768478138347,-0.4635525169019119,0.2676442887071506,0.06380068629860641,-0.003217298954142647,0.25228501745896975,0.23686945384443964,-0.05798365639618225,0.7405275973679917,0.1938014389742559
