,feature,divergence
0,PUMA,8.054433576480992
6,INDP_CAT,0.423614633437415
4,RAC1P,0.18429917648468352
8,PINCP_DECILE,0.12353366659156789
7,EDU,0.076732112404571
2,MSP,0.049716538864593596
5,OWN_RENT,0.030924771704502307
3,HISP,0.0061503502895332495
1,SEX,0.0012468670988019515
