,feature,divergence
1,AGEP,5.2533588612336635
9,PINCP_DECILE,3.997411666154017
7,NPF,0.9682262203918544
3,MSP,0.5731224984497434
10,POVPIP,0.5285186169134963
6,NOC,0.48864054665470624
5,RAC1P,0.05333727129903385
0,PUMA,0.052318813530228825
8,OWN_RENT,0.04218871616589702
2,SEX,0.03960153402124811
4,HISP,0.010493343610012595
