,AGEP,DEYE,DVET,EDU,HOUSING_TYPE,MSP,OWN_RENT,PINCP_DECILE,RAC1P,SEX
0,-0.5003671965995966,0.03900010057801051,-0.09147255741886524,-0.571728572058546,0.028571268082507054,-0.23289866092055633,0.06753307375165227,-0.5718403334470059,0.16142351159960294,0.013897306588228013
1,-0.03675130220352579,-0.009456974854131408,-0.020757550366643472,-0.009303160616241717,0.7107583250013616,0.23447166211410717,-0.640272802506231,-0.11921538103751836,-0.09207325951810684,-0.07245047965053798
2,0.09901175711451744,-0.2779127426599214,0.6235894739239662,-0.16046422730358376,-0.0682103241749124,-0.3925356471229469,-0.1484723321329378,0.012234921473092186,-0.24609473311526658,-0.5068089898784668
3,-0.11347758108069944,-0.34360233153169834,0.22875269641389895,0.017965216400230716,0.09691595087680097,0.5511477770143698,0.27656242994914576,-0.01808283657740617,0.5527299875731493,-0.34774840301316456
4,0.23737997636267,-0.7955381192427381,-0.041654714747575525,-0.09690685272826999,0.0031132641869945493,-0.017539553050377826,-0.018473106588045615,-0.16340211137630628,-0.08018248525369022,0.5156119949550947
