,AGEP,DEYE,DVET,EDU,HOUSING_TYPE,MSP,OWN_RENT,PINCP_DECILE,RAC1P,SEX
0,-0.5003671965995967,0.0390001005780114,-0.09147255741886563,-0.5717285720585461,0.028571268082507636,-0.23289866092055606,0.06753307375165209,-0.5718403334470064,0.16142351159960217,0.013897306588227742
1,-0.03675130220352602,-0.009456974854131047,-0.02075755036664409,-0.009303160616241429,0.7107583250013617,0.2344716621141079,-0.6402728025062309,-0.11921538103751812,-0.09207325951810678,-0.07245047965053811
2,0.09901175711451762,-0.27791274265990834,0.6235894739239668,-0.16046422730358428,-0.068210324174913,-0.39253564712295624,-0.14847233213294303,0.012234921473094629,-0.2460947331152724,-0.506808989878464
3,-0.11347758108073554,-0.343602331531574,0.22875269641391519,0.017965216400243428,0.09691595087679987,0.5511477770143648,0.27656242994914604,-0.018082836577378664,0.5527299875731614,-0.3477484030132548
4,0.23737997636265187,-0.795538119242799,-0.04165471474753976,-0.09690685272826904,0.003113264187009232,-0.01753955305029206,-0.018473106588002428,-0.16340211137630906,-0.08018248525360644,0.51561199495503
