,feature,divergence
0,AGEP,0.44838568260353817
6,EDU,0.055866297136138415
7,PINCP_DECILE,0.03430492877985439
2,MSP,0.007684774373277459
3,RAC1P,0.006329474816283563
8,DVET,0.003076464582435965
1,SEX,0.002489758532878361
5,OWN_RENT,0.000884695219063536
4,HOUSING_TYPE,0.0
