,feature,divergence
0,AGEP,0.40264376108455824
7,PINCP_DECILE,0.1023768636429806
6,EDU,0.08392221184829393
5,OWN_RENT,0.020800428439998714
2,MSP,0.01378011026261139
3,RAC1P,0.008880934940476615
1,SEX,0.005414676260927953
4,HOUSING_TYPE,0.002529273031849043
8,DVET,0.001486853416545469
9,DEYE,0.0010432870395418806
