,feature,divergence
0,AGEP,6.082117195302879
7,PINCP_DECILE,1.889124285766041
6,EDU,1.336033475917244
2,MSP,0.5390279951312815
3,RAC1P,0.1618190986750046
5,OWN_RENT,0.1418474901605248
4,HOUSING_TYPE,0.024972375690607736
1,SEX,0.023139279635649435
8,DVET,0.01945268710847346
