,AGEP,DEAR,DENSITY,DEYE,DPHY,DREM,DVET,EDU,HISP,HOUSING_TYPE,INDP_CAT,MSP,NOC,NPF,OWN_RENT,PINCP,PINCP_DECILE,POVPIP,PUMA,RAC1P,SEX
0,-0.28776915434059536,0.031249299343462,-0.04877555801387809,0.009460851138094042,-0.2924653578034367,-0.3062732711121993,-0.027543403875093644,-0.36656230032250214,0.0427855066584228,-0.09323593203766883,-0.24374086133620632,-0.26795268384448306,0.298320084095433,0.2706250050380843,0.07654854342578728,0.4040464498010282,-0.32007787313201436,-0.13116234013122405,0.04670896272990959,0.06606484387261266,0.0007142025323904341
1,-0.057297305911799795,-0.07215738633098293,-0.03593682102030007,-0.04957122024262924,-0.20175031139684713,-0.20544707827019956,0.003018639103279767,-0.13901645841824545,-0.06828465885975027,0.5404661732445903,-0.20098416290295923,0.07427107498341871,-0.27649198620829024,-0.2466643880312679,-0.46815194961414336,0.06557999729086597,-0.16053627556632494,0.38003646793640455,-0.0609556340025082,-0.06301962334265682,-0.06475405976620907
2,0.2432469115090284,-0.1933961613803131,-0.47965038583634856,-0.06632625155002479,-0.008762227007115583,0.009701016978902868,0.17323464120275855,0.09740319450155659,-0.32820145442205234,-0.14349596494649144,-0.05769385912216543,-0.3647866693342408,0.12632711935517935,0.20411624996934039,-0.25090973436407377,0.01707785323312773,0.2129117951599151,0.13603746425683927,0.23654342624046773,-0.34211840226916834,-0.08298649584975837
3,0.2887106319970453,-0.4344810601318327,0.00891715906379062,-0.4194388660854057,-0.30997463788958024,-0.2603660955817839,0.15093880508899837,-0.08741069113635366,-0.008269430774428483,-0.15958766251918843,-0.1430238895066171,0.12152329061935979,-0.2200455752041692,-0.26024622795406743,0.24743916735357982,-0.10867191341522613,-0.021121859925009423,-0.3257225402980588,-0.008657099078245375,-0.03157226661332502,0.0029463007293725196
4,-0.016690072939622387,-0.1752964156541189,-0.2970151601174364,-0.1876479538212191,0.43690910921473336,0.4415039281959192,-0.03015901927431185,-0.20139338416845606,0.12423172314442184,0.14539399354385737,-0.28727439237518754,0.17157400890743515,0.02824900274407892,0.030414366133903237,-0.09970728702040178,-0.04227752968351656,-0.3829343445566207,-0.2507116336912304,0.20760076851694625,0.05128785287383427,0.03264989950298211
