,feature,divergence
7,EDU,3.988892248280412
6,INDP_CAT,2.548686712076555
8,PINCP_DECILE,2.2048852800174847
4,RAC1P,1.1636876298724819
2,MSP,0.6433288013292487
5,OWN_RENT,0.25896050005560073
0,PUMA,0.18475155585127856
1,SEX,0.04436130460418408
3,HISP,0.0033085184244880435
