,feature,divergence
0,AGEP,0.21045970749696186
7,PINCP_DECILE,0.04429785330948127
6,EDU,0.017887062878144802
2,MSP,0.0069198896193215925
3,RAC1P,0.0031951037250410007
8,DVET,0.002254055854957393
4,HOUSING_TYPE,0.00027929060187124877
1,SEX,0.0
5,OWN_RENT,0.0
