,PUMA,SEX,MSP,HISP,RAC1P,OWN_RENT,INDP_CAT,EDU,PINCP_DECILE
PUMA,0.0,-0.02728291710508611,-0.017468991860967453,-0.0685645547469311,-0.3060882035647215,-0.09613453282971512,0.011960431941776015,-0.013975838293779956,0.014360288153020168
SEX,-0.027282917105086103,1.1102230246251565e-16,-0.011422500932923216,-0.004672070590222385,-0.10356691217059473,-0.07133113721166995,0.08023427070445471,0.012699430666366921,-0.029813451543624664
MSP,-0.017468991860967446,-0.011422500932923216,0.0,0.020000719870448852,-0.0015675645346548937,0.003829457480592685,0.02830270032842966,0.0207187462295505,-0.08253297629155919
HISP,-0.0685645547469311,-0.004672070590222378,0.020000719870448852,0.0,0.04505790143167854,0.002048815839155567,-0.0021555105030447597,0.05132031849131702,0.03649360956704027
RAC1P,-0.3060882035647215,-0.10356691217059473,-0.0015675645346548903,0.04505790143167854,0.0,0.1182635410164781,-0.05309289079034226,0.010091663228480104,0.021459392317094005
OWN_RENT,-0.09613453282971512,-0.07133113721166993,0.0038294574805926886,0.002048815839155567,0.1182635410164781,0.0,0.0009893925993239502,-0.009176966795859992,0.023092451149400943
INDP_CAT,0.011960431941776015,0.08023427070445471,0.028302700328429686,-0.0021555105030447597,-0.05309289079034226,0.0009893925993239485,0.0,0.06281472888409367,-0.030985598607033205
EDU,-0.013975838293779956,0.012699430666366921,0.020718746229550528,0.051320318491317005,0.0100916632284801,-0.009176966795859994,0.06281472888409373,0.0,0.09286134443630312
PINCP_DECILE,0.01436028815302017,-0.029813451543624664,-0.08253297629155917,0.03649360956704027,0.02145939231709401,0.02309245114940095,-0.030985598607033205,0.092861344436303,0.0
