,feature,divergence
7,EDU,4.6248906705539365
8,PINCP_DECILE,4.400292896880456
2,MSP,2.2732230660843435
6,INDP_CAT,1.4507931109410575
0,PUMA,1.2260120177103098
5,OWN_RENT,0.21647552444337992
4,RAC1P,0.18452304941897588
3,HISP,0.14397128622457672
1,SEX,0.13099959032629227
