,PUMA,SEX,MSP,HISP,RAC1P,OWN_RENT,INDP_CAT,EDU,PINCP_DECILE
PUMA,1.1102230246251565e-16,-0.002012373298458279,-0.0026369355604864584,-0.0013719385472197795,-0.0026512479218587064,-0.005651921059577167,-0.0003720225640683021,-0.004115025872796892,-0.0004865228565144146
SEX,-0.002012373298458279,0.0,-0.004058962062230258,0.005389496210783288,-0.0023794944858451144,0.0014117408601936332,-0.00781453049794019,-0.004586253119051007,0.011305425736586106
MSP,-0.0026369355604864584,-0.004058962062230258,0.0,0.013498098587238352,-0.00457760726603978,0.0015182134415513589,-0.053155535166645784,-0.054581877396318285,-0.038456360448666155
HISP,-0.0013719385472197813,0.005389496210783288,0.013498098587238352,1.1102230246251565e-16,-0.03810795833111843,-0.024607528821869083,0.00097742288010675,0.03900738687421598,0.02560831854933608
RAC1P,-0.0026512479218587064,-0.0023794944858451152,-0.0045776072660397744,-0.03810795833111843,0.0,-0.0070765950205268005,-0.0006453700352532406,0.005482632499845035,0.024756392028428192
OWN_RENT,-0.00565192105957717,0.0014117408601936315,0.0015182134415513589,-0.024607528821869083,-0.007076595020526794,-1.1102230246251565e-16,-0.01392620911360578,0.022442568291062052,0.021688537130639174
INDP_CAT,-0.0003720225640683021,-0.007814530497940186,-0.053155535166645784,0.000977422880106743,-0.0006453700352532423,-0.01392620911360578,0.0,-0.08810009063337565,-0.07379633551874704
EDU,-0.004115025872796899,-0.004586253119051007,-0.054581877396318285,0.039007386874215955,0.005482632499845021,0.022442568291062052,-0.0881000906333757,0.0,-0.12863060080276761
PINCP_DECILE,-0.0004865228565144146,0.011305425736586106,-0.03845636044866618,0.02560831854933608,0.024756392028428206,0.02168853713063918,-0.07379633551874704,-0.12863060080276756,0.0
