,PUMA,SEX,MSP,HISP,RAC1P,OWN_RENT,INDP_CAT,EDU,PINCP_DECILE
PUMA,2.7755575615628914e-15,0.007413725277310711,-0.0036953515566599676,0.04057575789644556,0.0023385509074010102,-0.006160652826003001,0.0020656137201863775,0.03127054749456076,-0.034031264640794076
SEX,0.007413725277310711,0.0,-0.026823081120606156,0.004678583152826325,0.018204465271624132,0.017980131976867562,0.002517149624338584,-0.0660989769476685,0.08350519739163344
MSP,-0.0036953515566599676,-0.026823081120606156,0.0,-0.015286755623139043,0.022229852081396988,0.0019204004810913639,-0.05273122513691916,0.05064774584982562,-0.0033710479917216235
HISP,0.04057575789644556,0.004678583152826325,-0.015286755623139043,-8.881784197001252e-16,-0.002975047298071465,-0.05180150133049865,-0.004629803156407562,0.09516867230191783,0.104038646629368
RAC1P,0.0023385509074010102,0.018204465271624132,0.022229852081396988,-0.002975047298071465,0.0,-0.04200365931490138,0.03652336760994407,0.05582794374914106,0.09996362515637038
OWN_RENT,-0.006160652826003001,0.017980131976867562,0.0019204004810913639,-0.05180150133049865,-0.04200365931490138,-2.7755575615628914e-15,-0.019448463517259033,-0.031031670751404596,-0.07131449054363288
INDP_CAT,0.0020656137201863775,0.002517149624338584,-0.05273122513691916,-0.004629803156407562,0.03652336760994407,-0.019448463517259033,3.6637359812630166e-15,-0.09041436670917752,-0.0005955295513731529
EDU,0.03127054749456076,-0.0660989769476685,0.05064774584982562,0.09516867230191783,0.05582794374914106,-0.031031670751404596,-0.09041436670917752,0.0,-0.010915424403757368
PINCP_DECILE,-0.034031264640794076,0.08350519739163344,-0.0033710479917216235,0.104038646629368,0.09996362515637038,-0.07131449054363288,-0.0005955295513731529,-0.010915424403757368,-7.771561172376096e-16
