,AGEP,DEYE,DVET,EDU,HOUSING_TYPE,MSP,OWN_RENT,PINCP_DECILE,RAC1P,SEX
0,-0.525161597083285,0.06525346816091626,-0.1125905902335182,-0.5549528123126449,-0.058939223917407156,-0.24157157887476607,0.1259937301748026,-0.5520087567508632,0.12658595063201172,0.02924494200067497
1,0.028117658417163228,-0.18658641777119228,-0.11718581844773049,-0.09819642367101053,0.7053995999603058,0.11063300778624266,-0.6234402039734329,-0.18005310148012738,0.030951825962069923,0.09558646071481307
2,-0.0813493804321331,0.16780383264888488,0.552986724991765,-0.09293384395818144,0.0783376158547256,-0.25478598948784154,-0.23597543652255365,0.10915704418016142,0.08570655941929232,-0.7104893883239491
3,-0.15479221705588952,0.3132249273013619,-0.11734411123309314,0.09253546874419216,0.09949165121325353,0.561790954096982,0.11943281341259265,0.038713914057828064,0.7010062049706086,-0.15138273614990144
4,-0.005050879427426416,-0.8560167110688459,0.2659565134223702,-0.0843985963847309,0.016422403453307657,0.22538144922975573,0.2840210781056715,-0.06826570574970203,0.1779470192276094,-0.14592489455366403
