,EDU,HISP,INDP_CAT,MSP,OWN_RENT,PINCP_DECILE,PUMA,RAC1P,SEX
0,-0.5711275826037834,0.09765649436928048,-0.5004442530985017,-0.2982862216892404,0.00436282562450236,-0.553574600204851,0.05716361394535656,0.12286875986066803,0.0053934997282119555
1,-0.025747737539155473,0.586234444740892,0.20355365568546924,0.20483595690526296,0.49800452564232056,-0.0332672892797688,0.03571805441058103,0.550522996080335,0.13714153676526755
2,-0.02738764377907732,0.2879531448740147,0.10222790078216767,-0.23418829899428478,-0.028306563639928187,0.14753638134549568,0.86079353230399,-0.23521682401784144,-0.17938086664464756
3,-0.01128999682738039,0.12662160088742994,-0.09007063761035379,0.08884907473649095,-0.1513637270699987,0.09636782792189781,-0.15395168477612242,0.24738566200910714,-0.9223524842354354
4,0.04110511941977972,0.3404424175276354,-0.014689687027022141,0.3471448576965211,-0.8096861230088356,-0.11316330943767013,0.07429342428192731,0.17733010918458433,0.23732036883592322
