,AGEP,HISP,MSP,NOC,NPF,OWN_RENT,PINCP_DECILE,POVPIP,PUMA,RAC1P,SEX
0,-0.377129704831815,0.10413523716016881,-0.3314779708948436,0.5079493510979788,0.4785791057231928,0.19554130976462425,-0.3508381593954959,-0.251033278799879,0.08098020901853577,0.1353094507650098,0.028158879848405496
1,0.0521789735242453,0.24807681582745417,0.38321958823988256,-0.12304575686133953,-0.24863022882194008,0.5784354225419219,-0.061395644218592546,-0.5542800656460348,-0.058284657287331725,0.22155712006781522,0.11769763512410122
2,-0.4393634691608935,0.3184041448230968,0.2641064334945774,-0.16668641207367058,-0.15586776602492827,-0.30641221380058475,-0.399876633784386,0.2983191300704252,-0.1943289344351143,0.44505361627842366,-0.07160088936239162
3,0.17623700639528822,0.6169614406085232,-0.10171802336394131,-0.018077411561728707,0.08682112931289093,-0.0244119954275666,0.30000688005160536,0.10596731672847311,0.6035702499803849,0.22463869077170157,-0.23129873958018543
4,0.04670494665940976,0.12648154272851028,-0.0004449587316931389,-0.0933406221414941,-0.049240919725065654,-0.19457502251122002,-0.2385721757758307,0.0073530495517287065,0.355512827242,-0.15737767160476332,0.8512910417539059
