,feature,divergence
8,PINCP_DECILE,5.266131597043149
7,EDU,3.668857671055934
2,MSP,2.0659978557095875
6,INDP_CAT,1.5577993205408172
0,PUMA,0.6288378120077749
5,OWN_RENT,0.25668028766729145
1,SEX,0.16430124350184838
4,RAC1P,0.0985840583808585
3,HISP,0.04403719912472648
