,AGEP,SEX,MSP,RAC1P,HOUSING_TYPE,OWN_RENT,EDU,PINCP_DECILE,DVET
AGEP,0.0,-0.039571719038818697,-0.0054084266816899,0.02055594546967844,0.02917137919833689,0.041612016475717134,-0.035474861034818284,-0.010757447604014148,-0.06373325850476158
SEX,-0.0395717190388187,0.0,0.024667914785163777,-0.014325750363453413,0.05136929393974703,-0.0299428551282189,-0.0688993366514569,0.0015764279700996586,0.10036954705539307
MSP,-0.0054084266816899,0.024667914785163777,0.0,-0.07902147067265816,-0.0026297664561638345,0.0004424055900974222,0.06023072720405931,0.05047393110802803,0.00235978867917213
RAC1P,0.020555945469678455,-0.014325750363453413,-0.07902147067265816,0.0,0.004000729959313554,-0.1390765759183983,0.0012457818053817904,0.04466539271989739,0.017021147650384982
HOUSING_TYPE,0.029171379198336896,0.05136929393974703,-0.0026297664561638068,0.004000729959313554,0.0,0.0017993134607794392,0.061742547359277304,0.13052380777342876,0.01887094446868493
OWN_RENT,0.04161201647571712,-0.0299428551282189,0.0004424055900974222,-0.1390765759183983,0.0017993134607793282,1.1102230246251565e-16,0.011081527465286786,-0.011770290102224815,0.005157718218192458
EDU,-0.035474861034818395,-0.06889933665145691,0.06023072720405934,0.0012457818053817904,0.061742547359277304,0.011081527465286786,0.0,-0.0027986330859353092,-0.03665971058416482
PINCP_DECILE,-0.010757447604014148,0.0015764279700996586,0.05047393110802803,0.04466539271989739,0.13052380777342878,-0.011770290102224811,-0.0027986330859353092,-2.220446049250313e-16,-0.06693217217089951
DVET,-0.06373325850476158,0.10036954705539308,0.00235978867917213,0.01702114765038498,0.01887094446868493,0.005157718218192458,-0.036659710584164826,-0.06693217217089951,-1.1102230246251565e-16
