,EDU,HISP,INDP_CAT,MSP,OWN_RENT,PINCP_DECILE,PUMA,RAC1P,SEX
0,-0.5711275826037827,0.09765649436928103,-0.500444253098502,-0.29828622168924224,0.004362825624502888,-0.5535746002048512,0.057163613945356496,0.12286875986066868,0.005393499728212101
1,-0.0257477375391551,0.5862344447408911,0.20355365568546963,0.20483595690526338,0.49800452564231906,-0.03326728927976924,0.03571805441058049,0.5505229960803346,0.137141536765268
2,-0.0273876437790781,0.2879531448740134,0.10222790078216765,-0.23418829899428134,-0.028306563639925626,0.14753638134549485,0.8607935323039911,-0.2352168240178413,-0.17938086664465078
3,-0.011289996827381098,0.12662160088742933,-0.09007063761035414,0.08884907473649212,-0.15136372706999499,0.09636782792189713,-0.1539516847761252,0.24738566200910525,-0.9223524842354361
4,0.041105119419781226,0.3404424175276375,-0.01468968702702328,0.3471448576965139,-0.8096861230088386,-0.11316330943766732,0.07429342428192705,0.1773301091845874,0.23732036883592045
