,feature,divergence
6,EDU,0.0720726042528135
2,MSP,0.018964798803087282
3,RAC1P,0.006737346406902272
5,OWN_RENT,0.004198817930817
0,AGEP,0.0
1,SEX,0.0
4,HOUSING_TYPE,0.0
7,PINCP_DECILE,0.0
8,DVET,0.0
9,DEYE,0.0
