,PUMA,SEX,MSP,HISP,RAC1P,OWN_RENT,INDP_CAT,EDU,PINCP_DECILE
PUMA,6.661338147750939e-16,0.02922367175414603,-0.025257571614707167,-0.16107844768884427,-0.02014283428333733,-0.06470282211896368,-0.0028902706209290047,0.06291481299150914,-0.01154744341196328
SEX,0.02922367175414603,-3.9968028886505635e-15,0.014463579375129763,-0.01765258349612725,-0.01166710305487648,-0.03290058268193471,-0.04461143742168541,-0.04894092657931927,0.024213859157179787
MSP,-0.025257571614707167,0.014463579375129763,0.0,0.017707499715502582,0.09247324950977082,0.08164702139833423,-0.24566255702361472,-0.341560685817761,-0.2992162871981682
HISP,-0.16107844768884427,-0.01765258349612725,0.017707499715502582,3.6637359812630166e-15,-0.12852412502125998,-0.07973282164423655,0.008409634667496772,0.08716215401576526,0.05682997526590455
RAC1P,-0.02014283428333733,-0.01166710305487648,0.09247324950977082,-0.12852412502125998,-3.219646771412954e-15,-0.060454030956886375,0.05132302442788345,0.08118561615547579,0.07424921369098085
OWN_RENT,-0.06470282211896368,-0.03290058268193471,0.08164702139833423,-0.07973282164423655,-0.060454030956886375,3.3306690738754696e-15,-0.06972381456681752,0.03736585294756943,-0.044777684414248564
INDP_CAT,-0.0028902706209290047,-0.04461143742168541,-0.24566255702361472,0.008409634667496772,0.05132302442788345,-0.06972381456681752,3.552713678800501e-15,-0.5176368952476191,-0.5165433470556444
EDU,0.06291481299150914,-0.04894092657931927,-0.341560685817761,0.08716215401576526,0.08118561615547579,0.03736585294756943,-0.5176368952476191,9.992007221626409e-16,-0.5391932060013398
PINCP_DECILE,-0.01154744341196328,0.024213859157179787,-0.2992162871981682,0.05682997526590455,0.07424921369098085,-0.044777684414248564,-0.5165433470556444,-0.5391932060013398,-4.440892098500626e-16
