,AGEP,DVET,EDU,HOUSING_TYPE,MSP,OWN_RENT,PINCP_DECILE,RAC1P,SEX
0,-0.49827499055679264,-0.09016851692861394,-0.5734945916533558,0.029031609627236832,-0.2325087822436544,0.06773793923583296,-0.5735114526811432,0.1615487602266375,0.013807273727307827
1,-0.037311932942552244,-0.021353625248359195,-0.00835077458572855,0.7107184529249716,0.23450529088267186,-0.6404833628352137,-0.1183334983745386,-0.092204542264469,-0.07242391602342528
2,0.05620074464746081,0.6021983789361307,-0.13326675738640292,-0.0764510012893597,-0.43845636611648486,-0.17338870786418592,0.05091525687636206,-0.28011255963147585,-0.5542840120699554
3,-0.195027127807418,0.243780348786649,0.051752212478796106,0.08706081099111118,0.5066767263980066,0.2583707438767108,0.04732319474625596,0.5366171296313905,-0.5278290534994631
4,0.17519382532366748,0.6229138781932922,0.004040228999037221,0.06295474341276121,-0.10892822499820375,-0.12078577963024265,-0.07099744591671403,0.48528413475785465,0.5570546734545905
