,PUMA,SEX,MSP,HISP,RAC1P,OWN_RENT,INDP_CAT,EDU,PINCP_DECILE
PUMA,8.548717289613705e-15,0.0264372793222324,0.02721728447741051,0.008660772695066779,-0.037253719151278744,0.05155881196326918,-0.002379216325546118,-0.020856098520566947,-0.012522031632171977
SEX,0.0264372793222324,-8.215650382226158e-15,0.07438265847384444,0.050940440669259054,0.00488815570612737,0.1529486290500724,-0.06920925405887711,0.0011694893913171689,0.06533763168846665
MSP,0.02721728447741051,0.07438265847384444,-1.0769163338864018e-14,0.11589310339505113,0.015215251542621423,0.15713850483057568,-0.2245825782981099,-0.23769815119614057,-0.29458449924618113
HISP,0.008660772695066779,0.050940440669259054,0.11589310339505113,7.771561172376096e-16,-0.19141468395349345,0.0441369479818744,0.07460261538197727,0.15310902276685656,0.1165283200327668
RAC1P,-0.037253719151278744,0.00488815570612737,0.015215251542621423,-0.19141468395349345,-9.547918011776346e-15,-0.03634170715213543,-0.0019494876244637773,0.09400693577590766,0.072118012501705
OWN_RENT,0.05155881196326918,0.1529486290500724,0.15713850483057568,0.0441369479818744,-0.03634170715213543,0.0,0.07038096728743132,0.10880053072145204,0.017129691886033395
INDP_CAT,-0.002379216325546118,-0.06920925405887711,-0.2245825782981099,0.07460261538197727,-0.0019494876244637773,0.07038096728743132,0.0,-0.4539050635879148,-0.4216476825564492
EDU,-0.020856098520566947,0.0011694893913171689,-0.23769815119614057,0.15310902276685656,0.09400693577590766,0.10880053072145204,-0.4539050635879148,-1.1546319456101628e-14,-0.6360507663859135
PINCP_DECILE,-0.012522031632171977,0.06533763168846665,-0.29458449924618113,0.1165283200327668,0.072118012501705,0.017129691886033395,-0.4216476825564492,-0.6360507663859135,-1.3322676295501878e-15
