,AGEP,DEYE,DVET,EDU,HOUSING_TYPE,MSP,OWN_RENT,PINCP_DECILE,RAC1P,SEX
0,-0.5251615970832842,0.06525346816091626,-0.11259059023351803,-0.5549528123126453,-0.05893922391740651,-0.24157157887476566,0.12599373017480195,-0.5520087567508634,0.12658595063201164,0.029244942000674234
1,0.028117658417162943,-0.18658641777119164,-0.11718581844773147,-0.09819642367100927,0.7053995999603052,0.11063300778624448,-0.6234402039734318,-0.1800531014801266,0.03095182596207084,0.09558646071481317
2,-0.08134938043213197,0.16780383264887727,0.5529867249917683,-0.09293384395818206,0.07833761585472682,-0.25478598948784253,-0.2359754365225523,0.10915704418016131,0.085706559419293,-0.7104893883239484
3,-0.15479221705588714,0.3132249273013679,-0.11734411123309473,0.09253546874419313,0.09949165121325068,0.561790954096973,0.11943281341258895,0.03871391405783073,0.7010062049706145,-0.15138273614990078
4,-0.005050879427425505,-0.8560167110688459,0.26595651342236526,-0.08439859638472952,0.01642240345330724,0.22538144922975867,0.28402107810567323,-0.0682657057497017,0.1779470192276183,-0.14592489455365826
