,feature,divergence
4,RAC1P,1.157254854342951
8,PINCP_DECILE,1.1016124494020176
7,EDU,0.6107020675293768
5,OWN_RENT,0.5702467503855475
6,INDP,0.5497749510844779
2,MSP,0.45129454351199016
0,PUMA,0.062238282180619386
1,SEX,0.025314553930432804
3,HISP,0.021658323570135266
