,feature,divergence
0,AGEP,9.564934496474406
6,EDU,6.263571443167938
7,PINCP_DECILE,5.487832749244897
2,MSP,0.7031341381575607
3,RAC1P,0.3182368078335993
1,SEX,0.2867695850499148
5,OWN_RENT,0.09444417531678044
4,HOUSING_TYPE,0.010260567098518806
8,DVET,0.005374059883980521
9,DEYE,0.0024310427017159783
