,AGEP,DEYE,DVET,EDU,HOUSING_TYPE,MSP,OWN_RENT,PINCP_DECILE,RAC1P,SEX
0,-0.5028447292406172,0.043012204491294836,-0.07175908242364248,-0.5679702824416621,0.1515700234131381,-0.1487313666316195,-0.08761200318303111,-0.5866974558755631,0.1357380801582602,0.04635121613684509
1,0.0830459170525008,-0.10230268734180387,-0.019075772037854433,0.11162185388090808,0.6716988815264694,0.3945644912925193,-0.5978167220009153,-0.022949751126823584,-0.028007983581810572,0.0652511756449419
2,-0.1351379504584608,0.2606459383708935,0.4981950583456584,-0.006038019141972856,0.09158676751919338,-0.06551219753833586,-0.11924577457641443,0.1377388146573022,0.25369209881647325,-0.745208329590524
3,0.2222368078403082,-0.6550436193785815,0.4440294910217701,-0.21438907305983707,-0.02747864694178588,-0.25933023762212615,-0.10001161192989497,-0.11685032394867956,-0.4203788058072986,-0.10010936582184862
4,0.018644768478137973,-0.46355251690190313,0.26764428870716434,0.06380068629860677,-0.003217298954142217,0.25228501745897325,0.23686945384444205,-0.057983656396184635,0.7405275973679893,0.1938014389742633
