,EDU,HISP,INDP_CAT,MSP,OWN_RENT,PINCP_DECILE,PUMA,RAC1P,SEX
0,-0.5711275826037829,0.09765649436928114,-0.5004442530985024,-0.29828622168924157,0.004362825624501451,-0.5535746002048506,0.057163613945357634,0.12286875986066889,0.00539349972821241
1,-0.0257477375391557,0.5862344447408901,0.20355365568546868,0.2048359569052662,0.49800452564232045,-0.033267289279770074,0.03571805441057787,0.5505229960803357,0.1371415367652666
2,-0.027387643779077687,0.2879531448740146,0.10222790078216912,-0.234188298994281,-0.028306563639923565,0.14753638134549527,0.8607935323039908,-0.2352168240178394,-0.17938086664464886
3,-0.011289996827379774,0.12662160088742952,-0.09007063761035405,0.08884907473649042,-0.15136372707000337,0.09636782792189774,-0.15395168477612278,0.2473856620091091,-0.9223524842354338
4,0.041105119419780206,0.3404424175276368,-0.014689687027022114,0.34714485769652165,-0.8096861230088348,-0.11316330943766978,0.07429342428192943,0.17733010918458017,0.23732036883592636
