,feature,divergence
0,AGEP,0.30442442695062
7,PINCP_DECILE,0.09706279191602857
6,EDU,0.09265604720150156
2,MSP,0.05557317366331316
3,RAC1P,0.018226151405194124
5,OWN_RENT,0.00700971226260419
1,SEX,0.0017982087295365101
8,DVET,0.001772446752586976
9,DEYE,0.0008502457309798386
4,HOUSING_TYPE,0.00031640699421772375
