,PUMA,SEX,MSP,HISP,RAC1P,OWN_RENT,INDP_CAT,EDU,PINCP_DECILE
PUMA,2.7755575615628914e-15,-0.007321483327305112,0.03946174012274162,0.039639664630158916,0.03602789794999435,0.027041615489689336,0.010329446956378321,0.0441638471156671,0.0030435014472979874
SEX,-0.007321483327305112,-1.509903313490213e-14,-0.05286353461579804,0.024135375938192,6.803595238490546e-05,0.007272948700259931,0.0004380409194422105,0.042576726709701265,0.0068603971965201516
MSP,0.03946174012274162,-0.05286353461579804,-1.2434497875801753e-14,-0.02824154728829658,0.01395345780700071,0.04970847079280451,-0.15540085372592585,-0.016749717854363327,-0.10930918704399364
HISP,0.039639664630158916,0.024135375938192,-0.02824154728829658,0.0,-0.14020096677618507,-0.055077571023244926,-0.02533677379527819,0.09188268069155327,0.057497113536832345
RAC1P,0.03602789794999435,6.803595238490546e-05,0.01395345780700071,-0.14020096677618507,-7.105427357601002e-15,-0.040657328559497816,0.031706597763786946,0.02490713462535814,0.0882376459145727
OWN_RENT,0.027041615489689336,0.007272948700259931,0.04970847079280451,-0.055077571023244926,-0.040657328559497816,-6.328271240363392e-15,-0.08608632671087238,0.00010953152435535336,-0.05919314820472911
INDP_CAT,0.010329446956378321,0.0004380409194422105,-0.15540085372592585,-0.02533677379527819,0.031706597763786946,-0.08608632671087238,1.0880185641326534e-14,-0.29530232794649325,-0.47226941437448966
EDU,0.0441638471156671,0.042576726709701265,-0.016749717854363327,0.09188268069155327,0.02490713462535814,0.00010953152435535336,-0.29530232794649325,-2.220446049250313e-16,-0.6744308681727809
PINCP_DECILE,0.0030435014472979874,0.0068603971965201516,-0.10930918704399364,0.057497113536832345,0.0882376459145727,-0.05919314820472911,-0.47226941437448966,-0.6744308681727809,1.6653345369377348e-15
