,feature,divergence
0,PUMA,5.208492880644429
8,PINCP_DECILE,5.047042698305336
7,EDU,4.731042386844888
2,MSP,2.67975837193592
6,INDP_CAT,1.2998387371046602
5,OWN_RENT,0.3734486370077481
4,RAC1P,0.28463260561842313
1,SEX,0.265158489744199
3,HISP,0.08079616126251224
