,feature,divergence
0,AGEP,0.2845598224207535
7,PINCP_DECILE,0.12103127795528595
6,EDU,0.10548932982950582
2,MSP,0.04075687251911791
5,OWN_RENT,0.019314565420775642
3,RAC1P,0.008931895151071303
1,SEX,0.006347975160603592
4,HOUSING_TYPE,0.0032535561178703674
9,DREM,0.002183078904082876
8,DVET,0.001411981917223439
