,PUMA,SEX,MSP,HISP,RAC1P,OWN_RENT,INDP_CAT,EDU,PINCP_DECILE
PUMA,0.0,0.006859112902517099,-0.00595699815682605,0.041370617199407045,0.004135433716556919,-0.00531861287806186,0.0037269961930102465,0.03464237876508104,-0.022464513375639004
SEX,0.006859112902517099,1.1102230246251565e-16,-0.037154760491659694,0.0013855651437720082,0.017421281147039194,0.01597834011996996,0.0017958191001828938,-0.05590809938335346,0.0726287302717747
MSP,-0.005956998156826036,-0.037154760491659694,0.0,-0.007998380558879518,0.009516325417665417,0.0019571777661975646,-0.030593080301147574,0.05859010425013622,-0.002988080621095457
HISP,0.04137061719940705,0.0013855651437720135,-0.007998380558879518,0.0,0.004984675044263587,-0.055635765971314824,-0.0063177433674483086,0.07639566783929339,0.08683990110701852
RAC1P,0.004135433716556919,0.017421281147039197,0.009516325417665417,0.0049846750442636145,0.0,-0.048550519571473556,0.011639017575736488,0.03848975635624002,0.07655472822568862
OWN_RENT,-0.00531861287806186,0.015978340119969958,0.001957177766197561,-0.05563576597131482,-0.048550519571473556,0.0,-0.014055376128206934,-0.03207278698626751,-0.042592995617863026
INDP_CAT,0.0037269961930102465,0.0017958191001828938,-0.03059308030114752,-0.0063177433674483086,0.011639017575736488,-0.014055376128206936,0.0,-0.07556197826105265,1.7644683200035427e-05
EDU,0.03464237876508104,-0.05590809938335345,0.05859010425013625,0.07639566783929337,0.03848975635624001,-0.03207278698626752,-0.0755619782610526,-2.220446049250313e-16,-0.00870508432520789
PINCP_DECILE,-0.022464513375639,0.07262873027177472,-0.002988080621095443,0.08683990110701852,0.07655472822568862,-0.042592995617863026,1.7644683200035427e-05,-0.00870508432520789,2.220446049250313e-16
