,feature,divergence
0,PUMA,0.2509452777255343
6,INDP,0.22606131427354106
7,EDU,0.10330058080229837
8,PINCP_DECILE,0.09089855025306137
2,MSP,0.03775342562842572
5,OWN_RENT,0.012643124075516113
4,RAC1P,0.012207800967738654
1,SEX,0.010876458397649058
3,HISP,0.0032071567966885594
