,feature,divergence
1,AGEP,1.8492138456172984
10,POVPIP,0.728267725966145
9,PINCP_DECILE,0.6747193002011358
8,OWN_RENT,0.6476667059146749
7,NPF,0.6292920702657857
3,MSP,0.6093149442348527
4,HISP,0.29629415696198513
6,NOC,0.18520217181824924
2,SEX,0.0541836125089038
0,PUMA,0.039822425692782604
5,RAC1P,0.032796132543523995
11,DEYE,0.01176293320967978
