,AGEP,HISP,MSP,NOC,NPF,OWN_RENT,PINCP_DECILE,POVPIP,PUMA,RAC1P,SEX
0,-0.46206731655758637,0.17229438035653877,-0.23524154992406793,0.48525643017749914,0.4497517383679851,0.15256761391536058,-0.40389750820632764,-0.25521431409626016,-0.013253438783225348,0.10945176274988144,0.004434341342924003
1,0.04022263831139083,0.17952821707467537,0.4134443307775209,-0.1396933601193831,-0.2838100726392049,0.577993868934511,-0.08425944050002086,-0.5547096160240287,0.009575165190559193,0.1460651294505493,0.15762969903432955
2,-0.10705523648905059,0.5597321764429585,0.14670291473082298,-0.08323796522868854,-0.06712917640353472,-0.21244911824654603,0.03465886196805562,0.2338093157963549,0.3108301723292683,0.641379330376417,-0.1824744761603535
3,-0.04743752371493324,0.0019671738776294045,0.02697304167509733,-0.1359423020290839,-0.11168192354357273,-0.3102532295671173,-0.3980486661739804,0.10449213536054643,-0.028986063252177674,0.08625873147996554,0.8319651020294399
4,0.03849997016229242,0.10322755847068578,0.0715493301031115,-0.056336227181841815,0.014544651477987142,-0.1538358229826746,-0.021778709689950132,-0.04212116724928736,-0.9284815800060384,0.27253681804360275,-0.13072441429580334
