,feature,divergence
0,AGEP,4.0667095638927915
6,EDU,1.0259152632123532
7,PINCP_DECILE,0.9169657357770153
2,MSP,0.3134546137918768
3,RAC1P,0.15427290398558435
5,OWN_RENT,0.10028044452851889
4,HOUSING_TYPE,0.024972375690607736
9,DEYE,0.024519549370444003
8,DVET,0.01945268710847346
1,SEX,0.01167530685742546
