,feature,divergence
1,AGEP,7.673434263433655
9,PINCP_DECILE,2.2463768115942027
7,NPF,1.1312948941953018
10,POVPIP,0.6444100906471789
3,MSP,0.6053681867543649
8,OWN_RENT,0.2883073598067011
6,NOC,0.23135043636923208
5,RAC1P,0.15736532018205096
0,PUMA,0.0867678732585564
4,HISP,0.050837988826815644
2,SEX,0.035416298781564604
