,PUMA,SEX,MSP,HISP,RAC1P,OWN_RENT,INDP_CAT,EDU,PINCP_DECILE
PUMA,-2.220446049250313e-16,0.0014921737660951659,0.017427964957788193,0.042111382181532944,0.05115615666193583,0.0038062216268382257,0.006687812466109533,0.0431974727390083,-0.006571566844740027
SEX,0.0014921737660951659,1.1102230246251565e-16,-0.04732112322664304,0.009064509350055419,-0.013341757043662614,0.00783059240328514,-0.037732918269052174,-0.011598481061159373,0.10026524744680497
MSP,0.0174279649577882,-0.04732112322664304,-2.220446049250313e-16,0.015369177032078572,0.024467240847105866,0.11272545549310777,-0.24255328549252547,-0.18152794923659027,-0.1339598800535842
HISP,0.04211138218153295,0.00906450935005542,0.015369177032078572,0.0,-0.11718030289645909,-0.035399360732703215,-0.008435991967065917,0.059092004475782625,0.07610020688897684
RAC1P,0.05115615666193583,-0.013341757043662618,0.024467240847105866,-0.11718030289645909,0.0,-0.005925427847573675,0.03358858513698108,0.02502907425669295,0.06549777826716416
OWN_RENT,0.0038062216268382257,0.007830592403285139,0.11272545549310775,-0.03539936073270321,-0.005925427847573675,0.0,-0.010541519554696165,-0.02262951032747333,-0.07059312393875516
INDP_CAT,0.006687812466109533,-0.037732918269052174,-0.24255328549252544,-0.008435991967065917,0.03358858513698108,-0.010541519554696167,0.0,-0.3427844409771192,-0.30908200037615957
EDU,0.0431974727390083,-0.011598481061159373,-0.18152794923659024,0.05909200447578261,0.025029074256692943,-0.022629510327473335,-0.34278444097711913,0.0,-0.5471013395662778
PINCP_DECILE,-0.006571566844740025,0.10026524744680497,-0.13395988005358417,0.07610020688897684,0.06549777826716416,-0.07059312393875516,-0.30908200037615957,-0.5471013395662778,2.220446049250313e-16
