,AGEP,DVET,EDU,HOUSING_TYPE,MSP,OWN_RENT,PINCP_DECILE,RAC1P,SEX
0,-0.49980572994103983,-0.07106053098906484,-0.5692835980526706,0.15567481101450248,-0.14672118901377013,-0.0909912861665672,-0.588806143351275,0.13447921545416475,0.047353100809054985
1,0.0776181669908182,-0.022302352714999904,0.12350856052983217,0.6735634470931822,0.39923164658325694,-0.6004735578258834,-0.011662828755799146,-0.02389301033505055,0.06224664354845736
2,-0.05102814145196054,0.6186303444425234,-0.07942093627638341,0.07529543234999997,-0.14724358821646977,-0.14155313037776504,0.08853405886324917,0.1043811285222183,-0.7363856842050324
3,-0.20801078825285121,-0.19255590427150646,0.17537913507554292,0.0227526570681092,0.341202191428775,0.21871078352009932,0.09607763615491424,0.8330627760491249,-0.14456959571618702
4,0.16583733737204848,0.6869815151997927,0.02963344401221618,0.004765381266893402,-0.06756593636979161,0.01424786069033342,-0.11078546960819885,0.33605441357567734,0.6080126470664267
