,EDU,HISP,INDP_CAT,MSP,OWN_RENT,PINCP_DECILE,PUMA,RAC1P,SEX
0,-0.5661256654249888,0.15509979203949475,-0.48974627551270133,-0.3043552111334551,0.04948152447213345,-0.5534536170037255,-0.04389932701996387,0.10682166712636451,0.02940968572956653
1,-0.003460126786582705,0.6176667604119584,0.206894539405392,0.2600836941654891,0.33893200713047544,-0.020471515636093007,0.2101991355012756,0.589648817421764,0.029385869665180895
2,-0.018556109310645233,0.12612634670485676,-0.10267619157272256,-0.21350482906193752,-0.2902481486688378,0.22623656138596043,0.040804082253658704,0.2012757729670258,-0.8660353478351928
3,-0.05000731534029045,0.051328234679278564,0.08272803769322855,0.18707511355719028,0.03145250360179791,-0.003924210086922689,-0.9599163500806984,0.1616928981950079,-0.06659581456502742
4,0.08749415590914218,0.1004166266218367,0.003902233936473161,-0.007443873101270291,-0.8449588410538831,-0.04769712797520273,0.007298891278780272,0.36028090851330713,0.3689235275201582
