,AGEP,HISP,MSP,NOC,NPF,OWN_RENT,PINCP_DECILE,POVPIP,PUMA,RAC1P,SEX
0,-0.4184082940980468,0.07317519200018341,-0.3607321473356719,0.5406571467877553,0.505580636188088,0.12104875481954532,-0.3123478388545555,-0.11426033918891093,0.022956190466682142,0.12398031953303593,-0.01904661699542469
1,-0.25579200990861695,0.001666673021370052,0.009929854513861634,-0.04968640505320107,0.03200620299598285,-0.6646642095559355,-0.1788398915340482,0.6670922851266559,-0.0784625451482628,0.0774074914130366,-0.007301103883569556
2,-0.2914974127446681,0.41824814681787115,0.3957155791138622,-0.1282180386630457,-0.2779797203300368,0.13050625514202877,-0.4099292103727332,-0.16876846288925879,-0.2718621601724558,0.38408141027121045,0.23411565107064047
3,0.05343975209419863,0.38577777124736884,-0.06015818723000448,0.027008586046662952,0.06677477280481747,0.09026285570298444,0.41039128426641736,0.13367331415554792,-0.26554517621050405,0.40749501736911203,-0.6391470789929363
4,-0.17424820983452421,0.2653050398509409,0.23743616905609433,-0.07779795887900867,-0.03766831774393958,-0.05257212104997868,-0.10699927780711664,-0.0570135070486793,0.8354238387356882,-0.039270212451151955,-0.344187572397613
