,PUMA,SEX,MSP,HISP,RAC1P,OWN_RENT,INDP_CAT,EDU,PINCP_DECILE
PUMA,1.84297022087776e-14,0.12867670332131279,0.18132885549798283,0.06585322547716023,0.16862788130030326,0.2277627258948866,-0.09678727719364635,-0.09995812395749636,-0.15760562251676638
SEX,0.12867670332131279,3.9968028886505635e-15,0.06532298340606348,0.02274441673705173,0.01875980210602063,0.039181599454699,-0.052995689347176786,-0.07447839527010723,0.04884828014501447
MSP,0.18132885549798283,0.06532298340606348,8.881784197001252e-15,0.0925008051835332,0.08711472160907385,0.027268302123546306,-0.02615938724139258,-0.21038684856234105,-0.3182359595075026
HISP,0.06585322547716023,0.02274441673705173,0.0925008051835332,2.1094237467877974e-15,-0.02174246271025823,-0.0004575933148774497,0.02971836300286381,0.05037570717459129,0.032100293930224684
RAC1P,0.16862788130030326,0.01875980210602063,0.08711472160907385,-0.02174246271025823,0.0,-0.03796299155969468,-0.044121456445143044,0.029385035156261882,0.03780762067419302
OWN_RENT,0.2277627258948866,0.039181599454699,0.027268302123546306,-0.0004575933148774497,-0.03796299155969468,1.0880185641326534e-14,-0.031753693027776336,0.06767094480547342,-0.002481893738649467
INDP_CAT,-0.09678727719364635,-0.052995689347176786,-0.02615938724139258,0.02971836300286381,-0.044121456445143044,-0.031753693027776336,1.5543122344752192e-15,-0.31615594788269247,-0.3285375409134018
EDU,-0.09995812395749636,-0.07447839527010723,-0.21038684856234105,0.05037570717459129,0.029385035156261882,0.06767094480547342,-0.31615594788269247,0.0,-0.4214581907946289
PINCP_DECILE,-0.15760562251676638,0.04884828014501447,-0.3182359595075026,0.032100293930224684,0.03780762067419302,-0.002481893738649467,-0.3285375409134018,-0.4214581907946289,0.0
