,PUMA,SEX,MSP,HISP,RAC1P,OWN_RENT,INDP_CAT,EDU,PINCP_DECILE
PUMA,2.7755575615628914e-15,0.005936199169129142,0.01208508980165567,0.010324647010843721,0.02246977004226191,0.010570018426883494,0.003971904094518651,0.0008194931766572142,0.0016193646104499526
SEX,0.005936199169129142,-2.4424906541753444e-14,-0.045086175700738446,0.01285596261591519,0.019590255152819883,0.008170283087226091,0.0061839072745040885,-0.024823164693266085,-0.011403238265016019
MSP,0.01208508980165567,-0.045086175700738446,-2.886579864025407e-15,0.005163957406906644,0.005268934632792956,-0.04039557879457169,-0.013924459053884342,0.005220832737052539,-0.0007270742062662483
HISP,0.010324647010843721,0.01285596261591519,0.005163957406906644,0.0,0.011984775579361673,-0.004370943204502743,-0.018352707398003956,0.015293100507989946,0.01042720594522814
RAC1P,0.02246977004226191,0.019590255152819883,0.005268934632792956,0.011984775579361673,-5.218048215738236e-15,-0.006800242073241997,-0.01514811061220872,-0.0026766699755385176,-0.013848571273780433
OWN_RENT,0.010570018426883494,0.008170283087226091,-0.04039557879457169,-0.004370943204502743,-0.006800242073241997,0.0,-0.022630752254485454,-0.013390166067722682,-0.003194325926180311
INDP_CAT,0.003971904094518651,0.0061839072745040885,-0.013924459053884342,-0.018352707398003956,-0.01514811061220872,-0.022630752254485454,1.0880185641326534e-14,0.004569103984311429,0.011928268046315693
EDU,0.0008194931766572142,-0.024823164693266085,0.005220832737052539,0.015293100507989946,-0.0026766699755385176,-0.013390166067722682,0.004569103984311429,0.0,-0.000955984065673765
PINCP_DECILE,0.0016193646104499526,-0.011403238265016019,-0.0007270742062662483,0.01042720594522814,-0.013848571273780433,-0.003194325926180311,0.011928268046315693,-0.000955984065673765,1.5543122344752192e-15
