,PUMA,SEX,MSP,HISP,RAC1P,OWN_RENT,INDP_CAT,EDU,PINCP_DECILE
PUMA,-2.4424906541753444e-15,-0.029701723150766034,-0.057924346253006756,-0.013462132126162093,0.019125404276681676,-0.00829732023921808,0.02472184485560001,-0.07033113844068732,-0.050459863685033614
SEX,-0.029701723150766034,4.551914400963142e-15,-0.029673492516636348,0.061057167975627075,0.024296477949050172,-0.02069810791888942,-0.020302202530909044,-0.042899814537449565,0.07529866557000205
MSP,-0.057924346253006756,-0.029673492516636348,1.7763568394002505e-15,-0.009494301586462767,0.02656740594833695,0.05527133850743621,-0.1791874800417561,-0.24108922452029682,-0.15059876506754902
HISP,-0.013462132126162093,0.061057167975627075,-0.009494301586462767,7.327471962526033e-15,-0.10969730882349676,-0.03705652307973694,0.05930695335579538,0.10313775432685672,0.11925734514097443
RAC1P,0.019125404276681676,0.024296477949050172,0.02656740594833695,-0.10969730882349676,4.440892098500626e-16,-0.017647128791504766,0.010517914762273945,0.09287446782133944,0.10114247491004572
OWN_RENT,-0.00829732023921808,-0.02069810791888942,0.05527133850743621,-0.03705652307973694,-0.017647128791504766,4.440892098500626e-16,-0.057638874589883975,0.003922909714527044,0.0037494265515469524
INDP_CAT,0.02472184485560001,-0.020302202530909044,-0.1791874800417561,0.05930695335579538,0.010517914762273945,-0.057638874589883975,0.0,-0.3928965374847012,-0.34397625124580894
EDU,-0.07033113844068732,-0.042899814537449565,-0.24108922452029682,0.10313775432685672,0.09287446782133944,0.003922909714527044,-0.3928965374847012,1.4432899320127035e-15,-0.5127088066308992
PINCP_DECILE,-0.050459863685033614,0.07529866557000205,-0.15059876506754902,0.11925734514097443,0.10114247491004572,0.0037494265515469524,-0.34397625124580894,-0.5127088066308992,0.0
