,AGEP,DEYE,DVET,EDU,HOUSING_TYPE,MSP,OWN_RENT,PINCP_DECILE,RAC1P,SEX
0,-0.5028447292406173,0.04301220449129439,-0.07175908242364262,-0.5679702824416619,0.15157002341313783,-0.14873136663162,-0.08761200318303076,-0.5866974558755629,0.1357380801582599,0.046351216136845376
1,0.08304591705250101,-0.1023026873418039,-0.01907577203785427,0.1116218538809078,0.6716988815264695,0.39456449129251886,-0.5978167220009145,-0.022949751126824278,-0.028007983581810128,0.06525117564494182
2,-0.1351379504584508,0.2606459383708597,0.4981950583456782,-0.0060380191419830975,0.09158676751919155,-0.06551219753834696,-0.11924577457641827,0.137738814657296,0.2536920988164547,-0.7452083295905302
3,0.22223680784031552,-0.6550436193785957,0.44402949102174527,-0.214389073059836,-0.027478646941790176,-0.25933023762212526,-0.10001161192989039,-0.11685032394868594,-0.4203788058073078,-0.1001093658218126
4,0.018644768478135447,-0.4635525169019086,0.2676442887071534,0.06380068629860636,-0.003217298954142682,0.25228501745897747,0.23686945384444513,-0.05798365639618386,0.7405275973679881,0.19380143897425586
