,feature,divergence
1,AGEP,7.209306230492672
0,PUMA,6.974640021048604
9,PINCP_DECILE,2.69474982586773
10,POVPIP,1.5865314420507572
7,NPF,0.6730283648899912
5,RAC1P,0.6503606180865845
3,MSP,0.5605030386280386
6,NOC,0.34991463529963407
8,OWN_RENT,0.3196443919313502
4,HISP,0.11692622950819673
2,SEX,0.07828286828049247
11,DEYE,0.02671036769138035
