,EDU,HISP,INDP_CAT,MSP,OWN_RENT,PINCP_DECILE,PUMA,RAC1P,SEX
0,-0.5711275826037826,0.09765649436928081,-0.5004442530985019,-0.2982862216892414,0.004362825624502832,-0.5535746002048512,0.05716361394535739,0.12286875986066872,0.0053934997282115045
1,-0.02574773753915493,0.5862344447408913,0.20355365568546852,0.20483595690526585,0.4980045256423185,-0.03326728927976974,0.035718054410578466,0.5505229960803357,0.1371415367652686
2,-0.027387643779077847,0.28795314487401236,0.10222790078216959,-0.23418829899428267,-0.028306563639922275,0.14753638134549513,0.8607935323039922,-0.23521682401783997,-0.17938086664464573
3,-0.01128999682737954,0.12662160088743138,-0.09007063761035312,0.0888490747364875,-0.15136372706999984,0.09636782792189946,-0.15395168477612067,0.24738566200910778,-0.9223524842354354
4,0.04110511941977986,0.34044241752763554,-0.014689687027022752,0.3471448576965184,-0.8096861230088372,-0.11316330943766931,0.07429342428193075,0.17733010918458253,0.23732036883592267
