,PUMA,SEX,MSP,HISP,RAC1P,OWN_RENT,INDP_CAT,EDU,PINCP_DECILE
PUMA,0.0,-0.0011070549338167103,0.07225146557133577,-0.08900125965053184,0.09139597036905929,0.019942911567531175,-0.013897408875720364,0.06653396557248786,0.005295697547548808
SEX,-0.0011070549338167103,0.0,-0.0006004997214943812,0.0021257160291606077,-0.01572750600918059,-0.026103727243100103,-0.04170775150449671,-0.04304567249022666,0.029693532927367247
MSP,0.07225146557133577,-0.0006004997214943812,0.0,-0.023161397021165042,-0.04583738549049925,-0.033144788728612734,-0.0042091624721337095,-0.0008696452259432663,-0.004060782826124265
HISP,-0.08900125965053184,0.0021257160291606077,-0.023161397021165035,2.220446049250313e-16,0.06364994743619515,-0.1530234842844712,-0.0009354991393105954,0.11758769521696988,0.0820991865272722
RAC1P,0.09139597036905929,-0.01572750600918059,-0.04583738549049925,0.06364994743619515,0.0,-0.1255513504142776,0.05388434728995099,0.14264213757171562,0.13846331540659043
OWN_RENT,0.019942911567531175,-0.026103727243100103,-0.03314478872861273,-0.1530234842844712,-0.1255513504142776,0.0,-0.07558517688641463,0.004760587562052519,-0.02191155781029517
INDP_CAT,-0.013897408875720364,-0.04170775150449671,-0.004209162472133737,-0.0009354991393105937,0.05388434728995099,-0.07558517688641461,0.0,-0.03440077656411594,-0.01900077606936118
EDU,0.06653396557248786,-0.04304567249022666,-0.0008696452259432386,0.11758769521696988,0.14264213757171562,0.004760587562052519,-0.03440077656411594,-2.220446049250313e-16,-0.0013084758592154522
PINCP_DECILE,0.005295697547548809,0.029693532927367247,-0.004060782826124265,0.0820991865272722,0.13846331540659043,-0.021911557810295166,-0.019000776069361125,-0.0013084758592154522,0.0
