,feature,divergence
1,AGEP,10.159070671092042
0,PUMA,5.090028470497954
10,POVPIP,3.592364188172358
9,PINCP_DECILE,2.8457682072656496
7,NPF,1.3695580436523693
5,RAC1P,0.6948302651128696
3,MSP,0.6534693757734804
8,OWN_RENT,0.4130933918901568
6,NOC,0.24439904164549064
2,SEX,0.11282144187143683
4,HISP,0.06007587855616662
