,feature,divergence
7,EDU,3.760297896640335
8,PINCP_DECILE,3.6519403164509265
6,INDP_CAT,3.1698885497831806
0,PUMA,0.9977985843695768
2,MSP,0.8622839343051131
4,RAC1P,0.4637552652508858
5,OWN_RENT,0.34716898985146305
1,SEX,0.30463854770972065
3,HISP,0.09954283413117704
