,PUMA,SEX,MSP,HISP,RAC1P,OWN_RENT,INDP_CAT,EDU,PINCP_DECILE
PUMA,1.1435297153639112e-14,0.0008645015703373528,-0.017273950291676797,-0.05841902599238684,-0.0022562588334686558,-0.032916192439888706,-0.004528631421499462,-0.022959264631682984,0.005222016258660714
SEX,0.0008645015703373528,-1.3988810110276972e-14,-0.016588306292880516,-0.002245931723793286,0.009470139729342133,-0.010277760788774997,-0.015275451970367056,-0.074447436730649,0.08865754499446629
MSP,-0.017273950291676797,-0.016588306292880516,-3.3306690738754696e-16,-0.028474157691982575,0.004811886489082779,0.018064395461517578,-0.05014886838716617,0.05022475961385586,0.025345366329436236
HISP,-0.05841902599238684,-0.002245931723793286,-0.028474157691982575,-3.6637359812630166e-15,-0.18134378859419376,-0.07269698526638717,-0.005603181897389446,0.03475818417406945,0.05797704943813946
RAC1P,-0.0022562588334686558,0.009470139729342133,0.004811886489082779,-0.18134378859419376,0.0,-0.002597515382388515,-0.014567636023992771,0.039602220856540075,0.03625990804500888
OWN_RENT,-0.032916192439888706,-0.010277760788774997,0.018064395461517578,-0.07269698526638717,-0.002597515382388515,0.0,-0.0553319484248954,0.023960129106945005,-0.02364909505482718
INDP_CAT,-0.004528631421499462,-0.015275451970367056,-0.05014886838716617,-0.005603181897389446,-0.014567636023992771,-0.0553319484248954,0.0,-0.11590910565769047,0.003997238584847795
EDU,-0.022959264631682984,-0.074447436730649,0.05022475961385586,0.03475818417406945,0.039602220856540075,0.023960129106945005,-0.11590910565769047,-1.1102230246251565e-16,-0.07870137846767811
PINCP_DECILE,0.005222016258660714,0.08865754499446629,0.025345366329436236,0.05797704943813946,0.03625990804500888,-0.02364909505482718,0.003997238584847795,-0.07870137846767811,-7.771561172376096e-16
