,AGEP,DEYE,DVET,EDU,HOUSING_TYPE,MSP,OWN_RENT,PINCP_DECILE,RAC1P,SEX
0,-0.5028447292406171,0.0430122044912955,-0.07175908242364268,-0.5679702824416619,0.1515700234131354,-0.14873136663162073,-0.0876120031830285,-0.5866974558755628,0.1357380801582604,0.04635121613684504
1,0.0830459170524992,-0.10230268734180499,-0.019075772037854787,0.11162185388090579,0.6716988815264692,0.3945644912925186,-0.5978167220009153,-0.022949751126826012,-0.02800798358181017,0.06525117564494266
2,-0.1351379504584574,0.2606459383708787,0.49819505834566735,-0.006038019141977047,0.0915867675191929,-0.06551219753833695,-0.11924577457641468,0.13773881465729904,0.2536920988164663,-0.7452083295905249
3,0.22223680784031036,-0.6550436193785888,0.44402949102176126,-0.2143890730598365,-0.02747864694178783,-0.25933023762212354,-0.1000116119298906,-0.11685032394868305,-0.42037880580729925,-0.10010936582183359
4,0.018644768478135672,-0.463552516901904,0.26764428870715495,0.06380068629860747,-0.003217298954142786,0.25228501745897625,0.23686945384444433,-0.0579836563961833,0.7405275973679897,0.19380143897426122
