,AGEP,HISP,MSP,NOC,NPF,OWN_RENT,PINCP_DECILE,POVPIP,PUMA,RAC1P,SEX
0,-0.418408294098047,0.07317519200018385,-0.360732147335672,0.5406571467877549,0.5055806361880877,0.12104875481954516,-0.31234783885455575,-0.11426033918891107,0.022956190466681934,0.12398031953303602,-0.019046616995424065
1,-0.2557920099086144,0.001666673021365389,0.009929854513857733,-0.04968640505320006,0.03200620299598492,-0.664664209555937,-0.1788398915340445,0.6670922851266577,-0.07846254514826016,0.07740749141303273,-0.007301103883570144
2,-0.29149741274467056,0.4182481468178707,0.39571557911386296,-0.1282180386630462,-0.27797972033003693,0.13050625514202302,-0.40992921037273444,-0.16876846288925362,-0.27186216017245746,0.3840814102712107,0.23411565107063922
3,0.05343975209419753,0.38577777124737034,-0.06015818723000353,0.027008586046662758,0.0667747728048177,0.09026285570298276,0.410391284266416,0.13367331415554842,-0.2655451762105009,0.40749501736911053,-0.6391470789929393
4,-0.17424820983453032,0.2653050398509354,0.23743616905609854,-0.0777979588790094,-0.03766831774394164,-0.05257212104997712,-0.10699927780712305,-0.057013507048680634,0.8354238387356826,-0.03927021245116285,-0.34418757239761966
