,AGEP,SEX,MSP,RAC1P,HOUSING_TYPE,OWN_RENT,EDU,PINCP_DECILE,DVET
AGEP,0.0,-0.05284751495363556,-0.002950532419837046,0.10082087636637756,0.016262732589512885,0.004125973325802116,-0.22116939400090452,-0.2394170630240489,-0.05463081287625102
SEX,-0.05284751495363556,1.1102230246251565e-16,-0.039900721501015875,-0.02901615053923494,-0.0216455434514592,0.008016314605389829,-0.028845625672374822,0.10580710578874172,0.07543159850651608
MSP,-0.002950532419837046,-0.039900721501015875,0.0,0.011966599123921607,-0.22478463396868814,0.07965183681338774,0.001987262352842939,-0.004317207394878023,-0.002507747419819649
RAC1P,0.10082087636637756,-0.02901615053923494,0.011966599123921607,0.0,-0.12176821392270679,-0.029148725854938506,0.03856057107473156,0.07338687276005137,-0.017696466419543637
HOUSING_TYPE,0.016262732589512885,-0.021645543451459196,-0.22478463396868809,-0.12176821392270679,0.0,0.5602879088428816,0.07560750643537478,0.15147291554354889,-0.021500340502085193
OWN_RENT,0.0041259733258021125,0.008016314605389827,0.07965183681338774,-0.029148725854938506,0.5602879088428816,0.0,0.016723362774332437,-0.004680555578617879,-0.03469955329564554
EDU,-0.22116939400090452,-0.028845625672374822,0.0019872623528429945,0.038560571074731556,0.07560750643537478,0.016723362774332437,-2.220446049250313e-16,-0.06886836027218035,-0.020196577685646436
PINCP_DECILE,-0.23941706302404894,0.10580710578874172,-0.004317207394878023,0.07338687276005137,0.15147291554354886,-0.004680555578617879,-0.06886836027218035,2.220446049250313e-16,-0.04638889842835925
DVET,-0.05463081287625102,0.07543159850651608,-0.002507747419819649,-0.01769646641954364,-0.021500340502085196,-0.03469955329564554,-0.020196577685646436,-0.04638889842835925,0.0
