,EDU,HISP,INDP_CAT,MSP,OWN_RENT,PINCP_DECILE,PUMA,RAC1P,SEX
0,-0.5711275826037833,0.09765649436928003,-0.5004442530985019,-0.2982862216892423,0.004362825624502686,-0.5535746002048504,0.057163613945357766,0.12286875986066892,0.005393499728212129
1,-0.02574773753915552,0.58623444474089,0.20355365568546857,0.2048359569052636,0.49800452564232056,-0.03326728927976924,0.035718054410578536,0.5505229960803344,0.13714153676526838
2,-0.02738764377907706,0.2879531448740165,0.10222790078216851,-0.23418829899428323,-0.028306563639925533,0.14753638134549638,0.86079353230399,-0.2352168240178406,-0.17938086664465028
3,-0.011289996827381318,0.12662160088743002,-0.0900706376103543,0.08884907473649395,-0.15136372706999665,0.09636782792189655,-0.15395168477612467,0.24738566200910572,-0.9223524842354356
4,0.041105119419779165,0.34044241752763804,-0.01468968702702303,0.3471448576965207,-0.8096861230088356,-0.11316330943766986,0.07429342428192805,0.1773301091845828,0.23732036883592209
