,AGEP,DEAR,DENSITY,DEYE,DPHY,DREM,DVET,EDU,HISP,HOUSING_TYPE,INDP_CAT,MSP,NOC,NPF,OWN_RENT,PINCP,PINCP_DECILE,POVPIP,PUMA,RAC1P,SEX
0,-0.304355394059982,0.03469532864750416,-0.02271377800018786,0.019935306688262114,-0.30517286345005346,-0.3134326489549807,-0.024171417734177428,-0.37160381909453954,0.03316122786499327,-0.07935583511923257,-0.2588330183397148,-0.25397274922463725,0.2938622147272005,0.24417780883698353,0.04645073669758588,0.4202683308923679,-0.3232869496210333,-0.0589649788623369,0.018940850953502154,0.05621464417863591,-0.006459637452937274
1,-0.047981344368082615,-0.08142356842702388,0.03334020099341836,-0.09944618120333308,-0.1893822107824754,-0.19969285375256607,0.0034408298632860033,-0.16711577985408432,0.020085446624715873,0.542732888759247,-0.12652353598936877,0.20217635978408022,-0.30925338175103884,-0.3191980638077443,-0.404956768473982,0.020971125877737543,-0.21378813677637087,0.33118946392624077,-0.07349319460401228,0.008023060827187416,0.04154904226740544
2,0.3570659264462171,-0.3965691515275341,0.0007015492907065327,-0.2964343624067269,-0.2931476933073577,-0.25001651706622957,0.1472534776000625,-0.07783609824857023,-0.08922000309448529,-0.1950732878013056,-0.22306753795410625,0.007183273828754527,-0.22309523735544756,-0.26070398441391307,0.28467314885822403,-0.06533935469684604,0.006483528157892465,-0.3393175988701042,0.09430516334778527,-0.16679327239925784,0.02036169553454755
3,-0.18118624373233966,0.15822065936366095,0.3524919116524685,0.09063572514291318,0.031840745605874674,0.011626494723944038,-0.13824093457247888,-0.08334377251230052,0.3143717377627285,0.01655411957357081,0.057733236106126844,0.348372690731026,-0.09067236201527087,-0.22983729982428783,0.36367465441756053,-0.02337452613615376,-0.20166863225644943,-0.334963791786432,-0.31377937786311033,0.29621411909656026,0.16044558081871357
4,0.09667198873215754,-0.33475871700471443,0.3702009241511127,-0.2284835887020173,0.0903142673612355,0.11481996385955985,0.30905761855976477,0.06894746897539315,0.20619834616949176,0.02098070239633799,-0.14177342457043107,-0.24470389895418662,0.09229250196775979,0.123599343481574,-0.04772086889494003,0.05203063927102254,0.09942311864122394,0.17826111194139568,-0.4052476585686087,0.31787943409193387,-0.3302653405058335
