,feature,divergence
4,RAC1P,1.1444003045263074
8,PINCP_DECILE,0.846689178834619
7,EDU,0.7404034743625665
5,OWN_RENT,0.546270786795731
2,MSP,0.3826786462650765
6,INDP_CAT,0.09943895082503407
0,PUMA,0.0663940613466229
3,HISP,0.01695470804850646
1,SEX,0.005435608078758647
