,feature,divergence
1,AGEP,12.840337552742614
9,PINCP_DECILE,4.44713908955395
7,NPF,2.462706069383044
10,POVPIP,1.2850589777195283
3,MSP,0.9472094829962661
6,NOC,0.6845774732539968
2,SEX,0.31097401383436163
0,PUMA,0.21661220043572982
4,HISP,0.21413649025069637
8,OWN_RENT,0.19132217287324904
5,RAC1P,0.18605442176870746
11,DEYE,0.02318075117370892
