,EDU,HISP,INDP_CAT,MSP,OWN_RENT,PINCP_DECILE,PUMA,RAC1P,SEX
0,-0.5661256654249891,0.15509979203949475,-0.4897462755127017,-0.3043552111334553,0.049481524472133706,-0.5534536170037255,-0.043899327019964,0.10682166712636472,0.029409685729566558
1,-0.0034601267865825053,0.617666760411959,0.20689453940539193,0.26008369416549126,0.33893200713047295,-0.02047151563609445,0.21019913550127897,0.5896488174217632,0.029385869665184753
2,-0.018556109310644726,0.1261263467048602,-0.10267619157272198,-0.2135048290619357,-0.29024814866884596,0.2262365613859595,0.04080408225366259,0.2012757729670307,-0.8660353478351894
3,-0.05000731534029785,0.051328234679272236,0.08272803769322874,0.18707511355719011,0.031452503601872954,-0.003924210086917623,-0.9599163500806982,0.16169289819497862,-0.06659581456506192
4,0.08749415590913831,0.10041662662183792,0.0039022339364810574,-0.007443873101255303,-0.8449588410538778,-0.0476971279752043,0.007298891278695017,0.3602809085133186,0.36892352752016166
