,EDU,HISP,INDP_CAT,MSP,OWN_RENT,PINCP_DECILE,PUMA,RAC1P,SEX
0,-0.5757868439330529,0.06559621868644627,-0.5141938332553488,-0.27286967958738306,-0.022671741617569307,-0.5612568911504167,0.02040397669672196,0.08960660596565181,0.03666762089603011
1,0.017030301641700794,0.6184436714821462,0.1185229811742779,0.18150826369064404,0.20248105242787218,-0.0651782329674932,-0.40032058149222854,0.601496926572959,0.054245256817454506
2,-0.0182288422365082,-0.06572759874429213,0.10657145973912846,0.4628252646670209,-0.5015049458213783,-0.27022531075256795,-0.1348887615446895,-0.10102759843425932,0.6456410825976928
3,-0.04154568258569086,0.11622791106425827,-0.03607345999869291,0.18129651282594025,-0.7187839530939913,0.010864233334594187,0.008139862360927556,0.1406566996147522,-0.6434099327581607
4,-0.06316752979119244,0.4309566929144736,0.13171436987063487,0.15381880983239002,0.028788364074229952,-0.03641624723977255,0.8685452527883889,0.04125467046069918,0.10511695190815391
