,feature,divergence
7,EDU,3.8619750362794174
6,INDP_CAT,3.1401361207416576
8,PINCP_DECILE,2.8970173680453914
2,MSP,1.8261847643369058
5,OWN_RENT,1.3329282894070011
3,HISP,1.0255397275062283
1,SEX,0.7478477929822195
0,PUMA,0.19164818738132727
4,RAC1P,0.13794414757482892
