,AGEP,DEAR,DENSITY,DEYE,DPHY,DREM,DVET,EDU,HISP,HOUSING_TYPE,INDP_CAT,MSP,NOC,NPF,OWN_RENT,PINCP,PINCP_DECILE,POVPIP,PUMA,RAC1P,SEX
0,-0.3043564692373901,0.0346951907093372,-0.02271404803100882,0.019934480410765454,-0.30517255805089366,-0.3134326432912907,-0.02417205582527245,-0.37160082179273607,0.033161673724941255,-0.07935266415207304,-0.25883162035295354,-0.2539759857384906,0.29386238917729773,0.24417564111143125,0.04645224444962601,0.4202701849375181,-0.32328760132953743,-0.058966613398220055,0.018941639005581965,0.05621393143695239,-0.006460383079087697
1,-0.048062778436781736,-0.08143468606016811,0.03332679691343159,-0.0995329046672249,-0.18934851108291098,-0.1996824127817281,0.003374011749711735,-0.1669276546060326,0.020141009658125143,0.542972362560238,-0.1263784601907953,0.20191236672447663,-0.3091598016254927,-0.3194917726079305,-0.40488266513684135,0.021185738619287714,-0.21375296416680972,0.3310207245454351,-0.07341930489602297,0.007964717640394612,0.04149103382204258
2,0.35681037898571294,-0.3965497460483876,0.0006633393940270434,-0.29670192953413166,-0.29304383108095794,-0.2499817241233553,0.14699367168355676,-0.0772581320534288,-0.08899638424127751,-0.1943552219669014,-0.22256512752707236,0.006361591757597249,-0.22288827293268704,-0.26153866242516355,0.284964979321632,-0.06471293692133527,0.006514051667447077,-0.33978994087423153,0.09452436891185374,-0.16695925735385037,0.02015714410973325
3,-0.18160104380633382,0.1583356241294801,0.35231565828873873,0.09010449501271636,0.03201278450149097,0.011668035909893279,-0.1388232963097205,-0.08227345649013787,0.3148386589083943,0.018089405797041852,0.05869475923837332,0.3467621573264725,-0.09004873800676398,-0.2314345337406715,0.3642472773897489,-0.022220710579796188,-0.20145915175369689,-0.3357220649262666,-0.3132519531056661,0.2958052599057042,0.1600034083460219
4,0.09730407116345689,-0.3348466576695454,0.3703115094062673,-0.22792677245877796,0.09056143554167644,0.1152161521769089,0.3097644109255678,0.0669110120374372,0.20543591028545996,0.019437609128714492,-0.14254293864332263,-0.24311467274673462,0.09096260015637564,0.12583314483928457,-0.04802185971181196,0.0506115746899248,0.09866722587002048,0.17908448098344532,-0.4058171673571803,0.31841092455830855,-0.32948575240407496
