,AGEP,HISP,MSP,NOC,NPF,OWN_RENT,PINCP_DECILE,POVPIP,PUMA,RAC1P,SEX
0,-0.4184082940980471,0.0731751920001833,-0.3607321473356718,0.540657146787755,0.5055806361880881,0.12104875481954513,-0.3123478388545557,-0.11426033918891057,0.022956190466681712,0.12398031953303609,-0.019046616995424256
1,-0.25579200990861467,0.0016666730213685255,0.009929854513859913,-0.04968640505320043,0.03200620299598311,-0.6646642095559366,-0.17883989153404656,0.6670922851266571,-0.07846254514826173,0.0774074914130353,-0.007301103883568912
2,-0.2914974127446691,0.41824814681787004,0.395715579113864,-0.12821803866304649,-0.2779797203300357,0.1305062551420261,-0.4099292103727342,-0.16876846288925712,-0.27186216017245657,0.3840814102712103,0.23411565107063942
3,0.05343975209419812,0.3857777712473659,-0.06015818723000459,0.027008586046662675,0.06677477280481675,0.09026285570298392,0.4103912842664158,0.133673314155548,-0.2655451762105057,0.40749501736911287,-0.6391470789929371
4,-0.17424820983453065,0.2653050398509331,0.2374361690560994,-0.07779795887900856,-0.03766831774394158,-0.05257212104997681,-0.1069992778071211,-0.057013507048680426,0.835423838735682,-0.03927021245115783,-0.3441875723976252
