,PUMA,SEX,MSP,HISP,RAC1P,OWN_RENT,INDP_CAT,EDU,PINCP_DECILE
PUMA,1.1102230246251565e-16,-0.009923514991098057,-0.016142236530248932,-0.01932378211903893,-0.008599747087989612,0.001016511844303309,-0.024374475854718858,-0.05739016780469905,-0.02145323893229598
SEX,-0.009923514991098057,0.0,-0.0076977615504551546,-0.0033893888261917002,-0.011461731555511435,-0.021692608481472614,-0.0035077955930417,-0.05554102485709529,0.017506976219332948
MSP,-0.016142236530248932,-0.0076977615504551546,0.0,0.0221305279469455,-0.01523712648467216,-0.028875114604871677,0.004936051194644908,-0.0066791982514186055,-0.01867172232762998
HISP,-0.01932378211903893,-0.0033893888261917002,0.0221305279469455,-1.1102230246251565e-16,0.2713269643770263,-0.243060987706126,0.14858241240599854,0.17729603617847867,0.15431912193083908
RAC1P,-0.008599747087989612,-0.011461731555511433,-0.015237126484672157,0.2713269643770263,0.0,-0.2553040705902534,0.0386436871203217,0.06427651686534314,0.10334100311127964
OWN_RENT,0.001016511844303302,-0.021692608481472614,-0.02887511460487168,-0.24306098770612597,-0.25530407059025334,-2.220446049250313e-16,-0.02733446292418724,0.049357258274089044,0.052158830901614835
INDP_CAT,-0.02437447585471886,-0.0035077955930416967,0.004936051194644853,0.14858241240599854,0.03864368712032169,-0.02733446292418724,0.0,-0.05963135203366848,-0.04467003237891465
EDU,-0.05739016780469905,-0.05554102485709529,-0.006679198251418633,0.17729603617847864,0.06427651686534312,0.049357258274089044,-0.05963135203366854,-1.1102230246251565e-16,-0.02750738583899348
PINCP_DECILE,-0.02145323893229598,0.017506976219332962,-0.018671722327630008,0.15431912193083908,0.10334100311127965,0.05215883090161484,-0.04467003237891465,-0.02750738583899337,-1.1102230246251565e-16
