,AGEP,DEAR,DENSITY,DEYE,DPHY,DREM,DVET,EDU,HISP,HOUSING_TYPE,INDP_CAT,MSP,NOC,NPF,OWN_RENT,PINCP_DECILE,POVPIP,PUMA,PWGTP,RAC1P,SEX,WGTP
0,-0.2917262220021646,0.031235159480294455,-0.043567235149851676,0.0034378651397444504,-0.3088875354372991,-0.3214828360289265,-0.029560990605602157,-0.38455904878776076,0.06238960699991331,-0.14472323584866265,-0.24137149391709672,-0.2562446848519042,0.33012827137210565,0.301631797523237,0.13790148025897703,-0.33142857526071345,-0.1943708064310064,0.05334940713935443,0.13243778471257647,0.08333013633045912,0.007651396625270609,0.14742005816022696
1,0.06647152859410066,0.047954165732929044,0.13355510432451315,0.02243635542056785,0.20634091496758705,0.20999907302945606,-0.0034483416067562344,0.16681116484615108,0.0863095635381755,-0.3913465742717239,0.2211107769268487,0.07715721114499749,0.10627994482832194,0.06042956831117889,0.43236558650014595,0.1742938020392679,-0.30190538249396465,-0.013646938248784065,0.3661286475805223,0.06407426097504193,0.04540662946099777,0.4256369319317762
2,-0.11272040508414086,-0.03894358313322332,0.3151480047321917,-0.09624576582464588,-0.1696500743677047,-0.171877562261044,-0.050468986483108894,-0.1374409534935182,0.15924821116013055,0.3292074047608615,-0.07232795680160259,0.3500824878272485,-0.31618832873493913,-0.3745312636772742,0.022777086108509967,-0.18868159508329985,0.028455038616245654,-0.20201861345044198,0.35406383124516844,0.14461992333709564,-0.007135710921069456,0.2675681480545102
3,0.37862810479674,-0.4817752980925058,-0.1893998319419595,-0.4074909823501908,-0.26389180974395443,-0.21139041599421188,0.22089633235357375,-0.00864337422191537,-0.16799764377173304,-0.1934138075285887,-0.13941997806172055,-0.050486718280864415,-0.16858766649980003,-0.17552211296062897,0.10122242710173447,0.10251701120890311,-0.20343091539080546,0.08064855887317368,0.014921422318370039,-0.19728446246507436,-0.04400265231816968,0.05333463020698577
4,-0.06427103188189437,0.11318328173629494,-0.20232564094457275,0.20165938837422082,-0.11721154737768577,-0.1377952506491286,0.09974110146432971,0.07943008057861213,-0.29538354485436497,0.10136304203413256,0.10189932480120226,-0.16099849574900002,0.026971071006268065,0.049729482945035056,-0.2516176011917028,0.21160906525212758,0.3559999027870381,0.06845092360569574,0.42182034821200054,-0.33582794322662735,-0.18032344131543687,0.39077118463069754
