,feature,divergence
0,AGEP,0.7581822389282563
6,EDU,0.20513738495570555
7,PINCP_DECILE,0.18132601750641084
2,MSP,0.02872353534781638
3,RAC1P,0.006508153533197721
5,OWN_RENT,0.005712524344143252
1,SEX,0.004960619467784255
8,DVET,0.004070771219058411
9,DEYE,0.0024834101020438266
4,HOUSING_TYPE,0.0013186459207777772
