,PUMA,SEX,MSP,HISP,RAC1P,OWN_RENT,INDP_CAT,EDU,PINCP_DECILE
PUMA,-2.220446049250313e-16,-0.11293810409046577,-0.010841771684558216,-0.12576152505634708,,-0.15505542757702323,0.21416882126152323,0.08072314490581267,0.16350349413783768
SEX,-0.11293810409046577,0.0,-0.027744835953890948,-0.017241006269517634,,0.07944494475343092,-0.19659313460036154,-0.03378718093476592,-0.040363239263762174
MSP,-0.010841771684558216,-0.027744835953890948,-3.3306690738754696e-16,-0.057325462719413425,,0.016929606852103634,-0.13850916095876056,0.10399575857816903,0.06838371044887442
HISP,-0.12576152505634708,-0.017241006269517634,-0.057325462719413425,1.5543122344752192e-15,,-0.12385345897558954,-0.08168511926493009,0.02996705762358183,-0.03744818186969266
RAC1P,,,,,,,,,
OWN_RENT,-0.15505542757702323,0.07944494475343092,0.016929606852103634,-0.12385345897558954,,8.326672684688674e-15,-0.15551087947499667,0.006694268698360942,-0.11194269239973527
INDP_CAT,0.21416882126152323,-0.19659313460036154,-0.13850916095876056,-0.08168511926493009,,-0.15551087947499667,0.0,0.23934507365034208,0.39067017174395613
EDU,0.08072314490581267,-0.03378718093476592,0.10399575857816903,0.02996705762358183,,0.006694268698360942,0.23934507365034208,8.881784197001252e-16,0.14043235724424363
PINCP_DECILE,0.16350349413783768,-0.040363239263762174,0.06838371044887442,-0.03744818186969266,,-0.11194269239973527,0.39067017174395613,0.14043235724424363,2.220446049250313e-16
