,PUMA,SEX,MSP,HISP,RAC1P,OWN_RENT,INDP_CAT,EDU,PINCP_DECILE
PUMA,2.3314683517128287e-15,0.005255903501081796,0.07205635469758734,-0.09675065959730773,0.0616952224894713,0.004778013780769241,-0.015881072323389422,0.0950909285905296,0.002519504009702621
SEX,0.005255903501081796,-5.995204332975845e-15,-0.02380487064965495,-0.016822185624922773,-0.027158515218765694,-0.027909130257736565,-0.04503058388293294,-0.015818774313245805,0.07440950351329174
MSP,0.07205635469758734,-0.02380487064965495,-2.3314683517128287e-15,-0.012258421420973456,0.02434725337623169,0.03710106401792274,-0.2628941661077844,-0.2800019393128792,-0.17476497582164402
HISP,-0.09675065959730773,-0.016822185624922773,-0.012258421420973456,2.55351295663786e-15,-0.1966950230085737,-0.09400473566218744,0.006780518612888628,0.105648991845318,0.0714638911814734
RAC1P,0.0616952224894713,-0.027158515218765694,0.02434725337623169,-0.1966950230085737,0.0,-0.08291494413174233,0.03396092045457271,0.08201619161387527,0.10744400743305449
OWN_RENT,0.004778013780769241,-0.027909130257736565,0.03710106401792274,-0.09400473566218744,-0.08291494413174233,2.6645352591003757e-15,-0.07342153774848721,0.039163441718948644,-0.0009201800304091271
INDP_CAT,-0.015881072323389422,-0.04503058388293294,-0.2628941661077844,0.006780518612888628,0.03396092045457271,-0.07342153774848721,7.771561172376096e-16,-0.478054836870478,-0.4753479996015308
EDU,0.0950909285905296,-0.015818774313245805,-0.2800019393128792,0.105648991845318,0.08201619161387527,0.039163441718948644,-0.478054836870478,-5.551115123125783e-16,-0.6519792060727108
PINCP_DECILE,0.002519504009702621,0.07440950351329174,-0.17476497582164402,0.0714638911814734,0.10744400743305449,-0.0009201800304091271,-0.4753479996015308,-0.6519792060727108,0.0
