,PUMA,SEX,MSP,HISP,RAC1P,OWN_RENT,INDP_CAT,EDU,PINCP_DECILE
PUMA,2.3314683517128287e-15,-0.011735083397934607,0.006490436606684427,0.003780386418231238,0.0020708787471691442,0.0003596218207529457,-0.0027899386726189124,0.003839346231720872,-0.0038968877512896
SEX,-0.011735083397934607,-2.220446049250313e-15,-0.002391135023303988,-0.004145106448225155,0.014602789198851522,0.005141106150277422,-0.01038703499339099,-0.004560183750786071,0.002715954793858791
MSP,0.006490436606684427,-0.002391135023303988,0.0,-0.002149130835979264,0.005155428552730099,-0.0012890972388101066,-0.005549341826254328,-0.009036733156067955,-0.002315133723789775
HISP,0.003780386418231238,-0.004145106448225155,-0.002149130835979264,3.6637359812630166e-15,-0.005938698424124367,0.01095457033329389,-0.009900287878744234,-0.002914392212129413,-0.004417696507492769
RAC1P,0.0020708787471691442,0.014602789198851522,0.005155428552730099,-0.005938698424124367,0.0,-0.00851102922674632,-0.00693987838300697,-0.004403971340953661,0.005868577701079944
OWN_RENT,0.0003596218207529457,0.005141106150277422,-0.0012890972388101066,0.01095457033329389,-0.00851102922674632,-9.992007221626409e-16,-0.024571514798181752,0.007573082337257973,0.003725262810327807
INDP_CAT,-0.0027899386726189124,-0.01038703499339099,-0.005549341826254328,-0.009900287878744234,-0.00693987838300697,-0.024571514798181752,3.552713678800501e-15,-0.019486190988533658,-0.007651932145215923
EDU,0.003839346231720872,-0.004560183750786071,-0.009036733156067955,-0.002914392212129413,-0.004403971340953661,0.007573082337257973,-0.019486190988533658,4.440892098500626e-16,-0.00616010631413022
PINCP_DECILE,-0.0038968877512896,0.002715954793858791,-0.002315133723789775,-0.004417696507492769,0.005868577701079944,0.003725262810327807,-0.007651932145215923,-0.00616010631413022,-4.440892098500626e-16
