,AGEP,HISP,MSP,NOC,NPF,OWN_RENT,PINCP_DECILE,POVPIP,PUMA,RAC1P,SEX
0,-0.4620673165575867,0.17229438035653888,-0.2352415499240676,0.48525643017749914,0.44975173836798515,0.15256761391536094,-0.40389750820632786,-0.2552143140962604,-0.013253438783225286,0.10945176274988144,0.004434341342924253
1,0.04022263831139098,0.17952821707467237,0.4134443307775196,-0.13969336011938294,-0.28381007263920444,0.5779938689345129,-0.0842594405000192,-0.55470961602403,0.00957516519055747,0.14606512945054526,0.15762969903432955
2,-0.10705523648905103,0.5597321764429587,0.14670291473082653,-0.08323796522869026,-0.0671291764035355,-0.21244911824654256,0.03465886196805468,0.23380931579635164,0.3108301723292691,0.6413793303764164,-0.1824744761603535
3,-0.047437523714934975,0.001967173877628769,0.026973041675102484,-0.13594230202908467,-0.11168192354357281,-0.31025322956711854,-0.39804866617398127,0.10449213536054579,-0.028986063252184315,0.08625873147996883,0.8319651020294364
4,0.03849997016229397,0.1032275584706854,0.07154933010310711,-0.05633622718184067,0.014544651477987336,-0.15383582298266824,-0.021778709689945403,-0.04212116724928638,-0.9284815800060376,0.2725368180436056,-0.13072441429580822
