,AGEP,DEAR,DENSITY,DEYE,DPHY,DREM,DVET,EDU,HISP,HOUSING_TYPE,INDP_CAT,MSP,NOC,NPF,OWN_RENT,PINCP,PINCP_DECILE,POVPIP,PUMA,RAC1P,SEX
0,-0.3393422392354065,0.06287690188659828,-0.040701958837928744,0.027422658904665612,-0.27849005615000727,-0.2967815081023804,-0.04079618294109348,-0.37126219145007844,0.08819070388917932,-0.060826271960770395,-0.24120375751331377,-0.22697223776769015,0.28806311312823496,0.25246453817250775,0.07046312148643843,0.3993540186692692,-0.34342817554808164,-0.1388536377392996,-0.01793078199490157,0.05824898855367221,-0.008402320307036627
1,0.14793621854157213,-0.24488950576820565,-0.009716018631485362,-0.17997447366345926,-0.35150604955338316,-0.3353077967246613,0.025833531227842235,-0.11991570092347531,-0.10948990608307235,0.4288487800030993,-0.20427054809881176,-0.03699938219418529,-0.3106619883149972,-0.31306358442662097,-0.3377757060029457,0.06062739361002491,-0.049787476115624514,0.27902443055277776,-0.010594472951199007,-0.05363175731988894,-0.004390560138182446
2,-0.0559882019985695,0.06956158059333759,0.6889125453923033,0.023045544427734457,-0.07441997679922224,-0.07766080244604023,-0.030510117008134136,0.04233899521835359,0.08867159967968613,-0.0035799059180698705,0.03410158083315484,0.008355078761271877,-0.01063764920156738,-0.05923055413651057,0.0557893369255322,0.028542337627583448,0.017442283370793316,0.06495420629129559,0.6835522282984066,0.1182773419316354,0.013738163910684777
3,0.17293357420868374,-0.28513672658582306,0.01565150948103829,-0.28724090876572184,-0.2267971502447348,-0.17917735415029395,0.09076086077021299,-0.05023810412331416,0.004123642595506172,-0.26303134975006726,-0.06143447590490797,0.1669585334065731,-0.1548616877500813,-0.25151535145286036,0.5166678716714782,-0.10743247467497141,-0.02588307007453202,-0.48844344618836116,-0.014394330054310699,-0.020580138218292944,0.07264151125110764
4,-0.15844330175646187,0.12964122550075055,-0.033689623727406595,-0.03767092009477456,0.1626761775175092,0.14519190180144642,-0.3410226556343193,-0.14234550017572362,0.31548699258224505,0.34167054146635467,-0.025411757872642556,0.43967054401023653,-0.10336535657008772,-0.1683295277028074,-0.02821415826042455,-0.08052533706573295,-0.33287473695871933,-0.1588938906442532,-0.051384737606671546,0.3016393375525247,0.29193489320929766
