,AGEP,HISP,MSP,NOC,NPF,OWN_RENT,PINCP_DECILE,POVPIP,PUMA,RAC1P,SEX
0,-0.41840829409804714,0.07317519200018319,-0.36073214733567177,0.540657146787755,0.5055806361880879,0.12104875481954508,-0.31234783885455575,-0.11426033918891064,0.022956190466682107,0.12398031953303576,-0.019046616995424114
1,-0.2557920099086146,0.0016666730213666103,0.009929854513858742,-0.04968640505320028,0.03200620299598378,-0.6646642095559376,-0.17883989153404573,0.6670922851266575,-0.07846254514826072,0.07740749141303363,-0.007301103883570083
2,-0.2914974127446701,0.4182481468178702,0.39571557911386285,-0.1282180386630457,-0.2779797203300368,0.1305062551420255,-0.4099292103727341,-0.16876846288925387,-0.27186216017245785,0.3840814102712107,0.2341156510706402
3,0.053439752094198385,0.3857777712473689,-0.06015818723000502,0.027008586046662925,0.06677477280481786,0.09026285570298351,0.41039128426641713,0.13367331415554892,-0.2655451762105035,0.40749501736911264,-0.6391470789929369
4,-0.1742482098345277,0.2653050398509364,0.23743616905609685,-0.0777979588790094,-0.03766831774394154,-0.0525721210499777,-0.10699927780712064,-0.05701350704868069,0.8354238387356847,-0.03927021245115403,-0.3441875723976187
