,feature,divergence
7,PINCP_DECILE,0.08096361185983819
6,EDU,0.06438543072944997
2,MSP,0.018200913442236656
3,RAC1P,0.007867220183357213
5,OWN_RENT,0.003975553248513328
8,DVET,0.0034422007998379605
9,DEYE,0.0014946649747990884
4,HOUSING_TYPE,0.0011896244690668724
0,AGEP,0.0
1,SEX,0.0
