,AGEP,DEYE,HISP,MSP,NOC,NPF,OWN_RENT,PINCP_DECILE,POVPIP,PUMA,RAC1P,SEX
0,-0.42029838014568915,0.10319236608506877,0.07152951759982004,-0.35742411314405,0.5379069442938611,0.5030739749246697,0.1204326235316384,-0.30669828697669343,-0.1115373659510063,0.02165191807433525,0.12459250415714902,-0.020107113687656206
1,-0.2557105820770608,0.036454156431139556,0.0002685807166453412,0.013037730878060339,-0.05235011019985364,0.029409607641183846,-0.6636930658262249,-0.17305816280514755,0.668256787821237,-0.07973791941448456,0.07784410669339659,-0.00922445246077332
2,-0.2914014067044793,-0.01006680550441938,0.41844205524352696,0.39474562689677223,-0.12768387961819844,-0.2773323736399013,0.12942409398014354,-0.41194331560335445,-0.1685679139371451,-0.27123309044592125,0.3835999672344996,0.23509623618169143
3,0.02154401443111926,0.2980778779314963,0.322602163475716,-0.013193977401962619,0.013783136765753462,0.04269660798620095,0.11064253899148659,0.4290537799163781,0.12695394557312664,-0.27143315653756733,0.38243294108495907,-0.6099582668774012
4,0.17213391515094006,-0.8323737083413237,0.3956843019358689,-0.19333873016878436,0.015062115880599802,0.08233891471181459,-0.08082382343043427,0.010755740711870798,0.029544008315227896,0.14152956034200878,0.17543940389980012,-0.13505851921897583
