,PUMA,SEX,MSP,HISP,RAC1P,OWN_RENT,INDP_CAT,EDU,PINCP_DECILE
PUMA,0.0,0.037135711338668165,0.07513981651274393,0.06646134342593549,0.035107173869457546,0.21730050469801734,-0.001816607471081335,-0.04818204263202957,-0.05838358193389293
SEX,0.037135711338668165,2.3314683517128287e-15,-0.018092350635210506,-0.02367411490287687,0.02375139596091347,0.02178923501921543,-0.016183455728784345,-0.029973181028020605,0.05188992397865415
MSP,0.07513981651274393,-0.018092350635210506,1.7763568394002505e-15,-0.021544877749793277,-0.02587349717660429,-0.07120772258376516,-0.02458030926674587,0.05387811609569623,0.02507048607526985
HISP,0.06646134342593549,-0.02367411490287687,-0.021544877749793277,-9.992007221626409e-16,-0.21610881778023736,-0.14810590304226506,0.004335914513282732,0.13014346376991442,0.1252718939400224
RAC1P,0.035107173869457546,0.02375139596091347,-0.02587349717660429,-0.21610881778023736,1.5543122344752192e-15,-0.051306350911583774,0.008250559334056901,0.15644115904870104,0.15126878314689776
OWN_RENT,0.21730050469801734,0.02178923501921543,-0.07120772258376516,-0.14810590304226506,-0.051306350911583774,-6.661338147750939e-16,-0.029314450013853462,0.0785299871147438,0.07355164371820389
INDP_CAT,-0.001816607471081335,-0.016183455728784345,-0.02458030926674587,0.004335914513282732,0.008250559334056901,-0.029314450013853462,2.886579864025407e-15,-0.07837226467610198,-0.004018112639902038
EDU,-0.04818204263202957,-0.029973181028020605,0.05387811609569623,0.13014346376991442,0.15644115904870104,0.0785299871147438,-0.07837226467610198,1.5543122344752192e-15,-0.05380349289176711
PINCP_DECILE,-0.05838358193389293,0.05188992397865415,0.02507048607526985,0.1252718939400224,0.15126878314689776,0.07355164371820389,-0.004018112639902038,-0.05380349289176711,1.1102230246251565e-16
