,feature,divergence
1,AGEP,9.609453261783571
10,POVPIP,3.512746295296024
9,PINCP_DECILE,3.288549882129324
5,RAC1P,1.5614186074980845
7,NPF,1.424123938240404
3,MSP,1.0824712867082158
0,PUMA,1.0274647050819397
6,NOC,0.3932635146964853
8,OWN_RENT,0.3902252558866536
2,SEX,0.23645758108589676
4,HISP,0.026812184924254304
