,AGEP,DEYE,DVET,EDU,HOUSING_TYPE,MSP,OWN_RENT,PINCP_DECILE,RAC1P,SEX
0,-0.5251615970832851,0.0652534681609157,-0.11259059023351774,-0.5549528123126449,-0.05893922391740676,-0.24157157887476582,0.1259937301748023,-0.5520087567508631,0.12658595063201167,0.029244942000674554
1,0.02811765841716272,-0.18658641777119184,-0.11718581844773228,-0.09819642367100948,0.7053995999603059,0.11063300778624477,-0.6234402039734311,-0.180053101480127,0.030951825962070488,0.09558646071481312
2,-0.0813493804321327,0.16780383264888304,0.5529867249917668,-0.09293384395818141,0.07833761585472643,-0.25478598948784187,-0.23597543652255418,0.10915704418016121,0.08570655941929103,-0.7104893883239473
3,-0.1547922170558904,0.3132249273013645,-0.11734411123309314,0.09253546874419225,0.09949165121325235,0.561790954096981,0.11943281341259275,0.03871391405782931,0.7010062049706078,-0.15138273614990436
4,-0.005050879427424743,-0.8560167110688459,0.2659565134223689,-0.08439859638472991,0.01642240345330702,0.2253814492297536,0.2840210781056711,-0.06826570574970126,0.17794701922761516,-0.145924894553662
