,AGEP,DEAR,DENSITY,DEYE,DPHY,DREM,DVET,EDU,HISP,HOUSING_TYPE,INDP_CAT,MSP,NOC,NPF,OWN_RENT,PINCP_DECILE,POVPIP,PUMA,PWGTP,RAC1P,SEX,WGTP
0,-0.31113100037932684,0.03692943351994213,-0.024318411581474,0.021027510735490286,-0.3272649246037087,-0.33504382906363334,-0.024487423909998876,-0.38571430576887444,0.050229808369459485,-0.14254707489451224,-0.2617237012754666,-0.2626804657816671,0.33450538635622024,0.2895214759954991,0.10738031643359482,-0.3254461750889919,-0.11509564455233648,0.03494085259644023,0.1300375517347522,0.06363153876061739,-0.00751219594902356,0.15192092728196943
1,0.09464978674606848,0.044779847129626515,0.009369972066027459,0.05395801694994012,0.20850450195151854,0.21745014270444804,0.009073277047059444,0.1980180044967549,0.0373325154565675,-0.4357208204679653,0.1648306158211232,-0.06626907798054169,0.15498263910487653,0.16048484876577743,0.38355016706693723,0.23580610881455263,-0.29845682641019106,0.06149017919153398,0.3476356420251727,-0.00431429076341647,-0.02582372890512418,0.4077914986273755
2,0.20780050724049412,-0.2988754829023083,0.10352293326976492,-0.26135355967677065,-0.25158429763244183,-0.23110588062996162,0.09708539249015033,-0.11708753043204367,0.08611474540292281,0.07835309483903126,-0.15125680371639216,0.22246308666103304,-0.35846089765173866,-0.421549984011947,0.1692549957967184,-0.08620969789060945,-0.19897011211250917,0.006941364822520263,0.3109750246268057,-0.050347703241311846,0.05411278653814799,0.28039766909745417
3,-0.3584432062825698,0.30274760146417445,0.1734141511563886,0.1791467365971716,0.14466824145430848,0.09868174389246365,-0.13958690943761662,-0.046579100669366214,0.31177281084512,0.30840957724453555,0.1773895476608183,0.2871053614268926,-0.02738836763528224,-0.06578515885061983,-0.1028177906593023,-0.14817612713918848,0.1619369913627501,-0.17173385097441204,0.34770922335569604,0.26273940867485096,0.05376276196848872,0.270211447251253
4,0.01893136667306321,-0.08764580214422207,-0.3650377786848683,-0.09033326217327706,-0.03349910799996972,-0.03838197226721001,0.1590209145045571,0.024479584706208514,-0.026444984883387097,0.13757944085876508,0.05296877747467408,-0.12479256166137791,-0.003141143474802919,0.1279276427471438,-0.3780723366458425,0.15178375752022488,0.38991598858877485,0.4117644737153609,0.3408362903802285,-0.18886544697231922,-0.20780114417813667,0.2917205819055754
