,PUMA,SEX,MSP,HISP,RAC1P,OWN_RENT,INDP_CAT,EDU,PINCP_DECILE
PUMA,1.1435297153639112e-14,-0.016150280047352743,0.002446412505719005,-0.02525837211147306,-0.0075507687345845505,-0.0029955923591489624,-0.0292133521523303,-0.0653407427990691,-0.014595946842960604
SEX,-0.016150280047352743,-8.43769498715119e-15,0.008978080457326265,-0.015462180960197656,-0.005140449389344015,0.0030199792864231394,-0.04696892874802583,-0.05215650560484226,0.0743890039905094
MSP,0.002446412505719005,0.008978080457326265,0.0,0.04372293605458027,0.024939709886127898,0.04831530448849349,-0.25271166917748616,-0.2763913632091251,-0.18817451813977093
HISP,-0.02525837211147306,-0.015462180960197656,0.04372293605458027,2.220446049250313e-15,-0.16864447500609311,-0.029646412945213384,0.0604032205220285,0.14187616994633648,0.1086457509289601
RAC1P,-0.0075507687345845505,-0.005140449389344015,0.024939709886127898,-0.16864447500609311,0.0,-0.02333438964632488,0.029520742190837338,0.08313962042522494,0.11120080281337917
OWN_RENT,-0.0029955923591489624,0.0030199792864231394,0.04831530448849349,-0.029646412945213384,-0.02333438964632488,0.0,-0.003055730455645049,0.056562148112126065,0.036086254050497896
INDP_CAT,-0.0292133521523303,-0.04696892874802583,-0.25271166917748616,0.0604032205220285,0.029520742190837338,-0.003055730455645049,0.0,-0.47425189847523297,-0.4427799471368833
EDU,-0.0653407427990691,-0.05215650560484226,-0.2763913632091251,0.14187616994633648,0.08313962042522494,0.056562148112126065,-0.47425189847523297,4.107825191113079e-15,-0.6481893446462037
PINCP_DECILE,-0.014595946842960604,0.0743890039905094,-0.18817451813977093,0.1086457509289601,0.11120080281337917,0.036086254050497896,-0.4427799471368833,-0.6481893446462037,0.0
