,PUMA,SEX,MSP,HISP,RAC1P,OWN_RENT,INDP_CAT,EDU,PINCP_DECILE
PUMA,4.3298697960381105e-15,0.0014358677169550103,-0.18072009866356248,,-0.2988860956018906,-0.06533272379828997,0.0426562912362031,-0.08535261070515486,0.012385869249182752
SEX,0.0014358677169550103,2.5868196473766147e-14,-0.08918939239483609,,0.0285215799687887,-0.016464413366219538,-0.20472581990050767,-0.17179471578028913,-0.15153993003422866
MSP,-0.18072009866356248,-0.08918939239483609,0.0,,0.06290165070170561,-0.40183779310331197,-0.09821990348265913,0.15499913110369035,0.03423125391102855
HISP,,,,,,,,,
RAC1P,-0.2988860956018906,0.0285215799687887,0.06290165070170561,,-1.887379141862766e-15,0.025118722922014156,-0.10038705612935916,0.08134161778370062,0.03403857024642565
OWN_RENT,-0.06533272379828997,-0.016464413366219538,-0.40183779310331197,,0.025118722922014156,-1.2212453270876722e-15,-0.13562037566789895,-0.1824142400889336,-0.07810299034891702
INDP_CAT,0.0426562912362031,-0.20472581990050767,-0.09821990348265913,,-0.10038705612935916,-0.13562037566789895,-2.220446049250313e-15,0.22230589339640172,0.3134309558354842
EDU,-0.08535261070515486,-0.17179471578028913,0.15499913110369035,,0.08134161778370062,-0.1824142400889336,0.22230589339640172,0.0,0.13144604806917304
PINCP_DECILE,0.012385869249182752,-0.15153993003422866,0.03423125391102855,,0.03403857024642565,-0.07810299034891702,0.3134309558354842,0.13144604806917304,1.1102230246251565e-16
