,feature,divergence
5,EDU,5.119943168858335
2,RAC1P,3.8479358491609594
6,PINCP_DECILE,3.4496448177627794
1,MSP,2.8410522356017838
7,DVET,2.757690511912626
3,HOUSING_TYPE,1.301735026095118
4,OWN_RENT,0.9783461335686144
0,SEX,0.049577638274172164
