,EDU,HISP,INDP_CAT,MSP,OWN_RENT,PINCP_DECILE,PUMA,RAC1P,SEX
0,-0.566125665424989,0.15509979203949475,-0.4897462755127016,-0.30435521113345476,0.049481524472133664,-0.5534536170037254,-0.043899327019964074,0.1068216671263644,0.029409685729566953
1,-0.003460126786582491,0.6176667604119578,0.20689453940539215,0.2600836941654896,0.338932007130476,-0.020471515636093895,0.21019913550127858,0.589648817421764,0.029385869665183847
2,-0.018556109310644785,0.12612634670486186,-0.10267619157272176,-0.21350482906193502,-0.2902481486688528,0.22623656138595905,0.04080408225365581,0.20127577296703314,-0.8660353478351872
3,-0.0500073153402993,0.05132823467927129,0.08272803769322909,0.18707511355719195,0.03145250360188778,-0.0039242100869179355,-0.9599163500806988,0.16169289819496965,-0.06659581456506254
4,0.08749415590913763,0.10041662662184124,0.003902233936483382,-0.007443873101248867,-0.8449588410538751,-0.04769712797520635,0.0072988912786794,0.36028090851331895,0.36892352752016716
