,feature,divergence
1,AGEP,2.3432650527622596
10,POVPIP,1.5450687737781683
9,PINCP_DECILE,0.785173299101412
7,NPF,0.6728442928039702
3,MSP,0.6363696684980227
5,RAC1P,0.3965981399902105
0,PUMA,0.36463445230568525
8,OWN_RENT,0.11525556168413315
6,NOC,0.11459830636586088
4,HISP,0.1037775805364555
2,SEX,0.049982584465343094
