,AGEP,DEAR,DEYE,DPHY,DREM,DVET,EDU,HISP,HOUSING_TYPE,INDP,INDP_CAT,MSP,NOC,NPF,OWN_RENT,PINCP,PINCP_DECILE,POVPIP,PUMA,PWGTP,RAC1P,SEX,WGTP
0,-0.3100076823288689,0.05000117014082635,0.01969332397686612,-0.2609999165691595,-0.2766346832999005,-0.03670505096347333,-0.3569577615837702,0.0840945858867818,-0.05347615274324967,-0.27504020169111976,-0.27302149391624553,-0.21290000034917295,0.26609446639596296,0.22741873433512796,0.06686974199511314,0.38007695580244943,-0.3321516986008363,-0.13341722028050246,-0.005359481873233075,0.09734707142895961,0.05455460562590227,-0.01076473540470796,0.0998491864724986
1,-0.1521975163805232,0.17666105657923104,0.11487201789423054,0.20157588013917482,0.1858106488596865,-0.011351051365932249,0.07942539258702858,0.1294164690536694,-0.31169595718748133,0.25042751971355404,0.2531722055233515,0.07852495029045867,0.22682740796514314,0.21584935888957044,0.29988329822550963,-0.0650264944682877,0.05827555187063373,-0.2216213002824086,0.07801570556234377,0.40633342048535576,0.07507855255032697,0.0034663540435805815,0.4270855484972241
2,0.18471779090421955,-0.25951660315376057,-0.2262116622069347,-0.14035551489784973,-0.11288952676370487,0.05553466227301725,-0.04347361154671736,0.04404995235248371,0.1673680170922794,-0.22064033852376017,-0.217798056443661,0.18443497029525907,-0.268076387272043,-0.33951990771438856,0.05069513706536907,-0.10348498267431497,-0.011546530254867605,-0.04909857380832438,0.1386884103380328,0.47335799409661145,0.02852040265540365,0.0031880864263433,0.45029593797128536
3,-0.20665154451084505,0.16552847237269455,0.11830094115092299,-0.3465058477496683,-0.3792366225526316,-0.0389389224709175,-0.03607692917956315,0.07770830812462796,0.28246931240833567,0.37607448432625257,0.37803641709291175,0.01995947023293039,-0.05963997798462297,-0.020941275424847652,-0.24754390003849588,0.044431903353070075,0.08334593475790239,0.35730505770619986,0.1651430674274703,0.14465704588520806,0.1296502310872621,-0.03892145359514069,0.10120957830350734
4,-0.10855358284329213,0.17301415760933644,0.14505591004110766,0.41839692006256574,0.38275314582372955,-0.16830803180753387,-0.002178184791282272,0.14651906004290144,0.35334328376115764,-0.19888766782519773,-0.1958954675051167,0.05016230956614653,0.07776172762692084,0.10030081298599926,-0.4273301122944438,0.03649371409915729,-0.14516517811489618,0.2827804198559836,0.07904281133189558,0.15385115764959012,0.12387082724952328,0.023100013654348956,0.117058182186577
