,AGEP,HISP,MSP,NOC,NPF,OWN_RENT,PINCP_DECILE,POVPIP,PUMA,RAC1P,SEX
0,-0.4184082940980469,0.07317519200018308,-0.3607321473356716,0.5406571467877552,0.5055806361880875,0.12104875481954486,-0.31234783885455614,-0.11426033918891057,0.022956190466682118,0.12398031953303577,-0.019046616995423912
1,-0.25579200990861567,0.0016666730213680259,0.009929854513860213,-0.04968640505320103,0.03200620299598292,-0.6646642095559365,-0.17883989153404722,0.6670922851266564,-0.07846254514826265,0.07740749141303542,-0.007301103883568685
2,-0.2914974127446681,0.4182481468178717,0.3957155791138623,-0.12821803866304576,-0.27797972033003676,0.1305062551420269,-0.40992921037273267,-0.16876846288925665,-0.27186216017245773,0.38408141027121195,0.23411565107063953
3,0.05343975209420011,0.3857777712473679,-0.06015818723000771,0.027008586046662536,0.06677477280481829,0.09026285570298269,0.41039128426641674,0.13367331415554862,-0.2655451762105024,0.4074950173691138,-0.6391470789929369
4,-0.1742482098345252,0.26530503985094006,0.23743616905609433,-0.07779795887900934,-0.03766831774394047,-0.05257212104997884,-0.10699927780711863,-0.05701350704867901,0.8354238387356875,-0.039270212451150956,-0.3441875723976138
