,PUMA,SEX,MSP,HISP,RAC1P,OWN_RENT,INDP_CAT,EDU,PINCP_DECILE
PUMA,-1.1102230246251565e-16,-0.16865417445911715,-0.07175797462588435,,,0.05828829139286591,-0.0966783075270521,-0.07674773533446669,-0.05985541013692072
SEX,-0.16865417445911712,1.1102230246251565e-16,0.0662942610139873,,,-0.08581069068486066,0.030266409968763765,-0.00869662383242606,0.11572373755431431
MSP,-0.07175797462588432,0.0662942610139873,0.0,,,-0.32498241409483347,-0.09354848682462899,0.34372365461101406,0.3167265370632229
HISP,,,,,,,,,
RAC1P,,,,,,,,,
OWN_RENT,0.05828829139286591,-0.08581069068486066,-0.32498241409483347,,,-1.1102230246251565e-16,-0.02578242932909125,-0.13137192717573173,-0.1559126043700293
INDP_CAT,-0.0966783075270521,0.030266409968763765,-0.09354848682462896,,,-0.02578242932909125,0.0,0.05058532920366304,0.09368197156526864
EDU,-0.07674773533446669,-0.00869662383242606,0.343723654611014,,,-0.13137192717573173,0.0505853292036631,0.0,0.14747640302328324
PINCP_DECILE,-0.059855410136920716,0.11572373755431431,0.3167265370632229,,,-0.1559126043700293,0.0936819715652687,0.14747640302328324,2.220446049250313e-16
