,AGEP,DEYE,DVET,EDU,HOUSING_TYPE,MSP,OWN_RENT,PINCP_DECILE,RAC1P,SEX
0,-0.5028447292406178,0.043012204491294725,-0.07175908242364294,-0.5679702824416624,0.1515700234131372,-0.14873136663162015,-0.08761200318302993,-0.5866974558755633,0.1357380801582601,0.04635121613684495
1,0.08304591705250107,-0.10230268734180549,-0.01907577203785427,0.1116218538809066,0.6716988815264691,0.3945644912925188,-0.5978167220009161,-0.022949751126825,-0.02800798358181144,0.06525117564494223
2,-0.135137950458474,0.26064593837092953,0.49819505834563477,-0.00603801914196106,0.09158676751919495,-0.06551219753831741,-0.11924577457640734,0.1377388146573079,0.25369209881649696,-0.7452083295905173
3,0.22223680784030084,-0.6550436193785649,0.44402949102179606,-0.21438907305983795,-0.02747864694178182,-0.25933023762213064,-0.1000116119299007,-0.11685032394867223,-0.4203788058072861,-0.10010936582189145
4,0.01864476847813841,-0.4635525169019092,0.2676442887071582,0.0638006862986058,-0.0032172989541422586,0.2522850174589729,0.23686945384444244,-0.0579836563961848,0.7405275973679875,0.19380143897425905
