,feature,divergence
7,EDU,4.52957264957265
8,PINCP_DECILE,4.339751029351569
2,MSP,2.0899250383491066
6,INDP_CAT,1.3373838794825799
1,SEX,0.19316214088941353
5,OWN_RENT,0.13278172406322455
4,RAC1P,0.1309362279511533
3,HISP,0.11745886956579218
0,PUMA,0.011400157273022571
