,feature,divergence
8,PINCP_DECILE,0.339789976776278
7,EDU,0.18899850149850156
2,MSP,0.10905758323828577
6,INDP_CAT,0.09323204419889505
0,PUMA,0.08858978396083472
3,HISP,0.08476803379053693
5,OWN_RENT,0.08048980461749919
4,RAC1P,0.07211615870366114
1,SEX,0.01461722556635825
