,AGEP,DVET,EDU,HOUSING_TYPE,MSP,OWN_RENT,PINCP_DECILE,RAC1P,SEX
0,-0.4982749905567928,-0.09016851692861394,-0.5734945916533551,0.02903160962723679,-0.23250878224365434,0.06773793923583318,-0.5735114526811432,0.16154876022663647,0.013807273727307709
1,-0.037311932942551466,-0.021353625248359043,-0.008350774585728485,0.7107184529249724,0.23450529088267205,-0.6404833628352137,-0.11833349837453894,-0.0922045422644682,-0.07242391602342463
2,0.05620074464746162,0.6021983789361274,-0.1332667573864042,-0.07645100128936028,-0.4384563661164885,-0.1733887078641878,0.050915256876362114,-0.28011255963148435,-0.5542840120699509
3,-0.19502712780741863,0.24378034878665816,0.05175221247879391,0.08706081099111065,0.5066767263980047,0.2583707438767113,0.047323194746255653,0.5366171296313846,-0.5278290534994666
4,0.17519382532366712,0.6229138781932946,0.004040228999036333,0.06295474341276011,-0.10892822499820547,-0.12078577963024233,-0.07099744591671431,0.4852841347578526,0.5570546734545897
