,feature,divergence
6,INDP_CAT,13.006309182023037
7,EDU,4.654319472112462
4,RAC1P,4.499859136403953
3,HISP,3.0049721856510816
2,MSP,2.642807413034279
8,PINCP_DECILE,2.003099830436626
0,PUMA,1.082687244534307
5,OWN_RENT,1.0822940639350613
1,SEX,0.1633473951474117
