,EDU,HISP,INDP_CAT,MSP,OWN_RENT,PINCP_DECILE,PUMA,RAC1P,SEX
0,-0.5661256654249883,0.15509979203949475,-0.48974627551270145,-0.3043552111334556,0.04948152447213364,-0.5534536170037248,-0.04389932701996388,0.10682166712636448,0.029409685729566676
1,-0.0034601267865831536,0.6176667604119584,0.20689453940539254,0.2600836941654909,0.338932007130475,-0.020471515636094062,0.21019913550127678,0.5896488174217631,0.029385869665183254
2,-0.01855610931064398,0.12612634670486025,-0.10267619157272259,-0.2135048290619363,-0.2902481486688515,0.22623656138595907,0.040804082253667204,0.201275772967031,-0.8660353478351867
3,-0.05000731534029062,0.051328234679279175,0.08272803769322745,0.18707511355719006,0.031452503601793816,-0.003924210086921585,-0.9599163500806973,0.1616928981950114,-0.06659581456503334
4,0.08749415590914264,0.10041662662183368,0.003902233936473286,-0.007443873101266315,-0.8449588410538789,-0.04769712797520627,0.007298891278782292,0.3602809085133032,0.36892352752017193
