,feature,divergence
1,AGEP,9.162047992011468
10,POVPIP,4.695497392699559
9,PINCP_DECILE,4.297452889539675
3,MSP,3.863403082798744
7,NPF,1.3476945292467961
6,NOC,0.3013009198811847
0,PUMA,0.25199580075408756
8,OWN_RENT,0.1874266854036329
2,SEX,0.10118589201679318
5,RAC1P,0.015893411543394492
4,HISP,0.0036905362101684095
