,feature,divergence
1,AGEP,1.687140213523132
9,PINCP_DECILE,0.15260236888586162
0,PUMA,0.11302440670340796
7,NPF,0.06615336837249497
10,POVPIP,0.04328800715364947
6,NOC,0.026019901128058652
3,MSP,0.023497144056981025
8,OWN_RENT,0.01680551687454905
2,SEX,0.012763803062556311
4,HISP,0.011828257432401516
5,RAC1P,0.00829464750547627
