,AGEP,DEYE,DVET,EDU,HOUSING_TYPE,MSP,OWN_RENT,PINCP_DECILE,RAC1P,SEX
0,-0.5003671965995967,0.03900010057801162,-0.09147255741886495,-0.571728572058546,0.028571268082506596,-0.23289866092055742,0.06753307375165174,-0.5718403334470059,0.16142351159960205,0.013897306588228707
1,-0.03675130220352628,-0.009456974854132456,-0.020757550366641488,-0.009303160616242447,0.7107583250013619,0.23447166211410753,-0.640272802506231,-0.119215381037519,-0.09207325951810744,-0.0724504796505393
2,0.099011757114516,-0.2779127426598974,0.6235894739239598,-0.1604642273035826,-0.06821032417491643,-0.39253564712296185,-0.14847233213294334,0.01223492147309685,-0.24609473311527846,-0.5068089898784713
3,-0.11347758108071393,-0.3436023315316469,0.22875269641392015,0.017965216400232603,0.09691595087679913,0.5511477770143594,0.2765624299491435,-0.018082836577394346,0.5527299875731538,-0.3477484030132123
4,0.23737997636266325,-0.7955381192427704,-0.04165471474754823,-0.09690685272827237,0.0031132641869992678,-0.017539553050345894,-0.018473106588028296,-0.1634021113763081,-0.08018248525365723,0.515611994955058
