,AGEP,DEYE,DVET,EDU,HOUSING_TYPE,MSP,OWN_RENT,PINCP_DECILE,RAC1P,SEX
0,-0.5003671965995974,0.03900010057801129,-0.09147255741886616,-0.5717285720585459,0.028571268082506915,-0.23289866092055583,0.0675330737516528,-0.571840333447006,0.16142351159960294,0.013897306588227389
1,-0.03675130220352603,-0.009456974854130905,-0.020757550366643097,-0.009303160616242081,0.7107583250013612,0.23447166211410772,-0.6402728025062312,-0.11921538103751911,-0.09207325951810806,-0.07245047965053891
2,0.09901175711451507,-0.27791274265989524,0.6235894739239634,-0.16046422730358278,-0.06821032417491457,-0.3925356471229616,-0.1484723321329447,0.01223492147309685,-0.2460947331152758,-0.5068089898784691
3,-0.11347758108069077,-0.34360233153172687,0.22875269641391674,0.017965216400224082,0.09691595087680016,0.5511477770143615,0.2765624299491423,-0.018082836577410583,0.552729987573141,-0.347748403013158
4,0.23737997636267513,-0.7955381192427381,-0.04165471474757723,-0.09690685272827437,0.0031132641869897615,-0.01753955305040371,-0.018473106588057217,-0.16340211137630561,-0.08018248525371435,0.5156119949550878
