,feature,divergence
8,PINCP_DECILE,2.27392305570877
7,EDU,2.154482683733824
2,MSP,0.7971561783853738
6,INDP_CAT,0.699841497909983
0,PUMA,0.5493510679706125
5,OWN_RENT,0.28198741224424584
4,RAC1P,0.22195191069253498
3,HISP,0.11297330883340029
1,SEX,0.07331358387752451
