,PUMA,SEX,MSP,HISP,RAC1P,OWN_RENT,INDP_CAT,EDU,PINCP_DECILE
PUMA,0.0,-0.1798549134024835,0.09624462809308859,,,0.09864825262751657,-0.13769808886896098,-0.04181113275784546,-0.1665926122093877
SEX,-0.1798549134024835,-5.995204332975845e-15,0.1856392780944405,,,-0.11087444380220801,-0.09389252956089286,-0.14127113643243758,-0.0133256319047316
MSP,0.09624462809308859,0.1856392780944405,1.887379141862766e-15,,,-0.3178685671680934,-0.377646747256973,0.07702192588554177,-0.028005239762709848
HISP,,,,,,,,,
RAC1P,,,,,,,,,
OWN_RENT,0.09864825262751657,-0.11087444380220801,-0.3178685671680934,,,7.993605777301127e-15,0.009322675310142917,-0.13655124305386612,-0.18527909763728087
INDP_CAT,-0.13769808886896098,-0.09389252956089286,-0.377646747256973,,,0.009322675310142917,-2.4424906541753444e-15,-0.003842360329605554,0.09820659819422606
EDU,-0.04181113275784546,-0.14127113643243758,0.07702192588554177,,,-0.13655124305386612,-0.003842360329605554,0.0,0.08191037994783046
PINCP_DECILE,-0.1665926122093877,-0.0133256319047316,-0.028005239762709848,,,-0.18527909763728087,0.09820659819422606,0.08191037994783046,9.992007221626409e-16
