,AGEP,DEYE,HISP,MSP,NOC,NPF,OWN_RENT,PINCP_DECILE,POVPIP,PUMA,RAC1P,SEX
0,-0.4628491606302894,0.07315148085400736,0.1710232891078233,-0.23505908513614954,0.4844404883453546,0.44944576837523426,0.15138723674413576,-0.40095631188216485,-0.2517830358556852,-0.012839000052200244,0.10944910014099256,0.003314950349357894
1,0.04494434893080248,-0.15253190350776932,0.17767095538071068,0.39800261212175436,-0.1322540314967359,-0.2746654115882652,0.566721171882842,-0.1005087964797642,-0.5603120014666058,0.002515902671267289,0.13661576440580975,0.16707518795960563
2,-0.11163374314215921,0.1405702506075347,0.5481060903060136,0.1701910503543846,-0.08535062182635654,-0.0764547889523399,-0.16779926937614714,0.06095908271294544,0.21778723647189088,0.3148004158555469,0.6344714360772831,-0.21048842919697136
3,-0.028794325335344553,-0.3029446971176274,0.07487542606291026,-0.014473375000575939,-0.12003109293574857,-0.08447836649433138,-0.3637680193087714,-0.39097201589716857,0.12195901207307827,-0.027279736815281674,0.13635799332492662,0.748757340886355
4,0.0895597434487891,-0.448562789779158,0.1699684001931296,-0.027759892226606922,-0.004514239518565999,0.06353431720790512,-0.14502420475340258,0.03637550834591724,-0.055410075145514055,-0.7636142816673374,0.23839199976213027,-0.30280460491949623
