,EDU,HISP,INDP_CAT,MSP,OWN_RENT,PINCP_DECILE,PUMA,RAC1P,SEX
0,-0.5661256654249882,0.15509979203949464,-0.4897462755127012,-0.304355211133455,0.04948152447213369,-0.5534536170037254,-0.04389932701996415,0.1068216671263644,0.029409685729566704
1,-0.0034601267865825426,0.6176667604119604,0.20689453940539182,0.2600836941654898,0.3389320071304734,-0.020471515636093396,0.21019913550127808,0.5896488174217634,0.029385869665182057
2,-0.018556109310644896,0.1261263467048579,-0.1026761915727229,-0.21350482906193674,-0.2902481486688455,0.2262365613859596,0.04080408225366021,0.20127577296702845,-0.8660353478351903
3,-0.050007315340295344,0.0513282346792718,0.08272803769322783,0.18707511355719234,0.03145250360184798,-0.0039242100869198646,-0.9599163500806976,0.16169289819499008,-0.06659581456505065
4,0.08749415590913906,0.10041662662183785,0.0039022339364777336,-0.007443873101256531,-0.8449588410538804,-0.04769712797520506,0.0072988912787247074,0.3602809085133137,0.3689235275201611
