,PUMA,SEX,MSP,HISP,RAC1P,OWN_RENT,INDP_CAT,EDU,PINCP_DECILE
PUMA,0.0,0.00034569191610328565,0.02826569478978057,0.03088555416854012,0.012613995812207443,0.011233852779683843,0.01755367313624938,0.042555343066191756,-0.005921565420509258
SEX,0.00034569191610328565,1.1102230246251565e-16,-0.023485256861537906,0.017302993529192286,0.014893132331425252,-0.002860655071434806,-0.007663335472732902,-0.04574433815091292,0.07753350109194347
MSP,0.02826569478978058,-0.023485256861537906,0.0,-0.020923040474514588,-0.047945036443013934,0.014650743358847865,-0.05226687465160934,0.03521805764695632,0.00026671086146583256
HISP,0.030885554168540125,0.01730299352919229,-0.020923040474514588,0.0,-0.12257433396565497,-0.07372810390019977,-0.029289770657133687,0.051261259900265845,0.05280325322655066
RAC1P,0.01261399581220745,0.014893132331425248,-0.047945036443013934,-0.12257433396565497,-2.220446049250313e-16,-0.01476534360282752,-0.008774301020214495,0.02092611714614004,0.04157337937549813
OWN_RENT,0.011233852779683843,-0.002860655071434808,0.014650743358847865,-0.07372810390019977,-0.01476534360282752,0.0,-0.019285745841835573,0.004709687912789152,-0.028625705091570343
INDP_CAT,0.01755367313624938,-0.007663335472732902,-0.05226687465160931,-0.02928977065713368,-0.008774301020214502,-0.019285745841835573,0.0,-0.11018972266017699,-0.0011486093685384446
EDU,0.042555343066191756,-0.04574433815091292,0.03521805764695635,0.05126125990026583,0.020926117146140035,0.00470968791278915,-0.1101897226601769,0.0,-0.0698360206294158
PINCP_DECILE,-0.005921565420509256,0.07753350109194346,0.00026671086146584644,0.05280325322655066,0.04157337937549813,-0.028625705091570346,-0.0011486093685384446,-0.0698360206294158,2.220446049250313e-16
