,AGEP,DEAR,DENSITY,DEYE,DPHY,DREM,DVET,EDU,HISP,HOUSING_TYPE,INDP_CAT,MSP,NOC,NPF,OWN_RENT,PINCP,PINCP_DECILE,POVPIP,PUMA,RAC1P,SEX
0,-0.2877693509436393,0.031249170808641653,-0.04877485312729379,0.009460811523023905,-0.2924649660886753,-0.3062730279016707,-0.027543433842540512,-0.36656522135225184,0.04278552797603935,-0.0932378777371815,-0.2437403920130705,-0.2679513501453967,0.29832033493329024,0.27062453859937674,0.07654586421063417,0.40404706659689416,-0.3200757684868465,-0.13116298065696544,0.04670868259083513,0.06606482915073104,0.0007143155956857803
1,-0.05736022301556315,-0.07214747582170161,-0.03604396875037747,-0.04956610249985882,-0.2017789095212412,-0.20547643984113306,0.0030140167924413066,-0.13900739428430825,-0.06821624844160547,0.5403493112870079,-0.20111648398830112,0.0744321314642803,-0.2765043189337883,-0.24657111067758236,-0.4681128032882648,0.06549891403477955,-0.16050602902171818,0.380184662327079,-0.06100819792379362,-0.06303466089673013,-0.06475137666743613
2,0.2430971176712835,-0.1932248515966437,-0.47992907059422013,-0.06619623740572156,-0.008745784218868527,0.009723487656226548,0.17317801206153932,0.09758268823400476,-0.3281047332722007,-0.14334245704941836,-0.05801903278874745,-0.3646289335826813,0.1265414096112245,0.20428936591084548,-0.2505436439189475,0.016915807635696598,0.21299377122011387,0.13650394381373823,0.23651040759835612,-0.34209708187380117,-0.0829301828524569
3,0.28902358349603297,-0.43459056491482584,0.009315957999140975,-0.4194675258817502,-0.30984737062443046,-0.2602455321617745,0.15102667530499544,-0.08718867384069397,-0.008682480664680477,-0.15917458739362636,-0.14237603760573722,0.12058334652122779,-0.22008553069665754,-0.26056066006920775,0.24702234782170274,-0.10824896182893881,-0.021382914700641187,-0.32647431873850796,-0.008364315230908874,-0.03163849759861171,0.0028824043693767096
4,-0.016697457603001346,-0.17516301088892933,-0.2977605421116921,-0.18765690982633423,0.43675674301254414,0.4414311202949349,-0.03023634467022284,-0.20184492252614603,0.12441997081345746,0.14562090501590955,-0.28806991357661155,0.17223229149906277,0.028720860892197102,0.030543785456457674,-0.09849086425656171,-0.04279518316360596,-0.38232642495158986,-0.24957499736243433,0.20757751444038758,0.05133822909829134,0.032867103402559474
