,feature,divergence
5,EDU,6.430518216191797
2,RAC1P,5.67286417109712
7,DVET,4.401147814271419
6,PINCP_DECILE,4.056705717363239
1,MSP,3.5511524027075803
3,HOUSING_TYPE,1.6732177829997146
4,OWN_RENT,1.1621389819708012
0,SEX,0.05825295258814922
