,AGEP,DEYE,DVET,EDU,HOUSING_TYPE,MSP,OWN_RENT,PINCP_DECILE,RAC1P,SEX
0,-0.500367196599597,0.03900010057801129,-0.09147255741886615,-0.5717285720585461,0.02857126808250643,-0.23289866092055747,0.06753307375165285,-0.5718403334470059,0.1614235115996034,0.013897306588227548
1,-0.036751302203526626,-0.009456974854131234,-0.020757550366644346,-0.009303160616242888,0.7107583250013615,0.2344716621141075,-0.6402728025062315,-0.11921538103751964,-0.09207325951810773,-0.07245047965053697
2,0.09901175711451497,-0.27791274265990457,0.6235894739239618,-0.1604642273035835,-0.06821032417491318,-0.39253564712295597,-0.14847233213294259,0.012234921473097127,-0.2460947331152718,-0.5068089898784743
3,-0.11347758108069908,-0.3436023315316974,0.22875269641390933,0.017965216400228412,0.09691595087680144,0.5511477770143636,0.27656242994914243,-0.018082836577404088,0.5527299875731494,-0.3477484030131708
4,0.23737997636267055,-0.7955381192427461,-0.041654714747567156,-0.09690685272827321,0.0031132641869932864,-0.017539553050382573,-0.01847310658804603,-0.1634021113763065,-0.08018248525369377,0.5156119949550827
