,AGEP,DEAR,DENSITY,DEYE,DPHY,DREM,DVET,EDU,HISP,HOUSING_TYPE,INDP_CAT,MSP,NOC,NPF,OWN_RENT,PINCP,PINCP_DECILE,POVPIP,PUMA,RAC1P,SEX
0,-0.3393421280773943,0.06287721565208794,-0.04070041782828949,0.027422161362761387,-0.27848978319302453,-0.2967813074975076,-0.040796556903823694,-0.37126407567551106,0.08819062080955528,-0.060828279698421264,-0.24120206804881766,-0.22697230366260834,0.28806105676145743,0.2524647216997267,0.07046027871053151,0.3993542563211564,-0.3434287385227533,-0.13885533269403358,-0.017931797974879825,0.05824876081674877,-0.008403586323581716
1,0.14792225016521646,-0.24487303715807332,-0.009956446983701442,-0.1800122608026168,-0.3515419336688569,-0.3353358515795373,0.025788911228812612,-0.11984945267659335,-0.1094937377107791,0.42876433810039805,-0.20443366132324042,-0.03685974725157369,-0.31069744779246705,-0.31294399096984965,-0.3377110322093151,0.060525920612817724,-0.049843102946119405,0.2791908529070184,-0.01035341784042434,-0.053612644913355156,-0.004470547295354523
2,-0.05605971942794098,0.06971404081834585,0.6889930133369557,0.022783686327869083,-0.07451797982298805,-0.07777125857332987,-0.03080672681889808,0.042491501655994204,0.08865453992138068,-0.004356080293184793,0.03399753154005576,0.008813106008542453,-0.011454333997265496,-0.05859184999722143,0.05529475048687958,0.028259189026901343,0.016778882857566266,0.06505154185936339,0.6835430091836832,0.11818504507633579,0.01290439691503734
3,0.17362027316142248,-0.28500222387400564,0.016487069166230262,-0.2870521661054079,-0.22652380452326384,-0.17888751391395202,0.09093509170682088,-0.05175682898566078,0.0041242458339297225,-0.26232494398332656,-0.06078863087166079,0.16606616189154577,-0.15539332039294346,-0.2510762656476948,0.5172875062023831,-0.1074805754950535,-0.02547039879459919,-0.4884997042969623,-0.015031034045271133,-0.02060202859794419,0.07305287163542135
4,-0.15837338116829597,0.1292633231602444,-0.0340040480196685,-0.03726583775035015,0.16264732800728154,0.14520483715679186,-0.3405420719644764,-0.1414931799952082,0.31551181131309397,0.3428322799784768,-0.025814700926410757,0.4391440777828911,-0.10220043324665919,-0.16872889579747516,-0.027052804868198395,-0.08034304300306452,-0.3325420033191243,-0.15854120383320586,-0.051172579478026795,0.30160449621397944,0.29348901446202585
