,AGEP,DEYE,DVET,EDU,HOUSING_TYPE,MSP,OWN_RENT,PINCP_DECILE,RAC1P,SEX
0,-0.5003671965995975,0.03900010057801073,-0.09147255741886609,-0.5717285720585459,0.02857126808250511,-0.2328986609205576,0.06753307375165382,-0.5718403334470056,0.1614235115996022,0.013897306588228367
1,-0.03675130220352742,-0.009456974854131394,-0.020757550366642348,-0.009303160616243379,0.7107583250013619,0.234471662114106,-0.6402728025062312,-0.11921538103752027,-0.09207325951810678,-0.07245047965054055
2,0.09901175711451564,-0.277912742659898,0.6235894739239632,-0.16046422730358298,-0.06821032417491604,-0.39253564712296046,-0.14847233213294228,0.012234921473096794,-0.24609473311527585,-0.5068089898784708
3,-0.1134775810806983,-0.34360233153170194,0.22875269641391296,0.017965216400227108,0.09691595087679959,0.5511477770143602,0.2765624299491427,-0.018082836577405642,0.5527299875731466,-0.3477484030131764
4,0.23737997636267108,-0.7955381192427481,-0.04165471474756907,-0.09690685272827326,0.0031132641869935085,-0.01753955305038357,-0.018473106588047752,-0.16340211137630584,-0.08018248525369648,0.5156119949550786
