,EDU,HISP,INDP_CAT,MSP,OWN_RENT,PINCP_DECILE,PUMA,RAC1P,SEX
0,-0.5711275826037829,0.09765649436928048,-0.5004442530985023,-0.298286221689242,0.004362825624502242,-0.5535746002048508,0.057163613945357676,0.12286875986066806,0.005393499728212053
1,-0.02574773753915581,0.586234444740893,0.2035536556854693,0.2048359569052632,0.4980045256423197,-0.03326728927976952,0.03571805441058186,0.5505229960803337,0.13714153676526664
2,-0.027387643779077674,0.28795314487401275,0.10222790078216759,-0.2341882989942815,-0.02830656363992637,0.14753638134549588,0.8607935323039898,-0.23521682401784155,-0.17938086664465724
3,-0.011289996827381275,0.1266216008874267,-0.09007063761035512,0.08884907473649684,-0.1513637270699983,0.096367827921895,-0.15395168477612872,0.2473856620091075,-0.9223524842354341
4,0.04110511941977833,0.3404424175276363,-0.014689687027022474,0.34714485769652514,-0.8096861230088342,-0.11316330943767183,0.07429342428193161,0.1773301091845798,0.23732036883592245
