,AGEP,DEYE,DVET,EDU,HOUSING_TYPE,MSP,OWN_RENT,PINCP_DECILE,RAC1P,SEX
0,-0.5028447292406175,0.043012204491294725,-0.07175908242364269,-0.5679702824416624,0.15157002341313797,-0.14873136663161962,-0.08761200318303072,-0.5866974558755633,0.1357380801582602,0.046351216136845175
1,0.08304591705250114,-0.1023026873418051,-0.01907577203785437,0.11162185388090799,0.6716988815264697,0.3945644912925194,-0.5978167220009153,-0.02294975112682457,-0.02800798358181117,0.06525117564494194
2,-0.13513795045846216,0.2606459383708945,0.4981950583456577,-0.00603801914197194,0.09158676751919345,-0.0655121975383325,-0.11924577457641311,0.13773881465730192,0.25369209881647586,-0.7452083295905223
3,0.22223680784030755,-0.65504361937858,0.44402949102177314,-0.2143890730598368,-0.02747864694178624,-0.2593302376221265,-0.10001161192989474,-0.11685032394867972,-0.42037880580729703,-0.1001093658218496
4,0.018644768478135888,-0.4635525169019056,0.26764428870715956,0.06380068629860614,-0.0032172989541428137,0.2522850174589789,0.23686945384444538,-0.05798365639618491,0.7405275973679861,0.19380143897426044
