,PUMA,SEX,MSP,HISP,RAC1P,OWN_RENT,INDP_CAT,EDU,PINCP_DECILE
PUMA,-3.885780586188048e-15,0.0002621450298918044,0.03250340918446856,0.033150789732060766,0.01795951829951531,0.003235991613679639,0.019416371758652705,0.04919624186251047,-0.011976689049958304
SEX,0.0002621450298918044,-5.329070518200751e-15,-0.015304169935707069,0.008991906674388386,0.015012069648236377,-0.002491898508000412,-0.007065095520844975,-0.050029547949385605,0.0885723320235202
MSP,0.03250340918446856,-0.015304169935707069,-9.43689570931383e-15,-0.03504077348238931,-0.03666444540743716,0.003060534178667307,-0.07835755686255538,0.015271489423197171,0.00012216523062168194
HISP,0.033150789732060766,0.008991906674388386,-0.03504077348238931,-1.5765166949677223e-14,-0.1436980849556639,-0.06482101563328024,-0.052306503664939115,0.05292319834882875,0.050832943204446646
RAC1P,0.01795951829951531,0.015012069648236377,-0.03666444540743716,-0.1436980849556639,-4.6629367034256575e-15,-0.013090353207504353,0.0020378118967943268,-0.010013978126454007,0.04754871872038244
OWN_RENT,0.003235991613679639,-0.002491898508000412,0.003060534178667307,-0.06482101563328024,-0.013090353207504353,0.0,-0.025538200056956256,0.011584584999490308,-0.057068418667454886
INDP_CAT,0.019416371758652705,-0.007065095520844975,-0.07835755686255538,-0.052306503664939115,0.0020378118967943268,-0.025538200056956256,7.882583474838611e-15,-0.14563416301265059,-0.006710024987077068
EDU,0.04919624186251047,-0.050029547949385605,0.015271489423197171,0.05292319834882875,-0.010013978126454007,0.011584584999490308,-0.14563416301265059,0.0,-0.08329600611319166
PINCP_DECILE,-0.011976689049958304,0.0885723320235202,0.00012216523062168194,0.050832943204446646,0.04754871872038244,-0.057068418667454886,-0.006710024987077068,-0.08329600611319166,-2.4424906541753444e-15
