,AGEP,DEYE,DVET,EDU,HOUSING_TYPE,MSP,OWN_RENT,PINCP_DECILE,RAC1P,SEX
0,-0.5003671965995963,0.03900010057801173,-0.09147255741886533,-0.5717285720585458,0.028571268082506734,-0.23289866092055686,0.06753307375165231,-0.5718403334470056,0.16142351159960266,0.013897306588228235
1,-0.036751302203526105,-0.009456974854130808,-0.020757550366642133,-0.009303160616241805,0.7107583250013616,0.23447166211410622,-0.6402728025062315,-0.11921538103751902,-0.0920732595181062,-0.07245047965053945
2,0.0990117571145182,-0.27791274265991744,0.6235894739239598,-0.16046422730358442,-0.06821032417491532,-0.3925356471229541,-0.1484723321329398,0.01223492147309349,-0.24609473311527505,-0.5068089898784671
3,-0.11347758108071984,-0.3436023315316288,0.2287526964139111,0.017965216400236822,0.09691595087679998,0.551147777014365,0.276562429949145,-0.018082836577390682,0.5527299875731566,-0.3477484030132178
4,0.2373799763626588,-0.7955381192427702,-0.0416547147475525,-0.09690685272826854,0.0031132641870039723,-0.017539553050327034,-0.018473106588020566,-0.16340211137630895,-0.0801824852536416,0.5156119949550622
