,AGEP,HISP,MSP,NOC,NPF,OWN_RENT,PINCP_DECILE,POVPIP,PUMA,RAC1P,SEX
0,-0.37712970483181457,0.10413523716016826,-0.3314779708948426,0.5079493510979782,0.47857910572319207,0.19554130976462422,-0.35083815939549523,-0.2510332787998799,0.08098020901853592,0.13530945076500986,0.028158879848406232
1,0.05217897352424541,0.24807681582745436,0.3832195882398835,-0.12304575686133994,-0.24863022882194033,0.5784354225419208,-0.061395644218592685,-0.5542800656460352,-0.05828465728733364,0.22155712006781464,0.11769763512410092
2,-0.4393634691608929,0.31840414482309815,0.2641064334945755,-0.16668641207367016,-0.1558677660249268,-0.30641221380058553,-0.3998766337843857,0.2983191300704258,-0.19432893443511332,0.4450536162784242,-0.07160088936238934
3,0.1762370063952881,0.616961440608522,-0.10171802336394106,-0.018077411561728207,0.08682112931289179,-0.024411995427563726,0.300006880051608,0.10596731672847176,0.603570249980382,0.2246386907717039,-0.23129873958019195
4,0.046704946659413646,0.12648154272851292,-0.0004449587316953281,-0.0933406221414943,-0.049240919725064426,-0.19457502251121875,-0.23857217577582562,0.007353049551729404,0.355512827242005,-0.15737767160475827,0.8512910417539059
