,AGEP,HISP,MSP,NOC,NPF,OWN_RENT,PINCP_DECILE,POVPIP,PUMA,RAC1P,SEX
0,-0.46206731655758665,0.17229438035653855,-0.23524154992406796,0.4852564301774993,0.4497517383679855,0.15256761391536014,-0.40389750820632775,-0.2552143140962599,-0.013253438783225217,0.10945176274988147,0.004434341342924329
1,0.04022263831138973,0.17952821707467378,0.4134443307775196,-0.13969336011938366,-0.2838100726392047,0.5779938689345124,-0.08425944050001996,-0.5547096160240311,0.009575165190558262,0.1460651294505471,0.1576296990343299
2,-0.10705523648905058,0.5597321764429581,0.14670291473082306,-0.08323796522869015,-0.06712917640353624,-0.21244911824654453,0.03465886196805357,0.23380931579635378,0.31083017232927046,0.6413793303764177,-0.18247447616035045
3,-0.047437523714933476,0.0019671738776283875,0.026973041675099608,-0.13594230202908342,-0.11168192354357233,-0.3102532295671171,-0.39804866617397977,0.10449213536054584,-0.028986063252182052,0.08625873147996455,0.8319651020294391
4,0.03849997016229441,0.10322755847068828,0.07154933010310745,-0.05633622718184081,0.014544651477987568,-0.15383582298267076,-0.021778709689945927,-0.04212116724928671,-0.9284815800060374,0.2725368180436054,-0.13072441429580506
