,AGEP,DEYE,DVET,EDU,HOUSING_TYPE,MSP,OWN_RENT,PINCP_DECILE,RAC1P,SEX
0,-0.5003671965995972,0.03900010057801184,-0.09147255741886522,-0.5717285720585462,0.02857126808250668,-0.23289866092055694,0.0675330737516527,-0.5718403334470058,0.16142351159960228,0.013897306588227923
1,-0.03675130220352602,-0.009456974854131436,-0.020757550366643486,-0.00930316061624244,0.7107583250013613,0.2344716621141077,-0.6402728025062311,-0.11921538103751941,-0.09207325951810827,-0.07245047965053801
2,0.09901175711451536,-0.2779127426599069,0.6235894739239628,-0.16046422730358295,-0.06821032417491366,-0.39253564712295425,-0.14847233213294136,0.012234921473096266,-0.246094733115269,-0.5068089898784736
3,-0.11347758108069479,-0.34360233153171454,0.22875269641390353,0.017965216400226552,0.0969159508768008,0.5511477770143657,0.2765624299491434,-0.018082836577408584,0.5527299875731466,-0.34774840301316123
4,0.2373799763626711,-0.7955381192427382,-0.04165471474757204,-0.09690685272827337,0.0031132641869908995,-0.017539553050390247,-0.01847310658804975,-0.16340211137630706,-0.08018248525370873,0.5156119949550909
