,EDU,HISP,INDP_CAT,MSP,OWN_RENT,PINCP_DECILE,PUMA,RAC1P,SEX
0,-0.5661256654249885,0.15509979203949487,-0.4897462755127016,-0.304355211133455,0.04948152447213362,-0.5534536170037252,-0.043899327019964005,0.1068216671263644,0.029409685729566808
1,-0.0034601267865829984,0.6176667604119609,0.20689453940539154,0.2600836941654894,0.3389320071304741,-0.02047151563609212,0.21019913550127559,0.5896488174217629,0.02938586966517604
2,-0.018556109310645177,0.126126346704855,-0.10267619157272376,-0.2135048290619369,-0.2902481486688452,0.22623656138595954,0.040804082253657774,0.20127577296702534,-0.8660353478351906
3,-0.05000731534029387,0.05132823467927207,0.08272803769322844,0.1870751135571884,0.03145250360183867,-0.003924210086919767,-0.9599163500806992,0.16169289819499302,-0.06659581456504386
4,0.08749415590913996,0.1004166266218395,0.0039022339364786843,-0.007443873101261524,-0.8449588410538794,-0.047697127975204034,0.0072988912787350715,0.36028090851331407,0.36892352752016144
