,AGEP,DEYE,DVET,EDU,HOUSING_TYPE,MSP,OWN_RENT,PINCP_DECILE,RAC1P,SEX
0,-0.500367196599597,0.03900010057801173,-0.09147255741886581,-0.5717285720585467,0.02857126808250629,-0.2328986609205565,0.06753307375165388,-0.5718403334470066,0.16142351159960322,0.01389730658822766
1,-0.03675130220352672,-0.009456974854131939,-0.020757550366642098,-0.009303160616242766,0.7107583250013617,0.234471662114108,-0.6402728025062311,-0.11921538103751976,-0.09207325951810542,-0.07245047965053951
2,0.09901175711451472,-0.2779127426599116,0.6235894739239608,-0.16046422730358417,-0.06821032417491452,-0.3925356471229514,-0.14847233213293798,0.012234921473095212,-0.24609473311527336,-0.5068089898784747
3,-0.11347758108070509,-0.3436023315316739,0.22875269641390378,0.017965216400232187,0.09691595087679912,0.5511477770143643,0.2765624299491451,-0.018082836577398675,0.5527299875731541,-0.34774840301318677
4,0.23737997636266553,-0.7955381192427537,-0.041654714747560495,-0.09690685272827193,0.0031132641869968114,-0.017539553050361756,-0.018473106588037316,-0.16340211137630822,-0.08018248525367862,0.5156119949550774
