,AGEP,HISP,MSP,NOC,NPF,OWN_RENT,PINCP_DECILE,POVPIP,PUMA,RAC1P,SEX
0,-0.377129704831815,0.10413523716016859,-0.3314779708948424,0.5079493510979781,0.4785791057231919,0.19554130976462503,-0.35083815939549556,-0.2510332787998799,0.08098020901853509,0.13530945076501028,0.028158879848405982
1,0.052178973524245074,0.2480768158274552,0.38321958823988383,-0.12304575686134028,-0.24863022882194064,0.5784354225419207,-0.06139564421859271,-0.554280065646034,-0.05828465728733297,0.22155712006781478,0.11769763512410149
2,-0.4393634691608936,0.31840414482309815,0.26410643349457696,-0.16668641207366977,-0.1558677660249276,-0.30641221380058614,-0.3998766337843861,0.29831913007042693,-0.1943289344351158,0.4450536162784209,-0.07160088936239166
3,0.17623700639528816,0.616961440608524,-0.10171802336394314,-0.01807741156172704,0.08682112931289235,-0.024411995427563643,0.3000068800516095,0.10596731672847375,0.6035702499803777,0.2246386907717061,-0.23129873958019354
4,0.04670494665941663,0.12648154272851847,-0.0004449587316989051,-0.09334062214149344,-0.04924091972506222,-0.19457502251122005,-0.2385721757758224,0.007353049551731867,0.3555128272420002,-0.1573776716047526,0.8512910417539084
