,PUMA,SEX,MSP,HISP,RAC1P,OWN_RENT,INDP_CAT,EDU,PINCP_DECILE
PUMA,0.0,0.004588090308663055,0.013999983944486278,0.03415212179783851,0.03459779065845432,-0.0018775938138743294,0.009130574618271632,0.013433976488703776,0.002138028909371847
SEX,0.004588090308663055,0.0,-0.004866419374392632,0.013773077640688743,-0.009729004348015179,-0.004651351089165829,-0.010326190027173818,0.0028592830374169105,0.013653812453958386
MSP,0.013999983944486285,-0.004866419374392632,-2.220446049250313e-16,-0.0050065083856933625,0.006297054260369158,0.02139028394399274,-0.023140870412924702,-0.022306648509274676,0.0004236588723483953
HISP,0.03415212179783852,0.013773077640688747,-0.0050065083856933625,0.0,-0.07386899166433186,-0.036658181890917726,-0.0008400369686044976,0.031361136596460774,0.03567814934427534
RAC1P,0.034597790658454315,-0.009729004348015179,0.00629705426036916,-0.07386899166433186,0.0,0.00014140612172238581,0.020406839961840062,0.026464025759806557,0.036764960582978026
OWN_RENT,-0.0018775938138743259,-0.004651351089165831,0.02139028394399274,-0.03665818189091772,0.00014140612172238928,0.0,-0.0014001351382743592,-0.0025448357028851967,-0.0071714949487975445
INDP_CAT,0.009130574618271632,-0.010326190027173821,-0.023140870412924647,-0.0008400369686044958,0.020406839961840062,-0.001400135138274361,0.0,-0.05465254100291522,-0.03161183311019594
EDU,0.013433976488703772,0.0028592830374169105,-0.02230664850927465,0.03136113659646076,0.026464025759806553,-0.0025448357028851985,-0.05465254100291517,0.0,-0.11954090376691107
PINCP_DECILE,0.002138028909371847,0.013653812453958372,0.0004236588723483953,0.035678149344275344,0.036764960582978026,-0.007171494948797548,-0.03161183311019594,-0.11954090376691107,0.0
