,AGEP,DEYE,DVET,EDU,HOUSING_TYPE,MSP,OWN_RENT,PINCP_DECILE,RAC1P,SEX
0,-0.5003671965995962,0.03900010057801184,-0.09147255741886587,-0.5717285720585462,0.028571268082507456,-0.23289866092055694,0.06753307375165155,-0.5718403334470058,0.1614235115996026,0.013897306588227652
1,-0.036751302203524926,-0.009456974854131675,-0.020757550366641873,-0.009303160616242064,0.7107583250013608,0.234471662114106,-0.6402728025062314,-0.11921538103751855,-0.09207325951810795,-0.07245047965054036
2,0.09901175711451657,-0.2779127426599105,0.6235894739239658,-0.1604642273035839,-0.06821032417491535,-0.3925356471229529,-0.14847233213293856,0.012234921473095378,-0.2460947331152682,-0.5068089898784686
3,-0.11347758108072453,-0.3436023315316146,0.22875269641390983,0.017965216400238793,0.09691595087680091,0.5511477770143683,0.2765624299491463,-0.018082836577388656,0.5527299875731578,-0.3477484030132225
4,0.23737997636265845,-0.7955381192427791,-0.04165471474754741,-0.0969068527282706,0.0031132641870041944,-0.017539553050322412,-0.018473106588017554,-0.16340211137630944,-0.08018248525363554,0.5156119949550502
