,AGEP,HISP,MSP,NOC,NPF,OWN_RENT,PINCP_DECILE,POVPIP,PUMA,RAC1P,SEX
0,-0.46206731655758654,0.17229438035653866,-0.2352415499240677,0.4852564301774993,0.4497517383679848,0.1525676139153608,-0.403897508206328,-0.25521431409626016,-0.013253438783225224,0.10945176274988146,0.004434341342924385
1,0.04022263831139116,0.17952821707467218,0.41344433077751946,-0.13969336011938238,-0.2838100726392045,0.5779938689345129,-0.08425944050001956,-0.5547096160240299,0.009575165190557736,0.14606512945054595,0.15762969903432988
2,-0.10705523648905049,0.5597321764429584,0.14670291473082495,-0.08323796522868948,-0.06712917640353519,-0.21244911824654159,0.03465886196805684,0.23380931579635117,0.31083017232926874,0.6413793303764169,-0.1824744761603575
3,-0.04743752371493501,0.0019671738776329576,0.026973041675101082,-0.13594230202908478,-0.11168192354357315,-0.3102532295671179,-0.3980486661739803,0.10449213536054751,-0.028986063252174964,0.08625873147996764,0.8319651020294381
4,0.0384999701622948,0.10322755847068976,0.07154933010310642,-0.05633622718184194,0.01454465147798691,-0.15383582298267187,-0.021778709689948314,-0.04212116724928669,-0.9284815800060389,0.2725368180436031,-0.13072441429580003
