,DVET,EDU,HOUSING_TYPE,MSP,OWN_RENT,PINCP_DECILE,RAC1P,SEX
0,-0.09031920309991048,-0.6526079752061527,-0.06349458514777231,-0.34581568321935924,0.10305849230678919,-0.6267725044602112,0.18780472030073306,0.05991481447898239
1,-0.03223277540441581,-0.09494912511477602,0.7070728781467981,0.18370880157884356,-0.6381895809962037,-0.20106775295699225,-0.0695581989260188,-0.060763537028543535
2,0.6191160860933849,-0.1048980831274221,-0.07171062381599447,-0.37688464205704575,-0.14229518646533323,0.07709388088563354,-0.25646924805123567,-0.605424937835298
3,0.22628227339519139,-0.031051272501164788,0.10700090777168879,0.44675068618102226,0.21624730141007462,-0.046544584562483664,0.7181067812911159,-0.4149579958266415
4,0.7400568506373822,0.023716331941203816,0.05307972837067556,0.07121889655772551,-0.006103888259119977,-0.08754464201720677,0.08985298546436281,0.6542850478487707
