,feature,divergence
1,AGEP,5.496825396825397
9,PINCP_DECILE,3.094007076514816
7,NPF,1.9080170951184414
3,MSP,0.8180778099319623
10,POVPIP,0.6326336872487675
0,PUMA,0.598047914818101
2,SEX,0.35799340929077406
6,NOC,0.26749458945197324
8,OWN_RENT,0.25314573935272144
5,RAC1P,0.1307534636656613
4,HISP,0.04403719912472648
