,feature,divergence
1,AGEP,13.686602623824385
9,PINCP_DECILE,4.297829788925866
10,POVPIP,3.4171129762269503
0,PUMA,1.9567209290865188
7,NPF,1.6029156893642875
2,SEX,0.666110122049615
3,MSP,0.6312727984710924
6,NOC,0.5293226160069077
4,HISP,0.28962842411256956
8,OWN_RENT,0.1507857332911337
5,RAC1P,0.12551044080350035
