,feature,divergence
1,AGEP,2.9495372488299267
9,PINCP_DECILE,1.3971335969789778
7,NPF,0.7391575091575091
10,POVPIP,0.3006993006993007
3,MSP,0.25656141133881294
6,NOC,0.16809072887355572
8,OWN_RENT,0.12985816619755375
5,RAC1P,0.07796259896496288
2,SEX,0.04923004676463105
4,HISP,0.02875587241173631
11,DEYE,0.0029265399808581817
0,PUMA,0.0020766951758064423
