,PUMA,SEX,MSP,HISP,RAC1P,OWN_RENT,INDP_CAT,EDU,PINCP_DECILE
PUMA,-2.220446049250313e-16,0.015551623585948363,0.04586607088266813,-0.0008199607291900779,0.001346094761429023,-0.0015034842385045384,-0.04572024493535352,-0.0026114928448336683,-0.03652303244389259
SEX,0.015551623585948363,0.0,-0.00592804213985533,-0.010056549787540524,-0.019115936289820234,-0.03594737559516875,0.0011950426631900032,-0.04759714214991681,0.03669811632588514
MSP,0.04586607088266813,-0.005928042139855328,-2.220446049250313e-16,-0.013891542097291305,-0.04534624718989597,-0.03834828590845619,-0.05059185169417316,0.04410784429358108,0.0006086539033782756
HISP,-0.0008199607291900779,-0.010056549787540524,-0.013891542097291303,2.220446049250313e-16,-0.03400808976044752,-0.052141558688574466,-0.005296723965780938,0.07201490339752725,0.054376611179788294
RAC1P,0.001346094761429023,-0.019115936289820234,-0.04534624718989597,-0.03400808976044752,0.0,-0.08256841906642559,0.03554389241397399,0.09459127707802514,0.10650957783818286
OWN_RENT,-0.0015034842385045367,-0.03594737559516875,-0.03834828590845619,-0.05214155868857448,-0.08256841906642559,1.1102230246251565e-16,-0.06320757468889412,0.0419090345456147,0.024663206557698936
INDP_CAT,-0.04572024493535352,0.0011950426631900032,-0.05059185169417316,-0.005296723965780938,0.03554389241397399,-0.06320757468889411,0.0,-0.07879566802817456,0.0006275301924469345
EDU,-0.0026114928448336683,-0.04759714214991681,0.04410784429358108,0.07201490339752725,0.09459127707802513,0.0419090345456147,-0.0787956680281745,-2.220446049250313e-16,-0.002076138148561113
PINCP_DECILE,-0.03652303244389259,0.03669811632588514,0.0006086539033782756,0.054376611179788294,0.10650957783818286,0.02466320655769894,0.0006275301924469345,-0.002076138148561224,0.0
