,feature,divergence
1,AGEP,6.688711812754478
9,PINCP_DECILE,0.2750993844575531
10,POVPIP,0.121212025130506
7,NPF,0.10500398987894019
0,PUMA,0.037677750187280146
3,MSP,0.03597203389724374
6,NOC,0.031787972609094634
5,RAC1P,0.024278568126588525
4,HISP,0.009473106007845112
8,OWN_RENT,0.007570187047454047
2,SEX,0.005579502551607773
11,DEYE,0.00027208372508780165
