,PUMA,SEX,MSP,HISP,RAC1P,OWN_RENT,INDP_CAT,EDU,PINCP_DECILE
PUMA,0.0,-0.009784403920490577,0.022959980431856764,0.05159059653438526,-0.12317352352495708,-0.011421721210220288,-0.018407760771166154,0.013982597826840061,0.006563154114472339
SEX,-0.009784403920490577,0.0,-0.024353044057670824,-0.0025812513162318486,0.01884813139422261,0.011062626821260885,0.024391889526945126,0.036729060013606735,-0.04102363406738824
MSP,0.022959980431856764,-0.024353044057670824,0.0,0.029954552473853778,-0.003597566341989475,0.21288228609949622,0.016309383555777046,0.03449588636841869,-0.06495023824838235
HISP,0.05159059653438529,-0.0025812513162318486,0.029954552473853785,2.220446049250313e-16,0.009274417790967798,0.06193949367920319,0.004699510218640523,0.005672551353511579,0.006094711602151109
RAC1P,-0.12317352352495708,0.01884813139422261,-0.003597566341989475,0.009274417790967798,0.0,0.05522130577114118,0.019925071585781294,-0.0013856517192985252,0.024593586955508853
OWN_RENT,-0.011421721210220288,0.011062626821260878,0.21288228609949622,0.06193949367920318,0.05522130577114115,1.1102230246251565e-16,0.01204769720515314,-0.04355132913704128,-0.07795069998278198
INDP_CAT,-0.018407760771166154,0.024391889526945126,0.01630938355577702,0.004699510218640525,0.019925071585781287,0.012047697205153148,0.0,0.05731601604161096,0.01859027811297226
EDU,0.013982597826840061,0.036729060013606735,0.034495886368418716,0.005672551353511607,-0.001385651719298553,-0.04355132913704128,0.05731601604161096,0.0,0.060415579706778244
PINCP_DECILE,0.0065631541144723395,-0.04102363406738825,-0.06495023824838236,0.006094711602151123,0.02459358695550884,-0.07795069998278197,0.018590278112972314,0.060415579706778244,0.0
