,feature,divergence
0,AGEP,2.8880486982896616
6,EDU,0.8446224555481445
7,PINCP_DECILE,0.4006785456189446
2,MSP,0.36695314589781813
3,RAC1P,0.21932956756865724
5,OWN_RENT,0.12892706766878165
4,HOUSING_TYPE,0.056814872978530995
1,SEX,0.04562591754444567
8,DVET,0.012896751653906191
