,feature,divergence
1,AGEP,5.987916219119226
10,POVPIP,2.3707072397800046
9,PINCP_DECILE,1.9395274029767704
0,PUMA,0.6626923437061081
3,MSP,0.5496290627804734
7,NPF,0.3281799860686844
2,SEX,0.22021270344152521
6,NOC,0.18519759753502313
8,OWN_RENT,0.11217295070926744
5,RAC1P,0.07588402790706743
4,HISP,0.023420279370324017
