,PUMA,SEX,MSP,HISP,RAC1P,OWN_RENT,INDP_CAT,EDU,PINCP_DECILE
PUMA,2.55351295663786e-15,0.01771728457257346,-0.012723535411165748,0.007577528527845649,0.015704260555107263,-0.02242323875175467,0.06774371929880166,0.04532466694240605,-0.0162940679445392
SEX,0.01771728457257346,-6.661338147750939e-16,0.0027419435817867335,0.00870492086404379,-0.02122963545420847,-0.032023975813921655,0.09370472837007443,-0.029439118385129553,-0.00448435277837686
MSP,-0.012723535411165748,0.0027419435817867335,-4.6629367034256575e-15,-0.018448623524401665,-0.02249691130222485,0.007487984610358281,-0.1140029912876718,-0.10801788383644959,-0.3001073581899074
HISP,0.007577528527845649,0.00870492086404379,-0.018448623524401665,8.881784197001252e-16,0.012001723489554111,-0.0027333734048509695,-0.005324379872341831,0.015392704935507776,0.019884950923479763
RAC1P,0.015704260555107263,-0.02122963545420847,-0.02249691130222485,0.012001723489554111,5.329070518200751e-15,0.024194058968612094,0.011412487388875223,0.024774598815182028,0.07397479250063649
OWN_RENT,-0.02242323875175467,-0.032023975813921655,0.007487984610358281,-0.0027333734048509695,0.024194058968612094,-6.994405055138486e-15,-0.00686125981013887,-0.00603439971671393,0.04430697683568012
INDP_CAT,0.06774371929880166,0.09370472837007443,-0.1140029912876718,-0.005324379872341831,0.011412487388875223,-0.00686125981013887,0.0,-0.28164795818611876,-0.23232193615489902
EDU,0.04532466694240605,-0.029439118385129553,-0.10801788383644959,0.015392704935507776,0.024774598815182028,-0.00603439971671393,-0.28164795818611876,2.3314683517128287e-15,-0.31919089443809295
PINCP_DECILE,-0.0162940679445392,-0.00448435277837686,-0.3001073581899074,0.019884950923479763,0.07397479250063649,0.04430697683568012,-0.23232193615489902,-0.31919089443809295,8.881784197001252e-16
