,feature,divergence
8,PINCP_DECILE,3.253508530544854
7,EDU,2.302213227133251
6,INDP_CAT,1.553920343920423
2,MSP,0.879308552255029
5,OWN_RENT,0.3596690783142972
0,PUMA,0.18027621676689992
4,RAC1P,0.1607528540573897
1,SEX,0.05950598802395202
3,HISP,0.050837988826815644
