,AGEP,SEX,MSP,RAC1P,HOUSING_TYPE,OWN_RENT,EDU,PINCP_DECILE,DVET
AGEP,0.0,-0.04075545196917924,-0.06503514515101526,0.14477185998036388,0.06471592611220792,0.015192204220964426,-0.49917980963765907,-0.48131885593873,-0.06823395321451581
SEX,-0.04075545196917924,-8.215650382226158e-15,-0.03797619472931498,0.021346012258768178,-0.007629825601565766,0.021645632706401324,-0.009068512258024054,0.15834048182238986,0.08161047393763253
MSP,-0.06503514515101526,-0.03797619472931498,-1.176836406102666e-14,0.02584244726602331,-0.33039932534108646,0.05588859964550692,-0.24917579888579172,-0.1312693964872515,0.008195908894675072
RAC1P,0.14477185998036388,0.021346012258768178,0.02584244726602331,-1.6209256159527285e-14,-0.038641578696129636,-0.02864999707163853,0.05904212172885821,0.09170249043437176,-0.011496160025725084
HOUSING_TYPE,0.06471592611220792,-0.007629825601565766,-0.33039932534108646,-0.038641578696129636,0.0,0.564229107086034,0.034847404731430096,0.17399625554622827,0.032175601565129615
OWN_RENT,0.015192204220964426,0.021645632706401324,0.05588859964550692,-0.02864999707163853,0.564229107086034,-5.329070518200751e-15,0.009237628154875516,-0.06940653569190461,0.009685059820392887
EDU,-0.49917980963765907,-0.009068512258024054,-0.24917579888579172,0.05904212172885821,0.034847404731430096,0.009237628154875516,0.0,-0.696190897406425,-0.023104561422412278
PINCP_DECILE,-0.48131885593873,0.15834048182238986,-0.1312693964872515,0.09170249043437176,0.17399625554622827,-0.06940653569190461,-0.696190897406425,1.1102230246251565e-16,-0.0567157028335363
DVET,-0.06823395321451581,0.08161047393763253,0.008195908894675072,-0.011496160025725084,0.032175601565129615,0.009685059820392887,-0.023104561422412278,-0.0567157028335363,-1.5987211554602254e-14
