,EDU,HISP,INDP_CAT,MSP,OWN_RENT,PINCP_DECILE,PUMA,RAC1P,SEX
0,-0.5661256654249884,0.15509979203949453,-0.4897462755127014,-0.30435521113345515,0.049481524472133664,-0.553453617003725,-0.04389932701996413,0.10682166712636444,0.02940968572956689
1,-0.003460126786582782,0.6176667604119572,0.20689453940539143,0.26008369416548993,0.33893200713047494,-0.020471515636093507,0.2101991355012786,0.5896488174217642,0.029385869665181207
2,-0.01855610931064657,0.12612634670485703,-0.10267619157272233,-0.2135048290619377,-0.2902481486688287,0.22623656138596085,0.040804082253659446,0.20127577296702082,-0.866035347835197
3,-0.050007315340295816,0.051328234679272465,0.08272803769322862,0.18707511355719086,0.03145250360185351,-0.003924210086919247,-0.9599163500806979,0.1616928981949877,-0.06659581456505238
4,0.08749415590913918,0.10041662662184042,0.003902233936477109,-0.00744387310126246,-0.8449588410538839,-0.04769712797519979,0.007298891278718881,0.36028090851332073,0.3689235275201451
