,AGEP,HISP,MSP,NOC,NPF,OWN_RENT,PINCP_DECILE,POVPIP,PUMA,RAC1P,SEX
0,-0.46206731655758654,0.172294380356539,-0.2352415499240672,0.4852564301774993,0.44975173836798527,0.152567613915361,-0.40389750820632764,-0.25521431409626055,-0.01325343878322523,0.10945176274988155,0.004434341342924239
1,0.040222638311390634,0.1795282170746738,0.4134443307775201,-0.13969336011938338,-0.2838100726392052,0.5779938689345113,-0.08425944050001939,-0.5547096160240296,0.009575165190558461,0.14606512945054767,0.15762969903432997
2,-0.1070552364890515,0.5597321764429567,0.14670291473082422,-0.08323796522868937,-0.06712917640353488,-0.21244911824654328,0.03465886196805579,0.23380931579635442,0.31083017232927146,0.641379330376416,-0.1824744761603562
3,-0.04743752371493439,0.0019671738776309735,0.026973041675100316,-0.13594230202908478,-0.11168192354357276,-0.3102532295671191,-0.39804866617398116,0.10449213536054687,-0.028986063252181754,0.086258731479969,0.831965102029437
4,0.038499970162291744,0.10322755847068642,0.07154933010311121,-0.056336227181841246,0.01454465147798742,-0.15383582298267165,-0.02177870968994728,-0.04212116724928574,-0.9284815800060371,0.272536818043606,-0.13072441429580792
