,PUMA,SEX,MSP,HISP,RAC1P,OWN_RENT,INDP_CAT,EDU,PINCP_DECILE
PUMA,1.021405182655144e-14,0.019403066976342292,0.034259071641947816,-0.0024496800273167835,0.002302817831321094,0.002767805185409384,0.03515723498316805,0.021984532240912416,0.012146520315286645
SEX,0.019403066976342292,0.0,0.010324968938295825,0.02512623234091368,0.018325634206004974,-0.002445164195108965,-0.025421735640596264,0.0005587664327294795,-0.010267430914401798
MSP,0.034259071641947816,0.010324968938295825,0.0,-0.006316849879273244,-0.005816931720841146,-0.0031042776102400103,-0.007307295022007554,-0.01251719438154919,-0.008631683405168983
HISP,-0.0024496800273167835,0.02512623234091368,-0.006316849879273244,2.220446049250313e-15,-0.00721074419369791,0.005580581284825442,-0.011917244081836462,-0.01862850667444982,-0.0005928216568104466
RAC1P,0.002302817831321094,0.018325634206004974,-0.005816931720841146,-0.00721074419369791,0.0,0.003439626616796143,0.008158261340059158,0.012063727860929171,0.00961504184868095
OWN_RENT,0.002767805185409384,-0.002445164195108965,-0.0031042776102400103,0.005580581284825442,0.003439626616796143,0.0,-0.006162342393425516,-0.00814891928383106,5.6297454825285365e-05
INDP_CAT,0.03515723498316805,-0.025421735640596264,-0.007307295022007554,-0.011917244081836462,0.008158261340059158,-0.006162342393425516,-7.771561172376096e-16,0.00016490154186077355,0.003110545682076693
EDU,0.021984532240912416,0.0005587664327294795,-0.01251719438154919,-0.01862850667444982,0.012063727860929171,-0.00814891928383106,0.00016490154186077355,4.440892098500626e-16,0.005663625984938192
PINCP_DECILE,0.012146520315286645,-0.010267430914401798,-0.008631683405168983,-0.0005928216568104466,0.00961504184868095,5.6297454825285365e-05,0.003110545682076693,0.005663625984938192,0.0
