,AGEP,DEAR,DENSITY,DEYE,DPHY,DREM,DVET,EDU,HISP,HOUSING_TYPE,INDP_CAT,MSP,NOC,NPF,OWN_RENT,PINCP,PINCP_DECILE,POVPIP,PUMA,RAC1P,SEX
0,-0.3043577678822863,0.03469319290540482,-0.022714880068469275,0.01993451819292017,-0.3051708829581637,-0.31343148877186255,-0.024172787166148773,-0.37160071511728093,0.033160420869656405,-0.07934934988810272,-0.2588221676384376,-0.2539846151660446,0.29385921363895345,0.24417048298122437,0.046450887439520604,0.42027621879828264,-0.3232889761821026,-0.05897258359144179,0.01894223707595385,0.05621409361888371,-0.006462194139773796
1,-0.048070196198105875,-0.08145268672897381,0.03331552770410482,-0.09953077923574843,-0.18933225361960287,-0.1996714697680246,0.003366078090681946,-0.16692960369200122,0.020126428155196125,0.5430195403356773,-0.12628219943403887,0.2018200750735431,-0.30919170950327185,-0.31953756462568883,-0.4048817848306125,0.02123965692382053,-0.21377029587788204,0.3309651217121138,-0.07341144419473111,0.007964252299939897,0.041471578309499664
2,0.3568454680012094,-0.3965187113405197,0.0006767108716999089,-0.2967073075995259,-0.2930627812420661,-0.24999635558110755,0.1470050228094219,-0.0772644915358731,-0.08897648361173971,-0.19431847831155236,-0.2227111184534638,0.006469256861166603,-0.22277976697047766,-0.26147896509051627,0.28503260679742104,-0.06481050347566283,0.0065579622937993465,-0.33971659464856996,0.09451880201375218,-0.16696637461587893,0.020191638368001193
3,-0.18200301000137803,0.15799037312838649,0.3520365858557648,0.0903213587924352,0.03230725871633998,0.011827091497485967,-0.13907241343941834,-0.0822825847848225,0.31450380059854965,0.01874713070685946,0.06091150878527351,0.3448891624410776,-0.09099241562947702,-0.23262275699892956,0.363977829395544,-0.020856646748272298,-0.2017323667265559,-0.3370890958225402,-0.3130330878502539,0.29583625543067255,0.15958246375783422
4,0.09568970890116396,-0.3349207045026579,0.371139399851112,-0.2260225320979143,0.08912483964311307,0.11338015880206517,0.3095910206205665,0.06909614782658065,0.20449223876788417,0.020821947290800457,-0.13668190592268106,-0.24784366501948882,0.0887862367776193,0.12230886881322625,-0.04827992660870732,0.05395240545537146,0.09967826600980054,0.1762961086566066,-0.40643625119034527,0.31856779366384913,-0.3320941484550943
