,AGEP,HISP,MSP,NOC,NPF,OWN_RENT,PINCP_DECILE,POVPIP,PUMA,RAC1P,SEX
0,-0.4620673165575867,0.17229438035653832,-0.23524154992406793,0.4852564301774994,0.44975173836798527,0.15256761391536053,-0.4038975082063279,-0.25521431409626016,-0.013253438783225342,0.1094517627498812,0.004434341342924225
1,0.04022263831139077,0.17952821707467223,0.41344433077752024,-0.13969336011938321,-0.283810072639204,0.577993868934513,-0.08425944050001993,-0.554709616024031,0.009575165190557986,0.14606512945054556,0.15762969903433013
2,-0.10705523648905059,0.5597321764429597,0.14670291473082508,-0.08323796522869148,-0.06712917640353505,-0.21244911824654322,0.03465886196805301,0.23380931579635283,0.31083017232927074,0.641379330376417,-0.18247447616034898
3,-0.047437523714934315,0.0019671738776284825,0.026973041675102602,-0.13594230202908467,-0.11168192354357206,-0.31025322956711965,-0.398048666173982,0.10449213536054489,-0.028986063252191475,0.08625873147996496,0.8319651020294373
4,0.03849997016229329,0.10322755847068732,0.07154933010310945,-0.0563362271818398,0.014544651477988502,-0.153835822982668,-0.021778709689942968,-0.042121167249287106,-0.9284815800060375,0.2725368180436049,-0.13072441429581372
