,feature,divergence
7,EDU,4.196203620194223
8,PINCP_DECILE,4.111254521084089
2,MSP,1.9841846902879767
6,INDP_CAT,1.3879671270624419
0,PUMA,0.7743663318986131
5,OWN_RENT,0.17687598656971162
4,RAC1P,0.15670663773608295
3,HISP,0.11147090727888986
1,SEX,0.007357765211803868
