,feature,divergence
7,EDU,4.059534335396405
8,PINCP_DECILE,4.031585188820053
2,MSP,1.7817591978175917
6,INDP_CAT,1.2668446478515127
4,RAC1P,0.1309362279511533
5,OWN_RENT,0.11681559448216855
3,HISP,0.08760735826156778
1,SEX,0.08134445394924428
0,PUMA,0.01614814240352258
