,feature,divergence
0,AGEP,0.9774754346182916
7,PINCP_DECILE,0.3254152823920266
6,EDU,0.17681409085862815
2,MSP,0.03475000570523159
1,SEX,0.023955514656937904
3,RAC1P,0.00782742088791577
5,OWN_RENT,0.0037033157791780402
8,DVET,0.0034443042988244687
4,HOUSING_TYPE,0.003421847346089423
9,DEYE,0.0011552545614890442
