,EDU,HISP,INDP_CAT,MSP,OWN_RENT,PINCP_DECILE,PUMA,RAC1P,SEX
0,-0.5757868439330527,0.0655962186864465,-0.5141938332553486,-0.27286967958738373,-0.022671741617568873,-0.561256891150417,0.02040397669672129,0.08960660596565206,0.03666762089603036
1,0.017030301641701395,0.6184436714821478,0.11852298117427756,0.18150826369064038,0.20248105242787612,-0.06517823296749092,-0.4003205814922253,0.6014969265729595,0.054245256817450044
2,-0.018228842236508253,-0.06572759874428331,0.10657145973913032,0.46282526466702145,-0.5015049458213737,-0.27022531075256856,-0.13488876154468712,-0.10102759843425548,0.6456410825976963
3,-0.041545682585690025,0.11622791106424751,-0.036073459998696544,0.18129651282593967,-0.7187839530939929,0.010864233334593673,0.008139862360905217,0.14065669961475055,-0.643409932758161
4,-0.06316752979119518,0.4309566929144789,0.1317143698706331,0.1538188098323937,0.028788364074217178,-0.036416247239771715,0.8685452527883889,0.041254670460695725,0.10511695190813142
