,feature,divergence
0,PUMA,5.566995150355751
1,AGEP,4.540776977720598
9,PINCP_DECILE,3.7312789995788647
7,NPF,1.6383362039055258
3,MSP,1.2664151860387451
10,POVPIP,1.2630088434320481
5,RAC1P,0.7121799653958811
8,OWN_RENT,0.4828705273219574
6,NOC,0.39654635789724996
2,SEX,0.29008762806619437
4,HISP,0.11692622950819673
