,EDU,HISP,INDP_CAT,MSP,OWN_RENT,PINCP_DECILE,PUMA,RAC1P,SEX
0,-0.5711275826037827,0.09765649436928081,-0.500444253098502,-0.29828622168924224,0.00436282562450277,-0.5535746002048509,0.05716361394535648,0.12286875986066889,0.005393499728212164
1,-0.025747737539149093,0.5862344447408907,0.2035536556854705,0.2048359569052613,0.4980045256423225,-0.033267289279775625,0.035718054410579576,0.5505229960803345,0.13714153676526722
2,-0.027387643779077125,0.28795314487401497,0.1022279007821679,-0.23418829899428617,-0.028306563639922858,0.14753638134549624,0.8607935323039897,-0.23521682401784166,-0.17938086664464756
3,-0.01128999682737994,0.12662160088743138,-0.09007063761035386,0.08884907473649092,-0.1513637270700015,0.09636782792189817,-0.15395168477612106,0.24738566200910977,-0.9223524842354344
4,0.04110511941977856,0.3404424175276388,-0.014689687027022419,0.34714485769652453,-0.8096861230088331,-0.11316330943767186,0.07429342428193214,0.1773301091845792,0.23732036883592503
