,feature,divergence
0,PUMA,1.9959171215543563
7,EDU,1.5854154714465136
8,PINCP_DECILE,1.5198069330217638
2,MSP,0.5223989549254118
6,INDP_CAT,0.4411721678943362
5,OWN_RENT,0.19867802677512497
4,RAC1P,0.16696050667190357
1,SEX,0.12651558038136368
3,HISP,0.023545998764946053
