,AGEP,HISP,MSP,NOC,NPF,OWN_RENT,PINCP_DECILE,POVPIP,PUMA,RAC1P,SEX
0,-0.3771297048318144,0.10413523716016826,-0.3314779708948433,0.5079493510979786,0.4785791057231924,0.19554130976462397,-0.3508381593954957,-0.2510332787998796,0.08098020901853577,0.13530945076501005,0.02815887984840571
1,0.05217897352424524,0.2480768158274536,0.3832195882398829,-0.12304575686133976,-0.24863022882194025,0.5784354225419204,-0.06139564421859357,-0.5542800656460353,-0.058284657287332224,0.22155712006781397,0.11769763512410343
2,-0.4393634691608895,0.318404144823103,0.26410643349457436,-0.16668641207366977,-0.1558677660249261,-0.3064122138005855,-0.39987663378438176,0.2983191300704271,-0.1943289344351112,0.4450536162784286,-0.0716008893623903
3,0.1762370063952888,0.6169614406085175,-0.1017180233639413,-0.01807741156172815,0.08682112931288996,-0.024411995427561464,0.30000688005160653,0.10596731672846779,0.6035702499803892,0.22463869077169513,-0.23129873958019412
4,0.046704946659414645,0.12648154272851334,-0.0004449587316974722,-0.09334062214149307,-0.04924091972506224,-0.19457502251122058,-0.23857217577582437,0.007353049551731635,0.3555128272419994,-0.15737767160475657,0.8512910417539082
