,AGEP,DEYE,DVET,EDU,HOUSING_TYPE,MSP,OWN_RENT,PINCP_DECILE,RAC1P,SEX
0,-0.5251615970832845,0.06525346816091604,-0.11259059023351768,-0.5549528123126447,-0.058939223917406566,-0.24157157887476602,0.12599373017480195,-0.5520087567508631,0.12658595063201158,0.029244942000674776
1,0.028117658417163596,-0.18658641777119217,-0.1171858184477343,-0.09819642367100902,0.7053995999603048,0.11063300778624455,-0.6234402039734311,-0.18005310148012743,0.03095182596206968,0.0955864607148162
2,-0.08134938043213304,0.16780383264888107,0.5529867249917674,-0.09293384395818209,0.0783376158547289,-0.2547859894878377,-0.2359754365225557,0.10915704418016019,0.08570655941929395,-0.7104893883239463
3,-0.15479221705588833,0.31322492730135115,-0.11734411123309414,0.09253546874419169,0.0994916512132518,0.5617909540969802,0.1194328134125951,0.03871391405782848,0.7010062049706131,-0.15138273614990322
4,-0.005050879427422123,-0.8560167110688498,0.26595651342236826,-0.08439859638473246,0.01642240345330566,0.22538144922974795,0.2840210781056696,-0.06826570574970259,0.17794701922760603,-0.14592489455365812
