,AGEP,DEYE,DVET,EDU,HOUSING_TYPE,MSP,OWN_RENT,PINCP_DECILE,RAC1P,SEX
0,-0.5003671965995965,0.039000100578012176,-0.09147255741886581,-0.5717285720585464,0.028571268082507123,-0.23289866092055675,0.06753307375165213,-0.5718403334470066,0.16142351159960266,0.01389730658822784
1,-0.036751302203525876,-0.009456974854131096,-0.02075755036664278,-0.009303160616241615,0.7107583250013609,0.23447166211410764,-0.6402728025062306,-0.11921538103751939,-0.09207325951810759,-0.07245047965053895
2,0.09901175711451629,-0.2779127426599139,0.6235894739239649,-0.16046422730358426,-0.06821032417491307,-0.3925356471229513,-0.14847233213293923,0.012234921473094795,-0.2460947331152684,-0.50680898987847
3,-0.11347758108071232,-0.3436023315316527,0.22875269641390666,0.017965216400234463,0.0969159508768005,0.5511477770143671,0.27656242994914526,-0.018082836577395955,0.552729987573156,-0.34774840301319526
4,0.2373799763626631,-0.7955381192427633,-0.04165471474756344,-0.0969068527282701,0.0031132641869997812,-0.01753955305034971,-0.018473106588030613,-0.1634021113763075,-0.08018248525366209,0.515611994955066
