,feature,divergence
0,AGEP,4.968969196157085
7,PINCP_DECILE,3.2769462269686622
6,EDU,1.4572211676789328
2,MSP,0.5267892870799495
3,RAC1P,0.18890980833635546
9,DEYE,0.02671036769138035
5,OWN_RENT,0.013306588234079278
8,DVET,0.012896751653906191
4,HOUSING_TYPE,0.010387696687817308
1,SEX,0.008901528393617353
