,EDU,HISP,INDP_CAT,MSP,OWN_RENT,PINCP_DECILE,PUMA,RAC1P,SEX
0,-0.5757868439330529,0.06559621868644605,-0.5141938332553486,-0.2728696795873839,-0.02267174161756863,-0.5612568911504165,0.020403976696721775,0.08960660596565173,0.03666762089603021
1,0.01703030164170161,0.6184436714821462,0.11852298117427712,0.18150826369064077,0.20248105242787232,-0.06517823296749187,-0.40032058149222927,0.6014969265729593,0.0542452568174539
2,-0.018228842236508353,-0.0657275987442873,0.10657145973912968,0.4628252646670199,-0.5015049458213774,-0.2702253107525684,-0.13488876154468368,-0.10102759843425684,0.6456410825976948
3,-0.04154568258569154,0.11622791106426403,-0.03607345999869121,0.18129651282594103,-0.7187839530939925,0.010864233334593562,0.008139862360941115,0.14065669961475527,-0.6434099327581568
4,-0.06316752979119153,0.4309566929144749,0.13171436987063487,0.15381880983238205,0.02878836407424394,-0.03641624723977066,0.8685452527883889,0.04125467046069693,0.1051169519081596
