,AGEP,SEX,MSP,RAC1P,HOUSING_TYPE,OWN_RENT,EDU,PINCP_DECILE,DVET
AGEP,0.0,-0.06224974934731885,-0.028665185729383647,0.034616334223898745,-0.015757347849947034,0.029772040590454164,-0.017445890466294023,-0.017169521483538397,-0.13771006070698397
SEX,-0.06224974934731885,1.1102230246251565e-16,0.015532420203896509,-0.007454199484451943,-0.001008072547737559,0.026130201616315664,-0.042422358113948316,-0.00017885330205610894,0.08678544437529166
MSP,-0.028665185729383647,0.015532420203896509,-2.220446049250313e-16,0.01409583977769824,-0.005311282502912129,0.003957673342385344,-0.0007314132356016634,0.004665119771918649,-0.027482790798988164
RAC1P,0.034616334223898745,-0.007454199484451943,0.01409583977769824,0.0,-0.06181103969146187,-0.017146065959450396,-0.005929039742078642,0.039866464377817594,0.02789655669836571
HOUSING_TYPE,-0.015757347849947034,-0.001008072547737559,-0.005311282502912074,-0.06181103969146187,0.0,0.0032034121434835194,0.08688584001937232,0.1643460802357579,-0.0010040513166478169
OWN_RENT,0.02977204059045416,0.026130201616315664,0.003957673342385344,-0.017146065959450396,0.0032034121434835194,0.0,-0.03723192281885195,-0.05585283791090979,0.0014917391831363604
EDU,-0.017445890466294023,-0.042422358113948316,-0.0007314132356016356,-0.005929039742078646,0.08688584001937232,-0.03723192281885195,0.0,-0.21959446976577335,-0.05809967731631502
PINCP_DECILE,-0.017169521483538508,-0.00017885330205610894,0.004665119771918677,0.039866464377817594,0.16434608023575786,-0.05585283791090979,-0.21959446976577335,2.220446049250313e-16,-0.09483998827465268
DVET,-0.13771006070698397,0.08678544437529166,-0.027482790798988164,0.02789655669836571,-0.0010040513166478166,0.0014917391831363595,-0.058099677316315025,-0.09483998827465268,0.0
