,EDU,HISP,INDP_CAT,MSP,OWN_RENT,PINCP_DECILE,PUMA,RAC1P,SEX
0,-0.5757868439330527,0.06559621868644616,-0.514193833255349,-0.2728696795873837,-0.022671741617569005,-0.5612568911504164,0.020403976696721643,0.08960660596565184,0.0366676208960304
1,0.01703030164170134,0.6184436714821482,0.11852298117427712,0.1815082636906394,0.20248105242787404,-0.06517823296749092,-0.40032058149222666,0.601496926572959,0.05424525681745118
2,-0.018228842236507593,-0.06572759874428512,0.1065714597391299,0.46282526466701984,-0.5015049458213788,-0.27022531075256784,-0.1348887615446864,-0.10102759843425325,0.6456410825976939
3,-0.04154568258569262,0.11622791106426737,-0.03607345999869112,0.1812965128259427,-0.7187839530939907,0.010864233334593701,0.008139862360942546,0.14065669961475158,-0.6434099327581602
4,-0.06316752979119318,0.430956692914476,0.13171436987063478,0.15381880983238572,0.028788364074246526,-0.036416247239772104,0.868545252788388,0.04125467046068976,0.1051169519081598
