,AGEP,DEAR,DENSITY,DEYE,DPHY,DREM,DVET,EDU,HISP,HOUSING_TYPE,INDP_CAT,MSP,NOC,NPF,OWN_RENT,PINCP,PINCP_DECILE,POVPIP,PUMA,RAC1P,SEX
0,-0.28776965305590185,0.031249411767803645,-0.048776261402560014,0.009460602325530748,-0.29246529823122575,-0.3062732956445091,-0.027543366104164323,-0.3665612505043892,0.042786198055540015,-0.09323506472311036,-0.2437417005507672,-0.26795281685453204,0.29832271224868334,0.2706222210689497,0.07654799758595561,0.4040476099107064,-0.3200760291297531,-0.131163535045231,0.04670866623870485,0.06606510654385751,0.0007146058871974519
1,-0.05732373688641429,-0.07214427089094377,-0.036034895547093236,-0.049558212721884036,-0.20178677271526835,-0.20547639464438686,0.0030120307328044597,-0.13902172426281667,-0.06823603558554865,0.5404006726870613,-0.20111396409981108,0.07442323966578782,-0.27649067590615445,-0.24654387055949625,-0.46805711278234524,0.06546694483740055,-0.16052516690079768,0.3802058106085912,-0.06099260213081466,-0.0630321073555669,-0.0647543400699684
2,0.243253009426656,-0.19326598646999973,-0.4797167088432299,-0.0661585963019791,-0.008734572958671437,0.009749592392141439,0.17316539888926644,0.09700971148955145,-0.3282239028236954,-0.14362214236900267,-0.05780328129059757,-0.36443387894402834,0.1263211134383526,0.20459781391616658,-0.2507649642602462,0.016778533196039072,0.21297422410106856,0.13657868257158348,0.23654165740220454,-0.3421316624544922,-0.0830149408450952
3,0.28888320359564396,-0.4346098336458156,0.009333725798673108,-0.41949754072385415,-0.30979931364861574,-0.2602194572498981,0.15102915742143527,-0.08734332093410842,-0.008645927881747494,-0.15957801110260575,-0.14234641690829314,0.12071515907793247,-0.2203771880723011,-0.2604780948697035,0.24686748106315587,-0.1081915831074471,-0.021403332050414378,-0.3263268937136308,-0.00842424148311292,-0.03165265963410373,0.0028941113457411926
4,-0.016916031021531767,-0.1752990915945743,-0.29725608563776557,-0.18763404066279127,0.4368580133185948,0.44144739462572846,-0.030172976077663987,-0.20249692518771484,0.12436506214213112,0.1445676616020609,-0.2877799403677882,0.17274094792999078,0.02826403117599588,0.030833130322682173,-0.0996930744945596,-0.04267047006810624,-0.3821459001305587,-0.24982869442470895,0.2076110818613584,0.05129196284145428,0.032632944326199134
