,EDU,HISP,INDP_CAT,MSP,OWN_RENT,PINCP_DECILE,PUMA,RAC1P,SEX
0,-0.5711275826037826,0.09765649436927948,-0.5004442530985019,-0.29828622168924107,0.004362825624501784,-0.5535746002048512,0.05716361394535654,0.12286875986066785,0.005393499728212018
1,-0.025747737539156604,0.5862344447408903,0.20355365568546852,0.2048359569052656,0.49800452564231995,-0.03326728927977052,0.035718054410579236,0.5505229960803354,0.13714153676526739
2,-0.027387643779078336,0.28795314487401497,0.10222790078216792,-0.2341882989942815,-0.028306563639924953,0.14753638134549482,0.8607935323039905,-0.2352168240178401,-0.17938086664465086
3,-0.011289996827380386,0.12662160088743096,-0.09007063761035485,0.08884907473649377,-0.15136372707000156,0.09636782792189674,-0.15395168477612503,0.24738566200910664,-0.9223524842354344
4,0.04110511941977829,0.34044241752763554,-0.014689687027022141,0.3471448576965261,-0.8096861230088338,-0.11316330943767232,0.07429342428193028,0.17733010918457867,0.23732036883592503
