,AGEP,DEYE,DVET,EDU,HOUSING_TYPE,MSP,OWN_RENT,PINCP_DECILE,RAC1P,SEX
0,-0.500367196599597,0.03900010057801173,-0.09147255741886577,-0.5717285720585465,0.02857126808250572,-0.2328986609205574,0.06753307375165366,-0.5718403334470062,0.16142351159960397,0.013897306588227486
1,-0.036751302203527215,-0.009456974854130988,-0.02075755036664192,-0.009303160616243157,0.7107583250013606,0.23447166211410608,-0.640272802506231,-0.11921538103752011,-0.09207325951810727,-0.07245047965053991
2,0.09901175711451608,-0.27791274265991056,0.623589473923963,-0.16046422730358342,-0.06821032417491531,-0.3925356471229535,-0.1484723321329387,0.0122349214730956,-0.24609473311527144,-0.5068089898784718
3,-0.11347758108068912,-0.34360233153173664,0.2287526964139006,0.017965216400224415,0.09691595087680083,0.5511477770143663,0.2765624299491445,-0.018082836577412303,0.5527299875731414,-0.3477484030131492
4,0.23737997636267508,-0.7955381192427285,-0.04165471474758134,-0.09690685272827293,0.0031132641869902333,-0.017539553050406567,-0.0184731065880597,-0.16340211137630595,-0.08018248525371849,0.5156119949551022
