,feature,divergence
1,AGEP,9.789980732177264
9,PINCP_DECILE,2.668059282107621
0,PUMA,1.3273356773823193
7,NPF,1.2406244849647154
10,POVPIP,1.044567547689467
3,MSP,0.7218281354832411
6,NOC,0.5079625463483731
5,RAC1P,0.39337873799863754
4,HISP,0.19258266309204647
8,OWN_RENT,0.15848115788544703
2,SEX,0.05052729942597789
11,DEYE,0.02208322695940771
