,AGEP,DVET,EDU,HISP,HOUSING_TYPE,MSP,NOC,OWN_RENT,PINCP_DECILE,PUMA,RAC1P,SEX
0,-0.4429047613120066,-0.0660975229806865,-0.4837115900894355,0.11575036524693524,-0.1347929208004402,-0.2932175729532509,0.4352677850999761,0.16532630080511673,-0.4521486300229931,0.07926928519406173,0.14193422571166361,0.01695894206178388
1,-0.19228917521085778,-0.06545881649314894,-0.21244437363034596,0.011717072658557436,0.6640370564945925,0.1926227765662194,-0.24000795121080323,-0.513931487426632,-0.32438760252433496,-0.07910008836555982,0.015246650226379964,-0.044445212386473726
2,-0.0682137818886263,-0.21007453430452278,0.059243333172246476,0.5028714374203763,0.0027290041235664107,0.4429788510531856,-0.18437354564224068,0.34606470367174397,-0.03291105495546996,-0.17826229403730687,0.5378859952723244,0.15050612801730165
3,0.014035811430779565,0.5306353259010966,-0.051681601245844866,0.4110091330118347,0.04449757125496515,0.002426010719936665,-0.04851182193430867,-0.043558172505964055,0.09958939323245203,0.4617076473060235,0.1506193006711482,-0.5427843479521636
4,-0.1554645993642097,0.26972855886225483,-0.003494606944835138,-0.3339608362893822,-0.021843922991030006,0.0920840269569366,0.048516148440283555,0.15662101901964665,-0.0027765484662158058,-0.6666276264664328,0.16629467837253234,-0.5325791993034086
