,AGEP,HISP,MSP,NOC,NPF,OWN_RENT,PINCP_DECILE,POVPIP,PUMA,RAC1P,SEX
0,-0.37712970483181457,0.10413523716016915,-0.3314779708948438,0.5079493510979788,0.4785791057231924,0.19554130976462356,-0.35083815939549556,-0.25103327879987913,0.08098020901853512,0.13530945076500958,0.028158879848405823
1,0.052178973524244616,0.24807681582745594,0.38321958823988345,-0.12304575686133964,-0.24863022882194002,0.5784354225419203,-0.061395644218593934,-0.5542800656460349,-0.05828465728733114,0.22155712006781486,0.11769763512410242
2,-0.43936346916088953,0.3184041448231046,0.2641064334945735,-0.16668641207367063,-0.15586776602492558,-0.30641221380058614,-0.3998766337843812,0.29831913007042776,-0.19432893443511048,0.4450536162784271,-0.0716008893623919
3,0.1762370063952876,0.6169614406085158,-0.10171802336394106,-0.018077411561727985,0.08682112931289038,-0.024411995427562158,0.3000068800516058,0.10596731672846778,0.6035702499803922,0.2246386907716919,-0.23129873958019567
4,0.046704946659410745,0.12648154272851286,-0.00044495873169492217,-0.09334062214149388,-0.04924091972506455,-0.1945750225112204,-0.23857217577582765,0.007353049551730841,0.35551282724200395,-0.1573776716047619,0.8512910417539049
