,feature,divergence
1,AGEP,4.023749929900633
9,PINCP_DECILE,3.5706935424677035
0,PUMA,3.1144121050111715
10,POVPIP,1.6350976689002648
7,NPF,1.1323438589554966
3,MSP,0.8186122575008115
6,NOC,0.24487144146584544
5,RAC1P,0.1994917802465787
8,OWN_RENT,0.18884372750511155
2,SEX,0.11807284793301498
4,HISP,0.031545832323041374
