,feature,divergence
0,AGEP,0.30571041076593375
7,PINCP_DECILE,0.1100126079351284
6,EDU,0.09768916638578029
2,MSP,0.0382452986099219
1,SEX,0.0212751852334625
3,RAC1P,0.009148632207861059
5,OWN_RENT,0.002902193367687489
4,HOUSING_TYPE,0.0014094753644975262
8,DVET,0.0009285972566198664
9,DEYE,0.0007741746099316667
