,SEX,MSP,RAC1P,HOUSING_TYPE,OWN_RENT,EDU,PINCP_DECILE,DVET
SEX,0.0,0.0012236589025369374,-0.025134669930965546,0.046377200378930505,-0.031129662939450513,-0.0241144847623537,0.06464025609360745,0.09199482765350987
MSP,0.0012236589025369374,0.0,-0.047191700199861936,-0.2270149562143805,-0.04266895632612842,-0.17288066129255858,-0.13910692902351038,0.014340330553058559
RAC1P,-0.025134669930965546,-0.047191700199861936,0.0,0.048203291358216244,-0.15584518203581285,0.1332152697578591,0.13643568619498833,0.07526460587156536
HOUSING_TYPE,0.046377200378930505,-0.2270149562143805,0.048203291358216244,0.0,0.45002495924217434,0.02937417776903138,0.11803660559248627,0.07871312770742596
OWN_RENT,-0.031129662939450513,-0.04266895632612842,-0.15584518203581285,0.4500249592421743,-1.1102230246251565e-16,0.041845810665763025,0.024851473222142793,-0.007317490876622016
EDU,-0.0241144847623537,-0.17288066129255855,0.1332152697578591,0.02937417776903138,0.041845810665763025,0.0,-0.540458075426507,-0.03928182691425282
PINCP_DECILE,0.06464025609360745,-0.13910692902351038,0.13643568619498833,0.11803660559248629,0.024851473222142796,-0.540458075426507,-2.220446049250313e-16,-0.05848016517639258
DVET,0.09199482765350989,0.014340330553058559,0.07526460587156536,0.07871312770742596,-0.007317490876622012,-0.039281826914252825,-0.05848016517639258,-2.220446049250313e-16
