,feature,divergence
8,PINCP_DECILE,2.0685546267939214
7,EDU,2.0512750582160577
0,PUMA,0.8219644777103985
6,INDP_CAT,0.717487658050205
2,MSP,0.6558920927368497
4,RAC1P,0.33076420760004455
1,SEX,0.2904153120926658
5,OWN_RENT,0.1614879124370282
3,HISP,0.07354824316589673
