,PUMA,SEX,MSP,HISP,RAC1P,OWN_RENT,INDP_CAT,EDU,PINCP_DECILE
PUMA,-5.88418203051333e-15,0.013210243235915048,-0.002352240538070316,0.04263090165997167,0.07248201367768384,0.0026146607128127164,0.019153756349367702,0.04285631586012741,-0.011218058732781849
SEX,0.013210243235915048,-5.218048215738236e-15,-0.038032197811471546,0.005818123166238033,0.003957587396727967,0.018157044239595785,0.005647305027924272,-0.062176790011460446,0.08519596143746494
MSP,-0.002352240538070316,-0.038032197811471546,-3.219646771412954e-15,-0.03127693002459341,-0.012686451883084027,-0.004097561338129135,-0.06819749361275873,0.05091243202136081,-0.0020597007948601614
HISP,0.04263090165997167,0.005818123166238033,-0.03127693002459341,-1.2212453270876722e-14,0.016853855448496685,-0.034004372178973126,-0.01735699921816436,0.06533439626450041,0.07415534839788884
RAC1P,0.07248201367768384,0.003957587396727967,-0.012686451883084027,0.016853855448496685,0.0,-0.004748921323384302,-0.0023748339464775142,0.012916332928150316,0.044484756441655005
OWN_RENT,0.0026146607128127164,0.018157044239595785,-0.004097561338129135,-0.034004372178973126,-0.004748921323384302,-1.7985612998927536e-14,-0.04411536908948663,-0.033278672098090684,-0.08022192108674446
INDP_CAT,0.019153756349367702,0.005647305027924272,-0.06819749361275873,-0.01735699921816436,-0.0023748339464775142,-0.04411536908948663,9.769962616701378e-15,-0.11873767896569348,0.0038637766120058203
EDU,0.04285631586012741,-0.062176790011460446,0.05091243202136081,0.06533439626450041,0.012916332928150316,-0.033278672098090684,-0.11873767896569348,0.0,-0.021392253874144895
PINCP_DECILE,-0.011218058732781849,0.08519596143746494,-0.0020597007948601614,0.07415534839788884,0.044484756441655005,-0.08022192108674446,0.0038637766120058203,-0.021392253874144895,1.6653345369377348e-15
