,AGEP,DEAR,DEYE,DPHY,DREM,DVET,EDU,HISP,HOUSING_TYPE,INDP,INDP_CAT,MSP,NOC,NPF,OWN_RENT,PINCP,PINCP_DECILE,POVPIP,PUMA,PWGTP,RAC1P,SEX,WGTP
0,-0.2602463261339176,0.01903672299271732,0.0005210973952261954,-0.27642749918745163,-0.28687659453898573,-0.02406801972922232,-0.3571237404589145,0.04206598209831231,-0.07975229219158078,-0.28236388034156135,-0.27935966434820597,-0.2473407507298357,0.2700575315286341,0.24229566437322225,0.07109340289003985,0.3832876457594976,-0.3166764465727774,-0.12647846188135314,0.035495243208635854,0.07668305073115789,0.06320775105341032,-0.0033862917144151846,0.08351038847223034
1,-0.02755930881714297,0.07126015816265362,0.03943933314799783,0.11132567139055323,0.10708226861932083,-0.012046907304543508,0.08083323575050733,0.085110564985962,-0.41381820101156946,0.2386435003596912,0.2366331496437425,-0.00036134365610568375,0.20344209580309236,0.16009715276731457,0.42896885293920656,-0.045988286861571796,0.11224851156074767,-0.32141077009525104,0.029475923660158672,0.3508411895683422,0.06952513498874167,0.05035731013960418,0.4126146834382434
2,0.14340970447608553,-0.2534705027353934,-0.25712938768809074,-0.12760460924593126,-0.09711567635905542,0.04950331731203516,-0.11119902999618744,0.06013798093141971,0.12873859918078437,-0.232424659521862,-0.23315881126862298,0.3068346052151972,-0.32800887751592966,-0.38076317238683494,0.10722194564203494,-0.13105623873905686,-0.13359565466974718,-0.1622373432154371,-0.11327676144334889,0.3712101348648778,0.0337648667013062,-0.022780997168920472,0.32881549398792853
3,-0.4327242056684121,0.3669781156136514,0.28123893121823823,0.012360029193708488,-0.04033449160675419,-0.19005932633099254,-0.08699017887587165,0.16419544153209992,0.3771338431292045,0.2122161867024696,0.21192705886565333,0.24536103851789381,-0.06270599348306574,-0.1011272671168363,-0.11537131636323983,0.06711829470329032,-0.15798336136548177,0.21672935889604283,-0.09220350788899316,0.258099854533238,0.16484832153656556,0.02010504530634789,0.1660432733112785
4,-0.002586947761412054,-0.10621360900561824,-0.09235655046265095,-0.5490074948675201,-0.5498825450583317,0.11757568000908623,0.032542532702926445,-0.12109483001092207,-0.03992028076960028,0.3334326022862013,0.33259951854223263,-0.08536025773096911,-0.08902560688763943,-0.09432801725672031,0.012817780240420793,0.03170782403139414,0.2306019436576649,0.12965261507757847,0.06568257825658648,0.029858044507390005,-0.14626543052651428,-0.032218180422312906,0.02362374175662052
