,EDU,HISP,INDP_CAT,MSP,OWN_RENT,PINCP_DECILE,PUMA,RAC1P,SEX
0,-0.5711275826037827,0.09765649436928059,-0.5004442530985016,-0.29828622168924146,0.004362825624502728,-0.5535746002048516,0.05716361394535772,0.1228687598606692,0.005393499728212368
1,-0.025747737539154974,0.5862344447408909,0.20355365568546951,0.20483595690526388,0.49800452564231956,-0.03326728927976874,0.03571805441057763,0.5505229960803357,0.13714153676526705
2,-0.02738764377907758,0.28795314487401547,0.10222790078216928,-0.23418829899428117,-0.028306563639925432,0.14753638134549443,0.860793532303991,-0.23521682401784072,-0.17938086664464525
3,-0.011289996827380645,0.12662160088743085,-0.09007063761035403,0.08884907473648909,-0.15136372706999962,0.09636782792189838,-0.153951684776121,0.2473856620091056,-0.9223524842354361
4,0.041105119419779866,0.3404424175276374,-0.014689687027023307,0.3471448576965217,-0.8096861230088355,-0.11316330943767032,0.07429342428192655,0.17733010918458136,0.237320368835923
