,feature,divergence
0,AGEP,3.266592296082421
7,PINCP_DECILE,1.8016483516483515
6,EDU,0.8892093124833964
2,MSP,0.41190504201463124
5,OWN_RENT,0.1724357123634092
3,RAC1P,0.12115121662585597
4,HOUSING_TYPE,0.043503207734706784
9,DEYE,0.01862604190165374
8,DVET,0.010991921599788108
1,SEX,0.005744641560045061
