,AGEP,HISP,MSP,NOC,NPF,OWN_RENT,PINCP_DECILE,POVPIP,PUMA,RAC1P,SEX
0,-0.37712970483181446,0.10413523716016881,-0.3314779708948427,0.5079493510979782,0.47857910572319184,0.19554130976462455,-0.3508381593954955,-0.25103327879988,0.08098020901853564,0.13530945076501,0.028158879848405392
1,0.05217897352424583,0.2480768158274545,0.3832195882398839,-0.12304575686134019,-0.24863022882194047,0.5784354225419207,-0.06139564421859227,-0.5542800656460348,-0.05828465728733211,0.22155712006781508,0.1176976351241015
2,-0.4393634691608914,0.31840414482310214,0.26410643349457613,-0.16668641207366997,-0.1558677660249265,-0.3064122138005857,-0.3998766337843842,0.29831913007042615,-0.19432893443511223,0.44505361627842427,-0.07160088936239263
3,0.17623700639529102,0.6169614406085205,-0.10171802336394328,-0.018077411561727263,0.08682112931289282,-0.02441199542756367,0.30000688005160997,0.10596731672847172,0.6035702499803834,0.22463869077170184,-0.23129873958018707
4,0.04670494665941735,0.126481542728514,-0.00044495873169918265,-0.09334062214149241,-0.04924091972506133,-0.1945750225112198,-0.23857217577582207,0.007353049551731955,0.35551282724199146,-0.15737767160475016,0.8512910417539135
