,feature,divergence
0,AGEP,3.3925088223469677
7,PINCP_DECILE,1.3735315997347022
6,EDU,0.6442963432961973
2,MSP,0.37712043582773447
3,RAC1P,0.12336096990827251
5,OWN_RENT,0.10629933420723256
1,SEX,0.03176000274419244
9,DEYE,0.023608664293777844
4,HOUSING_TYPE,0.02131885156212547
8,DVET,0.015034649326633117
