,PUMA,SEX,MSP,HISP,RAC1P,OWN_RENT,INDP_CAT,EDU,PINCP_DECILE
PUMA,2.7755575615628914e-15,0.0191340343983882,0.043719155482036996,0.023931717585481366,0.06105895863446134,0.019969324643403064,0.006559390230261742,0.04267728594090295,0.006311617102343223
SEX,0.0191340343983882,0.0,-0.03673068491980044,-0.00786330486963805,0.03014382281753182,-0.011810231189246425,-0.03531124282367735,-0.02504530951918834,0.14079306263350952
MSP,0.043719155482036996,-0.03673068491980044,-1.5432100042289676e-14,-0.024899145647722432,0.023978635928937078,0.07397739321777339,-0.2864807583349546,-0.2170523754503506,-0.11881415013319015
HISP,0.023931717585481366,-0.00786330486963805,-0.024899145647722432,-1.84297022087776e-14,-0.15888928276451197,-0.032849347691067114,-0.0008281723932254646,0.06782069016984879,0.0950171644427095
RAC1P,0.06105895863446134,0.03014382281753182,0.023978635928937078,-0.15888928276451197,0.0,-0.03829539641978542,0.0433979005959464,0.04608960051765723,0.08647494003850921
OWN_RENT,0.019969324643403064,-0.011810231189246425,0.07397739321777339,-0.032849347691067114,-0.03829539641978542,0.0,-0.01514278282524288,-0.012502382617761097,-0.049281244074882866
INDP_CAT,0.006559390230261742,-0.03531124282367735,-0.2864807583349546,-0.0008281723932254646,0.0433979005959464,-0.01514278282524288,1.0880185641326534e-14,-0.5057733503168982,-0.4871731716246982
EDU,0.04267728594090295,-0.02504530951918834,-0.2170523754503506,0.06782069016984879,0.04608960051765723,-0.012502382617761097,-0.5057733503168982,-4.218847493575595e-15,-0.6974415389589932
PINCP_DECILE,0.006311617102343223,0.14079306263350952,-0.11881415013319015,0.0950171644427095,0.08647494003850921,-0.049281244074882866,-0.4871731716246982,-0.6974415389589932,1.2212453270876722e-15
