,AGEP,DEYE,HISP,MSP,NOC,NPF,OWN_RENT,PINCP_DECILE,POVPIP,PUMA,RAC1P,SEX
0,-0.37939206594301145,0.055550132596845714,0.10346063208355782,-0.33152598174997583,0.5077179706325315,0.4786017209737771,0.1932891909595993,-0.34886607997624575,-0.2469571543224868,0.08085406385186712,0.134738835702146,0.0278764492120393
1,0.06928418939533261,-0.16492332190137068,0.23855175616384355,0.3627695432271145,-0.113612456162843,-0.2352388882584251,0.5727092974150861,-0.06873881872846484,-0.5635153330188837,-0.0525966391837067,0.21124918402083698,0.11654644177421564
2,-0.4450773923875181,0.1962525536154579,0.3255300405212979,0.2931716956563715,-0.16973395704773414,-0.17184883979101145,-0.2544533858809657,-0.3649325468906667,0.2771655706994952,-0.19202123017181696,0.4441323420093894,-0.06527807176604425
3,0.17710503691009985,0.04116021645175577,0.6121680156752642,-0.09869138110859402,-0.01547922203256679,0.08601373655208074,-0.010580164115230238,0.313124955732086,0.10106130990737622,0.6040627269828762,0.2183190954672362,-0.23213020798826964
4,0.08907735788191526,-0.5526733208318958,0.15216175196415965,-0.07727457619430372,-0.0955672683295411,-0.007237575499860233,-0.30406561975187807,-0.3124284385579377,0.03771909914884859,0.24391226221252485,-0.02277942464161256,0.6299246986517056
