,EDU,HISP,INDP_CAT,MSP,OWN_RENT,PINCP_DECILE,PUMA,RAC1P,SEX
0,-0.5711275826037827,0.09765649436927892,-0.5004442530985023,-0.2982862216892417,0.004362825624502506,-0.5535746002048505,0.05716361394535639,0.12286875986066828,0.005393499728211525
1,-0.025747737539155907,0.5862344447408904,0.20355365568546752,0.2048359569052641,0.49800452564232034,-0.03326728927976935,0.035718054410580416,0.5505229960803351,0.13714153676526689
2,-0.02738764377907854,0.2879531448740156,0.10222790078216765,-0.2341882989942809,-0.02830656363992677,0.1475363813454945,0.8607935323039902,-0.23521682401784222,-0.17938086664465017
3,-0.011289996827380171,0.126621600887429,-0.09007063761035386,0.08884907473649131,-0.15136372706999845,0.09636782792189742,-0.15395168477612484,0.24738566200910653,-0.922352484235435
4,0.041105119419779346,0.34044241752763515,-0.014689687027022946,0.3471448576965208,-0.809686123008836,-0.11316330943767065,0.07429342428192821,0.17733010918458514,0.23732036883592258
