,AGEP,DVET,EDU,HOUSING_TYPE,MSP,OWN_RENT,PINCP_DECILE,RAC1P,SEX
0,-0.49980572994103994,-0.07106053098906506,-0.5692835980526704,0.1556748110145011,-0.1467211890137708,-0.09099128616656577,-0.5888061433512747,0.13447921545416475,0.0473531008090549
1,0.0776181669908173,-0.022302352715001403,0.12350856052983095,0.673563447093183,0.3992316465832572,-0.600473557825883,-0.011662828755800457,-0.023893010335050396,0.06224664354845805
2,-0.0510281414519605,0.6186303444425205,-0.0794209362763828,0.07529543235000105,-0.14724358821647152,-0.1415531303777675,0.08853405886325039,0.10438112852222223,-0.7363856842050339
3,-0.20801078825285202,-0.1925559042715088,0.17537913507554315,0.022752657068108976,0.3412021914287772,0.2187107835201015,0.0960776361549141,0.833062776049123,-0.14456959571618602
4,0.1658373373720464,0.6869815151997953,0.029633444012216126,0.004765381266894325,-0.0675659363697855,0.014247860690337184,-0.11078546960819968,0.33605441357567656,0.6080126470664255
