,AGEP,DVET,EDU,HOUSING_TYPE,MSP,OWN_RENT,PINCP_DECILE,RAC1P,SEX
0,-0.4998057299410396,-0.07106053098906451,-0.5692835980526704,0.1556748110145021,-0.14672118901377057,-0.09099128616656682,-0.5888061433512743,0.1344792154541649,0.04735310080905487
1,0.07761816699081768,-0.022302352715000286,0.1235085605298322,0.6735634470931832,0.39923164658325744,-0.600473557825883,-0.011662828755799909,-0.023893010335050358,0.062246643548457006
2,-0.05102814145196027,0.618630344442522,-0.07942093627638308,0.07529543235,-0.1472435882164696,-0.1415531303777655,0.08853405886325022,0.10438112852222296,-0.7363856842050328
3,-0.2080107882528525,-0.19255590427151312,0.17537913507554317,0.02275265706810897,0.34120219142877556,0.2187107835201004,0.09607763615491462,0.8330627760491219,-0.14456959571618758
4,0.1658373373720482,0.6869815151997903,0.02963344401221768,0.004765381266893666,-0.06756593636979237,0.014247860690332893,-0.11078546960819707,0.33605441357568433,0.6080126470664263
