,AGEP,DEYE,DVET,EDU,HOUSING_TYPE,MSP,OWN_RENT,PINCP_DECILE,RAC1P,SEX
0,-0.5003671965995962,0.03900010057801084,-0.09147255741886601,-0.5717285720585455,0.0285712680825055,-0.23289866092055708,0.0675330737516535,-0.5718403334470055,0.1614235115996022,0.013897306588228
1,-0.03675130220352686,-0.009456974854130343,-0.020757550366642657,-0.009303160616242834,0.7107583250013616,0.23447166211410614,-0.6402728025062311,-0.11921538103751987,-0.0920732595181073,-0.07245047965053814
2,0.0990117571145152,-0.27791274265990445,0.6235894739239591,-0.16046422730358267,-0.0682103241749149,-0.3925356471229563,-0.148472332132941,0.012234921473096433,-0.2460947331152739,-0.5068089898784759
3,-0.11347758108069089,-0.34360233153172487,0.22875269641390572,0.017965216400225803,0.09691595087680105,0.5511477770143616,0.2765624299491416,-0.018082836577410638,0.5527299875731467,-0.3477484030131573
4,0.23737997636267436,-0.7955381192427351,-0.041654714747573,-0.09690685272827354,0.0031132641869909827,-0.01753955305039895,-0.018473106588055524,-0.163402111376306,-0.08018248525371377,0.5156119949550936
