,AGEP,DEYE,DVET,EDU,HOUSING_TYPE,MSP,OWN_RENT,PINCP_DECILE,RAC1P,SEX
0,-0.5003671965995966,0.0390001005780114,-0.09147255741886509,-0.571728572058546,0.028571268082505416,-0.23289866092055705,0.06753307375165402,-0.5718403334470055,0.16142351159960272,0.01389730658822786
1,-0.03675130220352719,-0.009456974854131432,-0.02075755036664342,-0.009303160616243592,0.7107583250013614,0.23447166211410606,-0.6402728025062319,-0.11921538103752012,-0.09207325951810735,-0.07245047965053882
2,0.09901175711451653,-0.2779127426599021,0.6235894739239596,-0.16046422730358303,-0.06821032417491553,-0.39253564712296085,-0.14847233213294336,0.01223492147309671,-0.2460947331152765,-0.5068089898784705
3,-0.11347758108068748,-0.3436023315317358,0.22875269641391263,0.017965216400222833,0.09691595087680047,0.5511477770143608,0.2765624299491412,-0.018082836577412414,0.5527299875731423,-0.347748403013153
4,0.23737997636267605,-0.7955381192427312,-0.04165471474757772,-0.09690685272827348,0.0031132641869894145,-0.017539553050407705,-0.0184731065880592,-0.16340211137630556,-0.08018248525371773,0.5156119949550982
