,AGEP,SEX,MSP,RAC1P,HOUSING_TYPE,OWN_RENT,EDU,PINCP_DECILE,DVET
AGEP,0.0,-0.03588238254389297,-0.01980249865550364,0.02155760160159611,0.05208521767989334,0.10100102841525713,-0.3395081813687184,-0.39395226251323284,-0.07439446706429034
SEX,-0.03588238254389298,-1.1102230246251565e-16,-0.0025706168089261083,-0.022983434872764115,-0.0011990941997339494,0.0002814581062388355,-0.032109589428209705,0.06551314875139186,0.08809374772499197
MSP,-0.019802498655503646,-0.0025706168089261083,0.0,0.0011351307512403042,-0.23761035229654912,-0.0439542993130936,-0.17869697510050928,-0.1462401382390404,-0.0018276925486073372
RAC1P,0.021557601601596123,-0.022983434872764115,0.0011351307512403042,-1.1102230246251565e-16,0.003994081136798015,-0.14137629464787854,0.1468927803295151,0.13669920345546904,0.01756217691976712
HOUSING_TYPE,0.05208521767989335,-0.0011990941997339563,-0.23761035229654912,0.003994081136798015,0.0,0.0037670842287135797,0.036923209931091314,0.12248910866267854,0.017675853210134006
OWN_RENT,0.10100102841525711,0.00028145810623884243,-0.0439542993130936,-0.14137629464787854,0.0037670842287135797,1.1102230246251565e-16,0.03814033390454877,0.025128403625648752,0.005627484861214724
EDU,-0.33950818136871846,-0.032109589428209705,-0.17869697510050925,0.1468927803295151,0.036923209931091314,0.03814033390454877,0.0,-0.010581453920677442,-0.003978624619141866
PINCP_DECILE,-0.39395226251323284,0.06551314875139186,-0.1462401382390404,0.13669920345546904,0.12248910866267855,0.025128403625648756,-0.010581453920677442,0.0,-0.0137895957838245
DVET,-0.07439446706429034,0.08809374772499198,-0.0018276925486073372,0.017562176919767115,0.017675853210134006,0.005627484861214724,-0.003978624619141873,-0.0137895957838245,0.0
