,PUMA,SEX,MSP,HISP,RAC1P,OWN_RENT,INDP_CAT,EDU,PINCP_DECILE
PUMA,0.0,-0.02473838703532724,2.248991708468824e-05,-0.013717546571684528,-0.013448213092733682,-0.014795219757083856,-0.013227532078232511,-0.03665687032450423,-0.035860301684861026
SEX,-0.024738387035327245,0.0,-0.015322657149439574,0.019122486060761886,-0.006651822640561537,-0.0016782491113234432,-0.029358141206632743,-0.03334539849063617,0.10853269484661379
MSP,2.248991708468824e-05,-0.015322657149439574,0.0,0.028368822395438354,-0.026196389957239045,-0.013884428284701662,-0.2594521830144786,-0.23916150484549575,-0.19329399328533917
HISP,-0.01371754657168453,0.019122486060761886,0.028368822395438354,0.0,-0.09073547720676695,-0.05573276458018646,0.04552902878934916,0.1852375979868309,0.123402168833949
RAC1P,-0.013448213092733682,-0.006651822640561536,-0.026196389957239042,-0.09073547720676695,0.0,-0.05379672322967207,0.005235625827364936,0.06862096184460642,0.08917989035237843
OWN_RENT,-0.01479521975708386,-0.0016782491113234432,-0.013884428284701666,-0.05573276458018646,-0.053796723229672064,-1.1102230246251565e-16,-0.009158308553965867,0.05168272672492056,0.06452035745994981
INDP_CAT,-0.013227532078232511,-0.029358141206632743,-0.2594521830144786,0.045529028789349155,0.005235625827364934,-0.009158308553965867,0.0,-0.38539639712687995,-0.3693261411407824
EDU,-0.03665687032450423,-0.03334539849063617,-0.23916150484549575,0.18523759798683087,0.06862096184460642,0.05168272672492056,-0.38539639712688,-1.1102230246251565e-16,-0.5418133562210604
PINCP_DECILE,-0.035860301684861026,0.10853269484661379,-0.1932939932853392,0.123402168833949,0.08917989035237844,0.06452035745994981,-0.3693261411407824,-0.5418133562210603,0.0
