,feature,divergence
7,EDU,3.323691829673046
8,PINCP_DECILE,2.9466897621467276
0,PUMA,1.3979905005480453
6,INDP_CAT,1.3540751860659057
2,MSP,0.7950125426342158
5,OWN_RENT,0.21695545214549916
4,RAC1P,0.18452304941897588
3,HISP,0.1482936565054988
1,SEX,0.13448043221489003
