,feature,divergence
1,AGEP,3.0750919934337015
9,PINCP_DECILE,1.8031340823548843
0,PUMA,1.5747426880046569
7,NPF,1.507191281519635
3,MSP,0.7791268453211353
6,NOC,0.4824398558913907
10,POVPIP,0.40018693041587516
8,OWN_RENT,0.2644047429151772
5,RAC1P,0.04914488010580206
2,SEX,0.02357771592482616
4,HISP,0.01182658913862153
