,feature,divergence
0,PUMA,6.155344306715198
7,EDU,5.265294151619676
8,PINCP_DECILE,3.872001696436093
6,INDP_CAT,1.7407735644353812
2,MSP,0.8458469054316566
1,SEX,0.6655690415826199
4,RAC1P,0.653015297501763
5,OWN_RENT,0.22784879455238138
3,HISP,0.06829600237838238
