,feature,divergence
0,AGEP,5.603597129215503
2,MSP,0.35787285493830323
7,PINCP_DECILE,0.2284116258286361
6,EDU,0.18905640068803398
3,RAC1P,0.08947606105156007
1,SEX,0.06984547059493518
8,DVET,0.012896751653906191
5,OWN_RENT,0.005616871219186345
9,DEYE,0.00277739504334909
4,HOUSING_TYPE,0.0014303739688924337
