,feature,divergence
0,PUMA,0.1324020697717062
7,EDU,0.05273261770077051
8,PINCP_DECILE,0.044771423962269574
2,MSP,0.017742184848382928
6,INDP_CAT,0.017406601532264053
4,RAC1P,0.0068563977926965995
5,OWN_RENT,0.001565400088321442
3,HISP,0.0008029426555134613
1,SEX,0.0
