,PUMA,SEX,MSP,HISP,RAC1P,OWN_RENT,INDP_CAT,EDU,PINCP_DECILE
PUMA,0.0,0.02715148693853489,-0.08232162873862278,0.008730333992549008,-0.12316413927370357,-0.012721638982313977,-0.05419008678712248,-0.0663109380938647,-0.10176879441957044
SEX,0.02715148693853489,-2.220446049250313e-16,-0.10524141220790398,0.017687122476563656,0.0070833296029509,-0.03924479595142261,-0.21100189036113448,-0.14128779311994738,-0.08623108344743843
MSP,-0.08232162873862278,-0.10524141220790398,0.0,-0.12220977745391685,-0.09571977477082491,-0.3252516231464791,0.2567936781907972,0.4508866571890986,0.5948463201680496
HISP,0.008730333992548994,0.017687122476563656,-0.12220977745391684,2.220446049250313e-16,0.007613992167257513,0.0234229875333863,-0.07423009138737106,0.0832338679133462,-0.022262827565869545
RAC1P,-0.12316413927370357,0.0070833296029509,-0.09571977477082491,0.007613992167257513,0.0,0.07069890404558954,-0.1796296569708505,0.08075169243100933,-0.00039726589394423195
OWN_RENT,-0.012721638982313974,-0.03924479595142261,-0.32525162314647915,0.023422987533386286,0.07069890404558957,1.1102230246251565e-16,-0.12241426000222907,-0.15836496703670966,-0.1857056137307223
INDP_CAT,-0.05419008678712248,-0.21100189036113448,0.25679367819079724,-0.07423009138737108,-0.1796296569708505,-0.12241426000222907,0.0,0.23982096762781685,0.3409035848411693
EDU,-0.0663109380938647,-0.14128779311994738,0.45088665718909865,0.08323386791334618,0.08075169243100933,-0.15836496703670966,0.23982096762781685,0.0,0.2624369024381853
PINCP_DECILE,-0.10176879441957044,-0.08623108344743843,0.5948463201680497,-0.02226282756586953,-0.00039726589394423195,-0.1857056137307223,0.3409035848411693,0.2624369024381852,-2.220446049250313e-16
