,feature,divergence
0,AGEP,7.037597658084905
6,EDU,0.20174995471308604
7,PINCP_DECILE,0.12692718515084941
2,MSP,0.022252658877683393
3,RAC1P,0.018369799978685264
8,DVET,0.013343037519384175
1,SEX,0.007020143715018801
5,OWN_RENT,0.006183498417479054
4,HOUSING_TYPE,0.0004528263201637305
