,AGEP,DEYE,HISP,MSP,NOC,NPF,OWN_RENT,PINCP_DECILE,POVPIP,PUMA,RAC1P,SEX
0,-0.46284916063028936,0.07315148085400769,0.17102328910782313,-0.23505908513614948,0.48444048834535414,0.44944576837523403,0.15138723674413623,-0.40095631188216485,-0.2517830358556855,-0.012839000052200376,0.10944910014099252,0.0033149503493580257
1,0.04494434893080347,-0.1525319035077703,0.1776709553807106,0.3980026121217547,-0.1322540314967351,-0.2746654115882653,0.5667211718828412,-0.10050879647976362,-0.5603120014666056,0.0025159026712668767,0.13661576440581033,0.16707518795960544
2,-0.11163374314216082,0.14057025060753361,0.5481060903060141,0.1701910503543857,-0.08535062182635636,-0.07645478895234115,-0.16779926937614786,0.060959082712944215,0.21778723647189102,0.3148004158555472,0.6344714360772823,-0.21048842919697272
3,-0.02879432533534308,-0.30294469711763355,0.07487542606291181,-0.014473375000576855,-0.12003109293574822,-0.08447836649433013,-0.36376801930877284,-0.39097201589716735,0.12195901207307769,-0.0272797368152924,0.13635799332493087,0.7487573408863516
4,0.08955974344879061,-0.44856278977917646,0.16996840019312887,-0.0277598922266101,-0.004514239518562196,0.06353431720790947,-0.14502420475339878,0.03637550834592326,-0.055410075145516206,-0.7636142816673215,0.23839199976212336,-0.3028046049195141
