,EDU,HISP,INDP_CAT,MSP,OWN_RENT,PINCP_DECILE,PUMA,RAC1P,SEX
0,-0.5711275826037829,0.09765649436928037,-0.5004442530985023,-0.29828622168924257,0.004362825624502173,-0.5535746002048509,0.05716361394535706,0.12286875986066798,0.005393499728211924
1,-0.025747737539155657,0.5862344447408891,0.20355365568546874,0.20483595690526418,0.49800452564232084,-0.03326728927977113,0.035718054410575684,0.5505229960803354,0.137141536765271
2,-0.027387643779077892,0.28795314487401863,0.10222790078216923,-0.23418829899428034,-0.028306563639923097,0.14753638134549518,0.8607935323039898,-0.23521682401783905,-0.17938086664465266
3,-0.011289996827381066,0.12662160088743038,-0.09007063761035361,0.08884907473649445,-0.15136372706999673,0.096367827921896,-0.1539516847761269,0.2473856620091082,-0.9223524842354347
4,0.04110511941977894,0.3404424175276375,-0.014689687027023529,0.3471448576965238,-0.8096861230088346,-0.11316330943767111,0.07429342428192902,0.17733010918458078,0.23732036883592228
