,AGEP,DEAR,DENSITY,DEYE,DPHY,DREM,DVET,EDU,HISP,HOUSING_TYPE,INDP_CAT,MSP,NOC,NPF,OWN_RENT,PINCP,PINCP_DECILE,POVPIP,PUMA,RAC1P,SEX
0,-0.3393435298938793,0.06287950758763128,-0.04070151560302951,0.02741943213958617,-0.27849117611491503,-0.29678243023180334,-0.040795788914541935,-0.3712584319433199,0.08818978808007913,-0.06082778351520643,-0.2412126004934375,-0.22696735555622302,0.288066660005042,0.2524655213177506,0.07046753282160878,0.39935253690771766,-0.3434257594122683,-0.1388465414922242,-0.01793238861490029,0.05825074838519484,-0.008401085092654668
1,0.1477796296136308,-0.24471264795874467,-0.00986612084780422,-0.1802343931408588,-0.3516267522103205,-0.3354134196782359,0.02585669563149641,-0.119444008950784,-0.10956417931500244,0.428708093468425,-0.20498731511521753,-0.03659775233321276,-0.31034947614719377,-0.31302792332457974,-0.3374640348943739,0.06051999512552578,-0.04965750237547662,0.27956921714945765,-0.010504135881100631,-0.0534822781920335,-0.00431128208741478
2,-0.05598617249223662,0.06943079202403316,0.6888009550020981,0.023190919252477703,-0.07437191041373054,-0.07765948538120633,-0.0309417256932274,0.042065685718517,0.08880820322346558,-0.004311305755286779,0.03495237823081283,0.008360411106306124,-0.01209084947796148,-0.05850889629267565,0.05470560746737822,0.028353650460218763,0.016432998798436682,0.06422894740171661,0.6839110943371588,0.11797931748105162,0.01261676186985362
3,0.17355686029791256,-0.2853666376752936,0.01668385298529561,-0.2865647572612005,-0.22637751231361483,-0.17880928067209334,0.09073201778862452,-0.05196774364742693,0.004380711091689759,-0.2623373802116956,-0.05952133752068632,0.1655513572543597,-0.15629506684446987,-0.2511266129120791,0.5162835691148009,-0.10723722185917196,-0.0260890117585195,-0.4898367915962516,-0.014944391062997045,-0.020856938630631323,0.07268587865948008
4,-0.15875369409368986,0.12989039328751043,-0.03406460203565518,-0.03813549161047869,0.1625972096470624,0.14520927207227272,-0.3402922815492844,-0.1409472406180607,0.31515021183839104,0.3426194940090705,-0.027546991983666343,0.44003028695161905,-0.10027959407440165,-0.16962678510075874,-0.02654282130374922,-0.08017925646093484,-0.331371191799168,-0.15705186698628365,-0.05156180194048206,0.30222396550916497,0.2942730851522685
