,PUMA,SEX,MSP,HISP,RAC1P,OWN_RENT,EDU,PINCP_DECILE
PUMA,1.887379141862766e-15,0.007903795411574165,0.08696741314159012,-0.008698895743099039,0.05096563673988154,0.014723964184539973,0.08519899183046376,-0.006519277685651484
SEX,0.007903795411574165,0.0,0.005720822621271075,-0.0041378273980414906,0.011903305672045285,-0.04395216592792574,-0.0434312458672932,0.07636127082714227
MSP,0.08696741314159012,0.005720822621271075,0.0,-0.019185284529973503,-0.00651698964942636,-0.018839162147104148,-0.2694896742401674,-0.1543256658649219
HISP,-0.008698895743099039,-0.0041378273980414906,-0.019185284529973503,3.6637359812630166e-15,-0.17596492766589616,-0.09900252211263744,0.09948805771669911,0.07520653699360144
RAC1P,0.05096563673988154,0.011903305672045285,-0.00651698964942636,-0.17596492766589616,0.0,-0.10489684660326706,0.10118376208489276,0.11800500044362822
OWN_RENT,0.014723964184539973,-0.04395216592792574,-0.018839162147104148,-0.09900252211263744,-0.10489684660326706,3.774758283725532e-15,0.006834389506879028,0.0026058522874656113
EDU,0.08519899183046376,-0.0434312458672932,-0.2694896742401674,0.09948805771669911,0.10118376208489276,0.006834389506879028,-1.1102230246251565e-16,-0.019330979679071048
PINCP_DECILE,-0.006519277685651484,0.07636127082714227,-0.1543256658649219,0.07520653699360144,0.11800500044362822,0.0026058522874656113,-0.019330979679071048,-2.6645352591003757e-15
