,AGEP,HISP,MSP,NOC,NPF,OWN_RENT,PINCP_DECILE,POVPIP,PUMA,RAC1P,SEX
0,-0.4184082940980467,0.07317519200018363,-0.36073214733567205,0.5406571467877552,0.5055806361880884,0.12104875481954572,-0.3123478388545554,-0.1142603391889112,0.022956190466682094,0.12398031953303554,-0.01904661699542439
1,-0.25579200990861584,0.0016666730213697467,0.009929854513860581,-0.0496864050532005,0.032006202995983876,-0.6646642095559369,-0.17883989153404756,0.6670922851266563,-0.07846254514826297,0.07740749141303638,-0.007301103883569559
2,-0.2914974127446695,0.4182481468178705,0.39571557911386235,-0.1282180386630457,-0.2779797203300379,0.1305062551420281,-0.40992921037273455,-0.1687684628892574,-0.2718621601724558,0.3840814102712091,0.2341156510706403
3,0.05343975209419819,0.38577777124737095,-0.06015818723000367,0.027008586046662147,0.06677477280481703,0.0902628557029838,0.4103912842664156,0.13367331415554673,-0.26554517621050094,0.4074950173691123,-0.639147078992938
4,-0.17424820983453074,0.2653050398509324,0.2374361690560993,-0.07779795887900906,-0.03766831774394182,-0.05257212104997721,-0.10699927780712301,-0.05701350704868072,0.8354238387356832,-0.03927021245116101,-0.34418757239762093
