,feature,divergence
1,AGEP,1.0863704699209582
10,POVPIP,0.29964381454393285
0,PUMA,0.14978715347897936
9,PINCP_DECILE,0.052050432329007634
7,NPF,0.03363001293421006
3,MSP,0.02341721667379558
5,RAC1P,0.018323122052926917
6,NOC,0.008717661440603208
2,SEX,0.005136266330905026
4,HISP,0.003351651036054527
8,OWN_RENT,0.000782349102557478
