,AGEP,DEYE,DVET,EDU,HOUSING_TYPE,MSP,OWN_RENT,PINCP_DECILE,RAC1P,SEX
0,-0.500367196599597,0.03900010057801162,-0.0914725574188651,-0.5717285720585463,0.028571268082506693,-0.23289866092055694,0.06753307375165264,-0.5718403334470059,0.16142351159960253,0.013897306588228964
1,-0.03675130220352668,-0.009456974854131179,-0.020757550366644395,-0.009303160616242282,0.710758325001362,0.23447166211410822,-0.6402728025062302,-0.11921538103751955,-0.09207325951810676,-0.07245047965053715
2,0.09901175711451869,-0.27791274265992083,0.6235894739239616,-0.16046422730358462,-0.0682103241749123,-0.3925356471229526,-0.14847233213294145,0.012234921473091603,-0.24609473311527402,-0.5068089898784638
3,-0.11347758108072739,-0.3436023315316018,0.22875269641391402,0.01796521640024057,0.09691595087679977,0.5511477770143666,0.2765624299491454,-0.01808283657738649,0.5527299875731605,-0.3477484030132306
4,0.23737997636265387,-0.79553811924278,-0.04165471474754949,-0.09690685272826777,0.00311326418700629,-0.01753955305030537,-0.018473106588007993,-0.1634021113763096,-0.08018248525362662,0.5156119949550518
