,PUMA,SEX,MSP,HISP,RAC1P,OWN_RENT,INDP_CAT,EDU,PINCP_DECILE
PUMA,1.1435297153639112e-14,-0.015084583033197256,-0.01743586162712402,-0.03957780707368098,-0.01670125065004854,-0.0118729673355728,-0.03152273247979825,-0.06769860004648084,-0.019928720861403154
SEX,-0.015084583033197256,0.0,0.014177829938262153,-0.012145256061091316,0.007352024251695522,0.0002039837188532196,-0.03291142979885892,-0.039849711316528647,0.02819412662888253
MSP,-0.01743586162712402,0.014177829938262153,0.0,-0.006936024078567842,-0.018093833824453794,-0.01571306502921834,-0.008130677516647977,-0.001977418914460627,-0.012035008342714565
HISP,-0.03957780707368098,-0.012145256061091316,-0.006936024078567842,-8.215650382226158e-15,-0.20134924667271348,-0.07723961771913039,0.010815742913039699,0.12505326464205657,0.11607654949455133
RAC1P,-0.01670125065004854,0.007352024251695522,-0.018093833824453794,-0.20134924667271348,-8.104628079763643e-15,-0.019476457069359063,0.011491678815723699,0.09268503454239717,0.11144632385842686
OWN_RENT,-0.0118729673355728,0.0002039837188532196,-0.01571306502921834,-0.07723961771913039,-0.019476457069359063,-1.8318679906315083e-14,-0.03558710867115397,0.021447714084699983,0.0009745957584356563
INDP_CAT,-0.03152273247979825,-0.03291142979885892,-0.008130677516647977,0.010815742913039699,0.011491678815723699,-0.03558710867115397,0.0,-0.11339021036580799,-0.04387741654453026
EDU,-0.06769860004648084,-0.039849711316528647,-0.001977418914460627,0.12505326464205657,0.09268503454239717,0.021447714084699983,-0.11339021036580799,4.107825191113079e-15,-0.04761862823281038
PINCP_DECILE,-0.019928720861403154,0.02819412662888253,-0.012035008342714565,0.11607654949455133,0.11144632385842686,0.0009745957584356563,-0.04387741654453026,-0.04761862823281038,-8.992806499463768e-15
