,AGEP,DEAR,DEYE,DPHY,DREM,DVET,EDU,HISP,HOUSING_TYPE,INDP,INDP_CAT,MSP,NOC,NPF,OWN_RENT,PINCP,PINCP_DECILE,POVPIP,PUMA,PWGTP,RAC1P,SEX,WGTP
0,-0.2602460377103891,0.01903671354671068,0.0005211405080846891,-0.2764274886742005,-0.2868764997324028,-0.024068006049748725,-0.35712397804254875,0.04206599476704376,-0.07975263333288393,-0.28236374026339395,-0.27935950792274133,-0.24734076504913366,0.2700573899760727,0.24229564909144702,0.07109343564262229,0.38328765774650486,-0.3166769416923398,-0.12647808534544047,0.03549520355084229,0.07668304115500449,0.06320773890939356,-0.0033863667209447033,0.08351040366483908
1,-0.027562068603322804,0.07125868825740388,0.039438677553171625,0.11133001376445666,0.10708625935485054,-0.012046523814128284,0.08080957612115053,0.08510954726705625,-0.413839652678471,0.2386455991608936,0.23663576449414941,-0.0003560280560216886,0.20341918926341973,0.16010808845599056,0.4289685395704298,-0.045987998383877,0.11224872827132888,-0.321394451776753,0.029473463439590133,0.35084051654839055,0.06952467616692917,0.05035881023003066,0.4126139426395538
2,0.1433872600742997,-0.2534612017464874,-0.257136821693514,-0.12763141000481446,-0.09714635265511962,0.04950277327889269,-0.11104513970956956,0.060131528773034085,0.12875209465424453,-0.23243106000709907,-0.23316772593468482,0.30682006872091083,-0.32810119278550987,-0.38064397984200377,0.10725590658184304,-0.13111008949152392,-0.13372305332329462,-0.1622372086063346,-0.11326476572753943,0.3712241522420282,0.033752598996545966,-0.02280729240759672,0.32880725866018584
3,-0.43297556942150295,0.36696613407932116,0.2812111338254259,0.012380327227574317,-0.04037551204197053,-0.19007029825612765,-0.08684442259275985,0.16419504920334424,0.37709759293288375,0.21214140380411112,0.21184241902944742,0.24536625498365267,-0.06297726621918952,-0.10094698405234469,-0.11537504402091871,0.06711490261369037,-0.15784569403899024,0.21665405383382125,-0.09218357688236095,0.2581069628684823,0.16484970863354803,0.020147531781879387,0.16602090988284532
4,-0.0027781222281930574,-0.10616578335897543,-0.09233391206886649,-0.5491643680271788,-0.5500953230078514,0.11754601269949873,0.03375948387451169,-0.1210110779280313,-0.03933262615117741,0.3333119990606883,0.3324480236910657,-0.08560711220830479,-0.08873378322609526,-0.09443170883078944,0.012759825989960834,0.03169513741497568,0.23045188596591093,0.12897640911520059,0.06579304450303546,0.029893577932011552,-0.1462607675037591,-0.03225721556655663,0.02362259654972531
