,PUMA,SEX,MSP,HISP,RAC1P,OWN_RENT,INDP_CAT,EDU,PINCP_DECILE
PUMA,2.4424906541753444e-15,0.015166534323793278,-0.005823589062748796,0.04750649242930612,0.0010035191263887688,-0.007949543326395546,0.04226866740122672,0.10569793806456511,-0.009589060889681316
SEX,0.015166534323793278,0.0,-0.03868649484891379,0.024563011170795287,0.009426110958785644,-0.02503009332866627,0.03838571884499714,-0.04979036768257524,0.10442483314687326
MSP,-0.005823589062748796,-0.03868649484891379,-7.771561172376096e-16,0.00013180695188760513,0.06562797498465488,0.036164245503162926,-0.027887920621278928,0.1079144900258136,0.05132957484536911
HISP,0.04750649242930612,0.024563011170795287,0.00013180695188760513,8.881784197001252e-16,0.0036887304733896342,-0.0738229890060033,0.015939600622901968,0.15158925510852295,0.12912266546465712
RAC1P,0.0010035191263887688,0.009426110958785644,0.06562797498465488,0.0036887304733896342,2.886579864025407e-15,0.024242800595406244,0.04297629527576214,0.07833344320384952,0.11588103750426924
OWN_RENT,-0.007949543326395546,-0.02503009332866627,0.036164245503162926,-0.0738229890060033,0.024242800595406244,-3.3306690738754696e-15,-0.023051843977803188,-0.03677901781199454,-0.11900933125412105
INDP_CAT,0.04226866740122672,0.03838571884499714,-0.027887920621278928,0.015939600622901968,0.04297629527576214,-0.023051843977803188,-5.551115123125783e-16,-0.06762994346226564,-0.004980861007083726
EDU,0.10569793806456511,-0.04979036768257524,0.1079144900258136,0.15158925510852295,0.07833344320384952,-0.03677901781199454,-0.06762994346226564,2.3314683517128287e-15,-0.01958758945980521
PINCP_DECILE,-0.009589060889681316,0.10442483314687326,0.05132957484536911,0.12912266546465712,0.11588103750426924,-0.11900933125412105,-0.004980861007083726,-0.01958758945980521,2.55351295663786e-15
