,feature,divergence
8,PINCP_DECILE,0.024041297831144837
7,EDU,0.01631835644805337
6,INDP_CAT,0.010890450938642424
0,PUMA,0.006995516557948056
4,RAC1P,0.0037693959916000235
2,MSP,0.0037260775778841237
1,SEX,0.0016563335540795698
3,HISP,0.0013733595982576231
5,OWN_RENT,0.000530231078850283
