,AGEP,DEYE,DVET,EDU,HOUSING_TYPE,MSP,OWN_RENT,PINCP_DECILE,RAC1P,SEX
0,-0.5028447292406174,0.043012204491294836,-0.07175908242364262,-0.567970282441662,0.15157002341313713,-0.14873136663161984,-0.08761200318303021,-0.5866974558755632,0.13573808015826005,0.04635121613684501
1,0.08304591705250079,-0.10230268734180499,-0.019075772037855123,0.11162185388090676,0.6716988815264693,0.39456449129251886,-0.5978167220009155,-0.022949751126824333,-0.028007983581810694,0.06525117564494229
2,-0.13513795045844335,0.26064593837084105,0.49819505834568867,-0.00603801914198962,0.09158676751919184,-0.06551219753835871,-0.11924577457642438,0.13773881465729362,0.2536920988164391,-0.7452083295905344
3,0.22223680784031952,-0.6550436193785995,0.44402949102172884,-0.21438907305983707,-0.027478646941793437,-0.2593302376221239,-0.10001161192988693,-0.11685032394869038,-0.4203788058073214,-0.10010936582179145
4,0.018644768478135655,-0.4635525169019099,0.2676442887071624,0.06380068629860464,-0.003217298954141981,0.25228501745897924,0.23686945384444594,-0.05798365639618497,0.7405275973679839,0.19380143897425287
