,AGEP,HISP,MSP,NOC,NPF,OWN_RENT,PINCP_DECILE,POVPIP,PUMA,RAC1P,SEX
0,-0.377129704831815,0.10413523716016915,-0.33147797089484315,0.5079493510979786,0.47857910572319207,0.1955413097646247,-0.35083815939549556,-0.2510332787998798,0.08098020901853531,0.13530945076501033,0.028158879848405496
1,0.052178973524245276,0.24807681582745494,0.38321958823988367,-0.12304575686134038,-0.24863022882194055,0.57843542254192,-0.06139564421859307,-0.5542800656460346,-0.05828465728733239,0.22155712006781475,0.11769763512410203
2,-0.4393634691608921,0.31840414482309964,0.26410643349457585,-0.16668641207367033,-0.1558677660249272,-0.30641221380058614,-0.39987663378438437,0.29831913007042615,-0.1943289344351141,0.44505361627842316,-0.07160088936239313
3,0.1762370063952882,0.6169614406085189,-0.10171802336394213,-0.018077411561727097,0.08682112931289102,-0.02441199542756188,0.30000688005160975,0.10596731672847136,0.6035702499803806,0.22463869077170404,-0.2312987395802012
4,0.046704946659413285,0.12648154272852113,-0.0004449587316961434,-0.09334062214149394,-0.04924091972506291,-0.19457502251122097,-0.238572175775824,0.007353049551732493,0.3555128272420093,-0.15737767160475685,0.8512910417539031
