,AGEP,DEYE,DVET,EDU,HOUSING_TYPE,MSP,OWN_RENT,PINCP_DECILE,RAC1P,SEX
0,-0.5003671965995968,0.03900010057801184,-0.09147255741886642,-0.5717285720585464,0.0285712680825069,-0.2328986609205566,0.06753307375165271,-0.5718403334470062,0.16142351159960294,0.013897306588228901
1,-0.036751302203526126,-0.00945697485413255,-0.020757550366643986,-0.009303160616242485,0.7107583250013613,0.23447166211410791,-0.6402728025062301,-0.11921538103751927,-0.09207325951810713,-0.07245047965053945
2,0.09901175711451449,-0.27791274265990207,0.6235894739239596,-0.16046422730358362,-0.06821032417491456,-0.39253564712295785,-0.14847233213294245,0.012234921473096266,-0.24609473311527466,-0.5068089898784741
3,-0.11347758108070516,-0.3436023315316767,0.22875269641391444,0.017965216400230216,0.09691595087679933,0.5511477770143625,0.2765624299491439,-0.018082836577400785,0.55272998757315,-0.3477484030131866
4,0.237379976362668,-0.795538119242756,-0.04165471474755969,-0.09690685272827249,0.003113264186995632,-0.017539553050368487,-0.01847310658803933,-0.16340211137630717,-0.08018248525367949,0.5156119949550718
