,AGEP,DVET,EDU,HOUSING_TYPE,MSP,OWN_RENT,PINCP_DECILE,RAC1P,SEX
0,-0.4982749905567924,-0.09016851692861372,-0.5734945916533551,0.029031609627236096,-0.23250878224365426,0.06773793923583388,-0.5735114526811429,0.1615487602266373,0.0138072737273075
1,-0.037311932942553167,-0.02135362524835978,-0.008350774585728808,0.7107184529249715,0.23450529088267447,-0.640483362835212,-0.11833349837453987,-0.09220454226446863,-0.07242391602342516
2,0.05620074464746002,0.6021983789361236,-0.13326675738640342,-0.07645100128935865,-0.43845636611648625,-0.17338870786418728,0.05091525687636389,-0.28011255963147913,-0.5542840120699604
3,-0.1950271278074186,0.24378034878664856,0.05175221247879547,0.08706081099110938,0.506676726398007,0.2583707438767127,0.04732319474625643,0.5366171296313863,-0.5278290534994655
4,0.17519382532366692,0.6229138781932975,0.00404022899903661,0.06295474341276099,-0.1089282249982056,-0.12078577963024369,-0.0709974459167137,0.48528413475785476,0.5570546734545829
