,AGEP,HISP,MSP,NOC,NPF,OWN_RENT,PINCP_DECILE,POVPIP,PUMA,RAC1P,SEX
0,-0.4184082940980473,0.0731751920001833,-0.36073214733567166,0.5406571467877552,0.5055806361880879,0.12104875481954518,-0.31234783885455586,-0.11426033918891028,0.022956190466681858,0.12398031953303594,-0.0190466169954243
1,-0.2557920099086169,0.0016666730213703018,0.009929854513861563,-0.04968640505320206,0.032006202995981725,-0.6646642095559371,-0.17883989153404867,0.6670922851266554,-0.07846254514826305,0.07740749141303725,-0.007301103883567741
2,-0.29149741274466806,0.4182481468178715,0.3957155791138626,-0.12821803866304465,-0.2779797203300379,0.13050625514202976,-0.4099292103727321,-0.1687684628892596,-0.27186216017245723,0.38408141027121023,0.2341156510706391
3,0.05343975209420099,0.38577777124736806,-0.0601581872300075,0.027008586046664063,0.06677477280481828,0.0902628557029836,0.4103912842664188,0.13367331415554973,-0.26554517621050755,0.4074950173691129,-0.639147078992933
4,-0.174248209834529,0.2653050398509377,0.23743616905609835,-0.07779795887900848,-0.037668317743940444,-0.05257212104997654,-0.10699927780711732,-0.05701350704867906,0.8354238387356826,-0.03927021245115332,-0.3441875723976231
