,PUMA,SEX,MSP,HISP,RAC1P,OWN_RENT,INDP_CAT,EDU,PINCP_DECILE
PUMA,-9.880984919163893e-15,0.016387316319517217,0.004774064610686385,0.049354732879226676,0.03705988359451695,0.004446642200180699,0.023521284059333885,0.07845110654286871,-0.018702250603789442
SEX,0.016387316319517217,0.0,-0.0414522483709044,-0.018473537100842357,-0.028030916368311135,0.00027567859316889563,-0.06031682640181904,0.011936937638278331,0.03382743693174291
MSP,0.004774064610686385,-0.0414522483709044,-3.774758283725532e-15,-0.006240159391888531,0.09529885080775452,0.13082784052337376,-0.2538059939825152,-0.2654196482945374,-0.35395312031921056
HISP,0.049354732879226676,-0.018473537100842357,-0.006240159391888531,0.0,-0.12255976009804012,-0.037562334954327294,0.0013688635070960818,0.09096080038193402,0.0471296813801198
RAC1P,0.03705988359451695,-0.028030916368311135,0.09529885080775452,-0.12255976009804012,0.0,-0.0011483575358699274,0.074767111389275,-0.01804146605314775,0.060611679823943804
OWN_RENT,0.004446642200180699,0.00027567859316889563,0.13082784052337376,-0.037562334954327294,-0.0011483575358699274,-1.887379141862766e-14,0.031410640460389105,-0.02510665181905717,-0.12635871415126881
INDP_CAT,0.023521284059333885,-0.06031682640181904,-0.2538059939825152,0.0013688635070960818,0.074767111389275,0.031410640460389105,9.992007221626409e-15,-0.5444306190325091,-0.4922080609882568
EDU,0.07845110654286871,0.011936937638278331,-0.2654196482945374,0.09096080038193402,-0.01804146605314775,-0.02510665181905717,-0.5444306190325091,-1.5543122344752192e-15,-0.6322836627416889
PINCP_DECILE,-0.018702250603789442,0.03382743693174291,-0.35395312031921056,0.0471296813801198,0.060611679823943804,-0.12635871415126881,-0.4922080609882568,-0.6322836627416889,1.6653345369377348e-15
