,EDU,HISP,INDP_CAT,MSP,OWN_RENT,PINCP_DECILE,PUMA,RAC1P,SEX
0,-0.5711275826037828,0.09765649436927992,-0.500444253098502,-0.29828622168924324,0.004362825624501784,-0.5535746002048502,0.0571636139453577,0.12286875986066813,0.005393499728211435
1,-0.025747737539156296,0.5862344447408918,0.20355365568546946,0.20483595690526202,0.4980045256423203,-0.03326728927976991,0.03571805441058109,0.5505229960803348,0.13714153676526816
2,-0.0273876437790775,0.2879531448740154,0.10222790078216754,-0.23418829899428154,-0.02830656363992595,0.14753638134549696,0.8607935323039885,-0.23521682401784233,-0.17938086664465858
3,-0.011289996827378994,0.12662160088742885,-0.0900706376103549,0.08884907473649159,-0.15136372707000156,0.09636782792189746,-0.15395168477613158,0.24738566200911227,-0.9223524842354318
4,0.04110511941977963,0.34044241752763754,-0.014689687027022197,0.3471448576965184,-0.8096861230088359,-0.11316330943766968,0.07429342428193034,0.17733010918458247,0.2373203688359256
