,feature,divergence
8,PINCP_DECILE,0.4335725012514601
6,INDP_CAT,0.25728207549405463
7,EDU,0.10933003861664682
4,RAC1P,0.0988131254817019
2,MSP,0.07797262996005419
1,SEX,0.06489890348375693
3,HISP,0.02266376599270273
5,OWN_RENT,0.0160325265117307
0,PUMA,0.0014912131770061787
