,PUMA,SEX,MSP,HISP,RAC1P,OWN_RENT,INDP_CAT,EDU,PINCP_DECILE
PUMA,-1.0880185641326534e-14,-0.0032968762792682463,0.03912340626143576,0.029130358611893274,0.07131010123368615,-0.02537463230107263,-0.01059917591067472,0.029893123807627226,-0.0025953139005714283
SEX,-0.0032968762792682463,-4.773959005888173e-15,-0.036898643156923504,-0.016543689865818976,-0.03159603426024358,0.06000843407196353,0.015814680253363952,0.02796363979712766,0.09986970819758781
MSP,0.03912340626143576,-0.036898643156923504,0.0,0.05132996120025386,0.0569693409971045,0.018953625150190313,-0.3263558900426758,-0.2695779209220949,-0.0920167869414033
HISP,0.029130358611893274,-0.016543689865818976,0.05132996120025386,-4.6629367034256575e-15,-0.1260040417237633,-0.05983729152648586,-0.04063243556870345,0.021253540875919498,0.09756528281727407
RAC1P,0.07131010123368615,-0.03159603426024358,0.0569693409971045,-0.1260040417237633,-3.9968028886505635e-15,-0.0242393165282897,0.02443301058719327,0.025126446856219276,0.12339443287019494
OWN_RENT,-0.02537463230107263,0.06000843407196353,0.018953625150190313,-0.05983729152648586,-0.0242393165282897,-1.6653345369377348e-14,0.03977573369707316,0.031703821936204496,-0.07885017730796377
INDP_CAT,-0.01059917591067472,0.015814680253363952,-0.3263558900426758,-0.04063243556870345,0.02443301058719327,0.03977573369707316,1.0880185641326534e-14,-0.4366425636414714,-0.5049628000625977
EDU,0.029893123807627226,0.02796363979712766,-0.2695779209220949,0.021253540875919498,0.025126446856219276,0.031703821936204496,-0.4366425636414714,-1.887379141862766e-15,-0.6957943514480893
PINCP_DECILE,-0.0025953139005714283,0.09986970819758781,-0.0920167869414033,0.09756528281727407,0.12339443287019494,-0.07885017730796377,-0.5049628000625977,-0.6957943514480893,1.6653345369377348e-15
