,feature,divergence
10,POVPIP,7.426929233826451
1,AGEP,7.19486738161437
3,MSP,3.538647984006511
9,PINCP_DECILE,2.174335681739863
7,NPF,1.7761140046296295
6,NOC,1.3922653545604364
8,OWN_RENT,0.3237578342944476
2,SEX,0.12374148217400949
0,PUMA,0.09627012971516369
4,HISP,0.062329816486141124
5,RAC1P,0.04455529268095366
