,AGEP,HISP,MSP,NOC,NPF,OWN_RENT,PINCP_DECILE,POVPIP,PUMA,RAC1P,SEX
0,-0.4620673165575868,0.17229438035653855,-0.23524154992406754,0.4852564301774992,0.44975173836798504,0.1525676139153604,-0.40389750820632786,-0.25521431409626044,-0.013253438783225133,0.10945176274988128,0.004434341342924558
1,0.04022263831139076,0.17952821707467334,0.41344433077752074,-0.13969336011938277,-0.28381007263920477,0.577993868934511,-0.08425944050001997,-0.5547096160240299,0.00957516519055837,0.14606512945054742,0.1576296990343301
2,-0.10705523648905083,0.5597321764429573,0.14670291473082434,-0.08323796522868959,-0.06712917640353505,-0.21244911824654375,0.03465886196805473,0.23380931579635414,0.31083017232926874,0.6413793303764187,-0.18247447616035073
3,-0.047437523714933566,0.001967173877629123,0.026973041675100503,-0.13594230202908472,-0.11168192354357244,-0.31025322956711904,-0.39804866617398105,0.10449213536054588,-0.028986063252188207,0.08625873147996639,0.8319651020294373
4,0.03849997016229397,0.10322755847068495,0.07154933010310986,-0.05633622718183892,0.01454465147798938,-0.15383582298266915,-0.021778709689943308,-0.0421211672492876,-0.9284815800060379,0.2725368180436048,-0.13072441429581003
