,EDU,HISP,INDP_CAT,MSP,OWN_RENT,PINCP_DECILE,PUMA,RAC1P,SEX
0,-0.5757868439330524,0.06559621868644627,-0.5141938332553486,-0.2728696795873834,-0.022671741617569054,-0.5612568911504165,0.020403976696721927,0.08960660596565184,0.03666762089603012
1,0.017030301641701318,0.6184436714821466,0.11852298117427718,0.18150826369064185,0.20248105242787187,-0.06517823296749176,-0.40032058149222716,0.60149692657296,0.05424525681745228
2,-0.01822884223650774,-0.0657275987442883,0.10657145973912982,0.4628252646670191,-0.501504945821372,-0.27022531075256817,-0.13488876154468485,-0.10102759843425696,0.6456410825976996
3,-0.04154568258569284,0.11622791106426315,-0.03607345999869077,0.18129651282594858,-0.7187839530939941,0.010864233334591161,0.008139862360940983,0.14065669961475122,-0.6434099327581546
4,-0.06316752979119332,0.43095669291447575,0.1317143698706348,0.153818809832387,0.02878836407424706,-0.03641624723977194,0.8685452527883879,0.041254670460689785,0.1051169519081577
