,feature,divergence
8,PINCP_DECILE,2.1447519446025423
7,EDU,0.63874309118123
6,INDP_CAT,0.3966160068334459
2,MSP,0.2934819178361392
0,PUMA,0.12000344663601081
5,OWN_RENT,0.08530534866243784
4,RAC1P,0.08321085246419155
3,HISP,0.037566431767844626
1,SEX,0.0010385430618222724
