,feature,divergence
0,PUMA,3.848175296793655
8,PINCP_DECILE,3.403956757199455
7,EDU,2.3256493336568704
2,MSP,1.2396653401907827
6,INDP_CAT,0.8680056930234963
4,RAC1P,0.4047800998344955
5,OWN_RENT,0.3443476048247319
3,HISP,0.09794480991188606
1,SEX,0.058306382916679
