,feature,divergence
0,PUMA,0.09535804350516752
7,EDU,0.0720726042528135
2,MSP,0.018964798803087282
6,INDP_CAT,0.016596374612936574
4,RAC1P,0.006737346406902272
5,OWN_RENT,0.004198817930817
3,HISP,0.0006113476163696584
1,SEX,0.0
8,PINCP_DECILE,0.0
