,AGEP,SEX,MSP,RAC1P,HOUSING_TYPE,OWN_RENT,EDU,PINCP_DECILE,DVET
AGEP,0.0,-0.009802385392782692,-0.1481922512256624,0.047041756168197925,-0.06140254152787578,0.037640483023485466,-0.25541938960643507,-0.2294291454050763,-0.03871563261630491
SEX,-0.009802385392782685,0.0,-0.04293858539112068,0.002622916870736972,-0.00345916737785495,-0.044441869019118375,-0.029822120111540118,0.14028455733554174,0.07789375315603667
MSP,-0.14819225122566243,-0.04293858539112068,-1.1102230246251565e-16,-0.05305794001173295,-0.1592472219970121,0.0001545029043106133,0.03869485564022704,0.027624924430309006,0.025515805831084926
RAC1P,0.047041756168197904,0.002622916870736973,-0.053057940011732946,0.0,-0.06459096328233763,-0.056840913802791396,0.02667525636250089,0.05046945138361486,-0.009086672205183412
HOUSING_TYPE,-0.06140254152787579,-0.0034591673778549504,-0.1592472219970121,-0.06459096328233761,0.0,0.3369717376477366,0.020231617688922964,0.07102171747680268,0.021281590209834188
OWN_RENT,0.03764048302348545,-0.044441869019118375,0.00015450290431061157,-0.05684091380279138,0.3369717376477366,0.0,0.03850465290161438,0.03123514682188923,-0.013976465594101869
EDU,-0.25541938960643507,-0.029822120111540118,0.03869485564022704,0.026675256362500878,0.020231617688922968,0.03850465290161438,0.0,-0.044519445209304065,-0.07856826333296882
PINCP_DECILE,-0.2294291454050763,0.14028455733554174,0.027624924430308978,0.050469451383614874,0.07102171747680268,0.031235146821889243,-0.044519445209303954,-1.1102230246251565e-16,-0.09410417015103416
DVET,-0.038715632616304896,0.07789375315603665,0.025515805831084926,-0.009086672205183412,0.021281590209834188,-0.013976465594101869,-0.07856826333296883,-0.09410417015103414,2.220446049250313e-16
