,PUMA,SEX,MSP,HISP,RAC1P,OWN_RENT,INDP_CAT,EDU,PINCP_DECILE
PUMA,0.0,0.008043683815724857,0.061788748193455,-0.021291279511306063,0.08498675420150537,0.005029834781986653,-0.0001852646474261449,0.0670827937637985,0.008122421877471009
SEX,0.008043683815724857,0.0,-0.0037956706186816343,-0.01381618583331918,-0.0028137530437634464,-0.03143880504321693,-0.04132540963275584,-0.022101226519101298,0.07650554227498094
MSP,0.061788748193455,-0.0037956706186816343,0.0,0.0034098943027322057,-0.015880154704603272,-0.03569181975508766,-0.2361162469428,-0.18149354154145633,-0.1483653177664647
HISP,-0.021291279511306063,-0.01381618583331918,0.0034098943027322057,0.0,-0.07945078801039786,-0.12044552675223254,0.007777609305432903,0.13723953793068758,0.09410846760063753
RAC1P,0.08498675420150537,-0.00281375304376345,-0.015880154704603272,-0.07945078801039786,0.0,-0.1424110294757691,0.046967468197238446,0.13303852800610916,0.1364720201090558
OWN_RENT,0.005029834781986653,-0.03143880504321693,-0.03569181975508766,-0.12044552675223255,-0.1424110294757691,0.0,-0.06778518976736864,0.003675958792197516,-0.009064269872782249
INDP_CAT,-0.0001852646474261449,-0.04132540963275584,-0.2361162469428,0.007777609305432903,0.046967468197238446,-0.06778518976736862,0.0,-0.3690277639221842,-0.3790270425858672
EDU,0.0670827937637985,-0.022101226519101298,-0.1814935415414563,0.13723953793068758,0.13303852800610916,0.003675958792197516,-0.3690277639221842,0.0,-0.012210548009144007
PINCP_DECILE,0.00812242187747101,0.07650554227498094,-0.1483653177664647,0.09410846760063753,0.1364720201090558,-0.009064269872782246,-0.3790270425858672,-0.012210548009144007,0.0
