,AGEP,HISP,MSP,NOC,NPF,OWN_RENT,PINCP_DECILE,POVPIP,PUMA,RAC1P,SEX
0,-0.377129704831815,0.10413523716016915,-0.33147797089484327,0.507949351097978,0.4785791057231923,0.1955413097646233,-0.35083815939549634,-0.25103327879987863,0.0809802090185352,0.1353094507650106,0.028158879848405233
1,0.05217897352424575,0.24807681582745186,0.3832195882398827,-0.1230457568613388,-0.24863022882193947,0.5784354225419223,-0.061395644218592296,-0.5542800656460366,-0.058284657287333015,0.22155712006781278,0.11769763512410149
2,-0.43936346916089186,0.31840414482309964,0.26410643349457796,-0.16668641207367108,-0.15586776602492922,-0.30641221380058375,-0.39987663378438576,0.2983191300704241,-0.1943289344351129,0.44505361627842327,-0.0716008893623908
3,0.1762370063952846,0.616961440608521,-0.1017180233639374,-0.01807741156172954,0.0868211293128886,-0.02441199542756317,0.3000068800516025,0.10596731672846976,0.6035702499803905,0.22463869077169635,-0.2312987395801927
4,0.04670494665940693,0.12648154272851025,-0.00044495873169122374,-0.0933406221414947,-0.04924091972506786,-0.19457502251121894,-0.23857217577583212,0.007353049551727147,0.3555128272420082,-0.15737767160476898,0.8512910417539008
