,AGEP,DEYE,DVET,EDU,HOUSING_TYPE,MSP,OWN_RENT,PINCP_DECILE,RAC1P,SEX
0,-0.5251615970832847,0.06525346816091582,-0.1125905902335179,-0.5549528123126453,-0.058939223917406455,-0.2415715788747661,0.12599373017480175,-0.552008756750863,0.1265859506320116,0.029244942000674665
1,0.02811765841716398,-0.18658641777119234,-0.11718581844773221,-0.09819642367100957,0.7053995999603058,0.11063300778624455,-0.6234402039734313,-0.18005310148012726,0.030951825962069867,0.09558646071481477
2,-0.08134938043213212,0.16780383264887902,0.552986724991766,-0.09293384395818219,0.07833761585472687,-0.25478598948784315,-0.23597543652255465,0.1091570441801612,0.0857065594192892,-0.7104893883239488
3,-0.15479221705588975,0.3132249273013613,-0.11734411123308876,0.09253546874419158,0.09949165121325355,0.5617909540969792,0.11943281341259247,0.03871391405782898,0.7010062049706111,-0.15138273614990494
4,-0.00505087942742444,-0.8560167110688456,0.2659565134223692,-0.08439859638473102,0.016422403453306818,0.22538144922975512,0.28402107810567206,-0.06826570574970336,0.17794701922760908,-0.14592489455365942
