,AGEP,DEAR,DENSITY,DEYE,DPHY,DREM,DVET,EDU,HISP,HOUSING_TYPE,INDP_CAT,MSP,OWN_RENT,PINCP_DECILE,POVPIP,PUMA,PWGTP,RAC1P,SEX,WGTP
0,-0.3553314415101727,0.056216705376250356,-0.04473701962161489,0.01419352701478389,-0.36801241787831585,-0.3845429624357489,-0.050808876858614085,-0.43910618747775654,0.11447778011182791,-0.04369063709646817,-0.28685692977240823,-0.20024186261469612,0.10377791503004893,-0.3972058328451935,-0.18036205036971875,-0.010842020622909697,0.15021827152618805,0.08001218301781397,-4.028474334928319e-07,0.14872327993622206
1,-0.07622422003168197,0.1340495412763539,0.1282521771535664,0.08203959334682588,0.2090205284774325,0.20240932827215352,-0.006525179915755453,0.0920165092106777,0.13127957434192933,-0.28427011542438885,0.15461996914112164,0.12507421953462122,0.3290540108871493,0.06352555261880688,-0.22483529556407958,0.17761577225528347,0.5030243761378904,0.08313766622453142,0.005734418743239408,0.5175803612965211
2,0.006328164896707761,-0.03229555210611945,0.6375603088593819,-0.04383372103405824,-0.1539222502007162,-0.1551225901342052,-0.001280696151449112,0.038733439944721434,0.033142573556304296,0.18210981513550162,-0.01184084252822367,-0.027027101499355322,-0.16282266680118004,0.04267052058502291,0.23959920234076781,0.6422198969034142,0.040251471495202217,0.07805057085798474,-0.013565004372752737,0.006330715502474907
3,0.17364516613159833,-0.36524289507669766,-0.2291709990847159,-0.27320741894005174,-0.12226896094176871,-0.11007313930699586,0.17115947680604462,0.014208723463402032,-0.026880707884568006,0.3286590655067742,-0.06611432571764031,0.037094988373936155,-0.283489886379664,0.11303324765682496,0.2204861539624019,-0.14749254887108787,0.43504085720628666,-0.05755503395681722,-0.11538679273107487,0.41089552201262913
4,-0.2644788541691231,0.3560429961878126,-0.10377318267449684,0.25812684050227397,0.24299189076481398,0.19168520882242812,-0.27754457272447125,-0.07731040811318204,0.21376278448936836,0.39611545078989885,0.04290838826252377,0.17451466344766187,-0.3672196474745852,-0.18893109969205724,0.25578573634473595,-0.07308244862273461,0.10418949909315271,0.2190795296237749,0.09518235155131545,0.05447704919901156
