,PUMA,SEX,MSP,HISP,RAC1P,OWN_RENT,EDU,PINCP_DECILE
PUMA,1.9984014443252818e-15,0.0050999013629333,-0.10281966031873017,-0.013946294393304637,-0.15005714522581412,-0.08413418242790954,0.22862961298319065,0.1816220477001898
SEX,0.0050999013629333,1.0880185641326534e-14,0.02265928552226051,-0.022132382673376673,0.015020244602381423,-0.093263190978442,-0.04164614422769482,0.0746810237593588
MSP,-0.10281966031873017,0.02265928552226051,-4.884981308350689e-15,-0.03581012403570469,0.07827254896166731,0.09903874020565989,-0.25440851994227853,-0.14945994735719884
HISP,-0.013946294393304637,-0.022132382673376673,-0.03581012403570469,-1.1102230246251565e-14,-0.239987946580961,-0.14242894673763398,0.1495989539298574,0.0961134840337278
RAC1P,-0.15005714522581412,0.015020244602381423,0.07827254896166731,-0.239987946580961,5.773159728050814e-15,-0.11359989090037105,0.0842753813148875,0.08929180583748167
OWN_RENT,-0.08413418242790954,-0.093263190978442,0.09903874020565989,-0.14242894673763398,-0.11359989090037105,0.0,0.03553022413906077,-0.08817030024149217
EDU,0.22862961298319065,-0.04164614422769482,-0.25440851994227853,0.1495989539298574,0.0842753813148875,0.03553022413906077,0.0,-0.017900453407095673
PINCP_DECILE,0.1816220477001898,0.0746810237593588,-0.14945994735719884,0.0961134840337278,0.08929180583748167,-0.08817030024149217,-0.017900453407095673,-2.4424906541753444e-15
