,EDU,HISP,INDP_CAT,MSP,OWN_RENT,PINCP_DECILE,PUMA,RAC1P,SEX
0,-0.5711275826037827,0.09765649436928003,-0.5004442530985019,-0.29828622168924107,0.004362825624502194,-0.5535746002048509,0.057163613945357065,0.12286875986066867,0.005393499728212112
1,-0.025747737539155945,0.5862344447408909,0.20355365568546918,0.2048359569052656,0.49800452564232006,-0.03326728927977002,0.03571805441058091,0.5505229960803348,0.13714153676526594
2,-0.02738764377907807,0.2879531448740135,0.10222790078216829,-0.23418829899428195,-0.028306563639925293,0.14753638134549463,0.8607935323039909,-0.2352168240178421,-0.17938086664464745
3,-0.011289996827379646,0.12662160088743243,-0.09007063761035411,0.08884907473649031,-0.15136372707000592,0.0963678279218982,-0.15395168477612203,0.24738566200910841,-0.9223524842354341
4,0.04110511941977947,0.34044241752763627,-0.014689687027021864,0.34714485769652137,-0.8096861230088341,-0.11316330943767104,0.0742934242819295,0.17733010918457964,0.23732036883592877
