,EDU,HISP,INDP_CAT,MSP,OWN_RENT,PINCP_DECILE,PUMA,RAC1P,SEX
0,-0.5661256654249889,0.15509979203949464,-0.4897462755127012,-0.304355211133455,0.04948152447213358,-0.5534536170037248,-0.04389932701996396,0.10682166712636453,0.02940968572956682
1,-0.0034601267865829633,0.6176667604119582,0.20689453940539154,0.26008369416549054,0.33893200713047333,-0.02047151563609334,0.21019913550127733,0.5896488174217641,0.029385869665180326
2,-0.018556109310646305,0.12612634670485565,-0.10267619157272312,-0.2135048290619365,-0.29024814866883,0.22623656138596054,0.04080408225365922,0.2012757729670215,-0.8660353478351961
3,-0.05000731534029802,0.05132823467926967,0.08272803769322876,0.18707511355718967,0.03145250360187581,-0.0039242100869179425,-0.9599163500806981,0.16169289819497662,-0.0665958145650613
4,0.08749415590913794,0.10041662662184153,0.003902233936479954,-0.00744387310125906,-0.844958841053882,-0.047697127975199816,0.007298891278693319,0.3602809085133239,0.3689235275201448
