,EDU,HISP,INDP_CAT,MSP,OWN_RENT,PINCP_DECILE,PUMA,RAC1P,SEX
0,-0.5711275826037826,0.09765649436928059,-0.5004442530985023,-0.29828622168924324,0.004362825624502624,-0.5535746002048507,0.05716361394535685,0.12286875986066799,0.005393499728212493
1,-0.025747737539156233,0.5862344447408905,0.20355365568546913,0.20483595690526465,0.49800452564232006,-0.03326728927976996,0.03571805441057732,0.5505229960803368,0.13714153676526528
2,-0.027387643779077864,0.2879531448740151,0.10222790078216912,-0.23418829899428195,-0.028306563639923083,0.1475363813454955,0.8607935323039912,-0.23521682401783944,-0.17938086664465036
3,-0.011289996827380605,0.12662160088743046,-0.09007063761035496,0.08884907473649353,-0.15136372707000537,0.09636782792189606,-0.15395168477612428,0.2473856620091064,-0.9223524842354344
4,0.04110511941977849,0.34044241752763627,-0.014689687027022752,0.34714485769652254,-0.8096861230088332,-0.11316330943767162,0.07429342428193153,0.17733010918457906,0.23732036883592805
