,AGEP,DEYE,DVET,EDU,HOUSING_TYPE,MSP,OWN_RENT,PINCP_DECILE,RAC1P,SEX
0,-0.5028447292406172,0.043012204491294725,-0.07175908242364279,-0.5679702824416619,0.1515700234131379,-0.1487313666316193,-0.08761200318303133,-0.5866974558755629,0.13573808015825983,0.046351216136845154
1,0.08304591705250111,-0.1023026873418049,-0.019075772037853805,0.11162185388090838,0.6716988815264692,0.39456449129251925,-0.5978167220009151,-0.02294975112682432,-0.028007983581811176,0.06525117564494189
2,-0.1351379504584506,0.2606459383708614,0.4981950583456811,-0.00603801914198232,0.09158676751919155,-0.06551219753834758,-0.11924577457641915,0.13773881465729648,0.2536920988164586,-0.7452083295905269
3,0.22223680784031538,-0.6550436193785926,0.4440294910217474,-0.21438907305983657,-0.027478646941790058,-0.25933023762212676,-0.1000116119298905,-0.11685032394868583,-0.42037880580730924,-0.10010936582181298
4,0.018644768478139524,-0.4635525169019054,0.2676442887071598,0.0638006862986068,-0.0032172989541427582,0.25228501745896975,0.2368694538444407,-0.057983656396184746,0.7405275973679895,0.19380143897426658
