,feature,divergence
8,PINCP_DECILE,2.142681734464176
7,EDU,0.9217833267398432
6,INDP_CAT,0.6342815777239013
2,MSP,0.6005683298369736
5,OWN_RENT,0.2362825529202796
4,RAC1P,0.21535254371803025
3,HISP,0.13065996564551574
1,SEX,0.04809275772472765
0,PUMA,0.02787213657346921
