,feature,divergence
8,PINCP_DECILE,5.18579938411833
7,EDU,3.967785466585071
2,MSP,2.3111745440879075
6,INDP_CAT,1.713192062714356
1,SEX,0.4332065325866178
5,OWN_RENT,0.29672308246308965
4,RAC1P,0.11313755795981452
0,PUMA,0.07218053028138294
3,HISP,0.040450736781277086
