,PUMA,SEX,MSP,HISP,RAC1P,OWN_RENT,INDP_CAT,EDU,PINCP_DECILE
PUMA,-1.2212453270876722e-15,-0.027044986903201482,0.10303979077524829,0.0607677223653708,0.01796781340067837,-0.03338554908004648,0.05697419787013656,0.0023509815062124073,0.0017123239584881308
SEX,-0.027044986903201482,0.0,-0.0028551176808578257,-0.004072117289445683,0.016813673301579908,-0.049841425074037264,-0.005020726612458906,-0.03627140187551259,0.03426130005290009
MSP,0.10303979077524829,-0.0028551176808578257,-1.3322676295501878e-15,0.02117397248534983,0.08702856590509832,0.1576185262635839,-0.27615731930466497,-0.392825499072483,-0.3323366179003769
HISP,0.0607677223653708,-0.004072117289445683,0.02117397248534983,8.881784197001252e-16,-0.23667932907636663,-0.11323152254393076,0.026013959627294806,0.11111076476999572,0.03761629195253127
RAC1P,0.01796781340067837,0.016813673301579908,0.08702856590509832,-0.23667932907636663,-6.661338147750939e-16,-0.0626234860998845,0.05106659877712209,0.060259809016663,0.04554242304101898
OWN_RENT,-0.03338554908004648,-0.049841425074037264,0.1576185262635839,-0.11323152254393076,-0.0626234860998845,8.215650382226158e-15,-0.0704064268498162,0.026150830577383828,0.00951688874930992
INDP_CAT,0.05697419787013656,-0.005020726612458906,-0.27615731930466497,0.026013959627294806,0.05106659877712209,-0.0704064268498162,0.0,-0.4771343413839045,-0.5360864758845046
EDU,0.0023509815062124073,-0.03627140187551259,-0.392825499072483,0.11111076476999572,0.060259809016663,0.026150830577383828,-0.4771343413839045,-1.1102230246251565e-16,-0.5248530766125311
PINCP_DECILE,0.0017123239584881308,0.03426130005290009,-0.3323366179003769,0.03761629195253127,0.04554242304101898,0.00951688874930992,-0.5360864758845046,-0.5248530766125311,2.220446049250313e-15
