,feature,divergence
0,AGEP,0.25172434052856085
7,PINCP_DECILE,0.07838572208906208
6,EDU,0.07675578010506229
1,SEX,0.02737865398143946
2,MSP,0.02222042623245278
3,RAC1P,0.013261638084026124
5,OWN_RENT,0.006455444126240162
4,HOUSING_TYPE,0.0014380161066420358
9,DEYE,0.0006579739982189269
8,DVET,0.00041091863722054296
