,EDU,HISP,INDP_CAT,MSP,OWN_RENT,PINCP_DECILE,PUMA,RAC1P,SEX
0,-0.5661256654249888,0.15509979203949487,-0.4897462755127015,-0.3043552111334553,0.049481524472133664,-0.5534536170037255,-0.04389932701996385,0.10682166712636451,0.029409685729566787
1,-0.003460126786582727,0.6176667604119584,0.20689453940539165,0.2600836941654908,0.33893200713047517,-0.02047151563609334,0.21019913550127745,0.5896488174217639,0.02938586966518062
2,-0.01855610931064594,0.12612634670485875,-0.10267619157272231,-0.2135048290619354,-0.2902481486688388,0.22623656138596016,0.04080408225365528,0.20127577296702565,-0.8660353478351932
3,-0.05000731534029268,0.051328234679277204,0.08272803769322876,0.18707511355719392,0.03145250360181711,-0.003924210086923362,-0.9599163500806983,0.16169289819499902,-0.06659581456503279
4,0.0874941559091408,0.10041662662183849,0.0039022339364748262,-0.007443873101264903,-0.8449588410538829,-0.0476971279752032,0.007298891278759629,0.3602809085133102,0.3689235275201568
