,AGEP,SEX,MSP,RAC1P,HOUSING_TYPE,OWN_RENT,EDU,PINCP_DECILE,DVET
AGEP,-6.217248937900877e-15,-0.01314215532077001,-0.15947096838077776,0.08995059609985259,-0.06267574512961747,0.04573488453795299,-0.33710021732233575,-0.30297969235810707,-0.0506894670213003
SEX,-0.01314215532077001,-2.042810365310288e-14,-0.04277592675387497,0.0004862232552090718,-0.007454761938751055,-0.044412474139239384,-0.03502270046587407,0.16700778920968395,0.07439466318142417
MSP,-0.15947096838077776,-0.04277592675387497,0.0,-0.020240401765685048,-0.15185569088607906,-0.000982871670366165,0.029143654763699567,0.03353681070863504,0.04089124836102692
RAC1P,0.08995059609985259,0.0004862232552090718,-0.020240401765685048,-1.554312234475219e-14,-0.030402787810819405,-0.017708774455176053,0.0627341295660338,0.07668428983551404,0.011367624575060317
HOUSING_TYPE,-0.06267574512961747,-0.007454761938751055,-0.15185569088607906,-0.030402787810819405,2.0650148258027912e-14,0.37371016571153776,0.007394221304537343,0.07958754686697175,0.016108350440407555
OWN_RENT,0.04573488453795299,-0.044412474139239384,-0.000982871670366165,-0.017708774455176053,0.37371016571153776,-1.2434497875801753e-14,0.049472941689232205,0.024422120482790594,-0.013886137679129329
EDU,-0.33710021732233575,-0.03502270046587407,0.029143654763699567,0.0627341295660338,0.007394221304537343,0.049472941689232205,4.107825191113079e-15,-0.071337321852592,-0.07875214213374956
PINCP_DECILE,-0.30297969235810707,0.16700778920968395,0.03353681070863504,0.07668428983551404,0.07958754686697175,0.024422120482790594,-0.071337321852592,-6.328271240363392e-15,-0.10549743070379154
DVET,-0.0506894670213003,0.07439466318142417,0.04089124836102692,0.011367624575060317,0.016108350440407555,-0.013886137679129329,-0.07875214213374956,-0.10549743070379154,-1.4988010832439613e-14
