,feature,divergence
8,PINCP_DECILE,4.527660037802845
6,INDP_CAT,4.133202808533622
7,EDU,4.017861652025785
2,MSP,0.7321726532040795
5,OWN_RENT,0.699523440519459
1,SEX,0.5264627865634458
4,RAC1P,0.2475063209389699
0,PUMA,0.21710347507166627
3,HISP,0.1440233094680377
