,feature,divergence
8,PINCP_DECILE,0.49813299488995033
7,EDU,0.3200663349917081
6,INDP_CAT,0.1712172935446679
2,MSP,0.12221373954025204
4,RAC1P,0.06237849144825888
1,SEX,0.022418676726492226
3,HISP,0.01126998856318765
5,OWN_RENT,0.0031891152813015994
0,PUMA,0.003059181056440763
