,feature,divergence
1,AGEP,7.367434091074155
10,POVPIP,6.802080302834001
3,MSP,3.6055776052825683
7,NPF,1.8863685467206621
9,PINCP_DECILE,1.5819242859070504
6,NOC,1.3751199469425228
8,OWN_RENT,0.2990154733631758
0,PUMA,0.2103771643589969
2,SEX,0.12494370076679895
4,HISP,0.008865901896722232
5,RAC1P,0.0061260583500571016
