,AGEP,DEAR,DENSITY,DEYE,DPHY,DREM,DVET,EDU,HISP,HOUSING_TYPE,INDP_CAT,MSP,NOC,NPF,OWN_RENT,PINCP,PINCP_DECILE,POVPIP,PUMA,RAC1P,SEX
0,-0.2877693060047205,0.031249257504373195,-0.0487754834939653,0.009460781629312978,-0.292465234617959,-0.3062731729055546,-0.027543403563466674,-0.3665632619132143,0.04278554920554878,-0.09323683788749577,-0.24374093742956643,-0.26795203665838735,0.29832015516988636,0.2706248499745563,0.07654790604436151,0.4040466073677404,-0.32007721545721596,-0.13116204847684826,0.04670886520722865,0.06606489361347835,0.0007143326959249247
1,-0.05737828769031215,-0.07214761764992007,-0.036049423384570387,-0.04956549325816139,-0.2017864689958904,-0.20548540213967098,0.003012937842117549,-0.13893253131974903,-0.0682129597964118,0.5403773409420988,-0.20116541218674244,0.07443389728610583,-0.2764509724066701,-0.24661092152756678,-0.4681048401544148,0.06550933530166042,-0.16048949162417545,0.3801670067686523,-0.06099676827198951,-0.06302733701326849,-0.06474264464121092
2,0.24310360463325428,-0.19326357073647213,-0.47980698115090986,-0.06622645378351946,-0.008687620900418754,0.009765435083530172,0.1731969140447596,0.09712929199477806,-0.3280883435695503,-0.14382725309952774,-0.05775969039805878,-0.3644911915982628,0.12625862455681555,0.20436192790712512,-0.2510015225672465,0.016990139338516425,0.21300963781587198,0.1364405264678888,0.23643813339288935,-0.34213266877235915,-0.08298460017211422
3,0.28908256366243706,-0.43457319667885624,0.009322216404378837,-0.4194627014922612,-0.3098413216043884,-0.2602249239137104,0.15100846122103903,-0.08737046653958472,-0.008683149839773002,-0.15911277362002002,-0.14234591740148508,0.12060863481579473,-0.22007169561540818,-0.26053819349190477,0.2471458151710049,-0.10829432936189144,-0.0213443002521104,-0.3263888671082011,-0.008383722391855981,-0.03162820145193865,0.00288849359626142
4,-0.01730973600451029,-0.17530585310248847,-0.297600112291414,-0.1876100886149289,0.4366388414997901,0.4411858739704354,-0.030305568984303023,-0.20063507568556355,0.12460952023859638,0.14541981587978664,-0.2887941142253941,0.17269224421393836,0.02955363966410638,0.02992966083198095,-0.0995367269577413,-0.042479494726241684,-0.3818025568491057,-0.25046853822628073,0.20766453863093354,0.05140219535131304,0.032844181521860714
