,EDU,HISP,INDP_CAT,MSP,OWN_RENT,PINCP_DECILE,PUMA,RAC1P,SEX
0,-0.5711275826037824,0.09765649436928125,-0.5004442530985024,-0.2982862216892417,0.0043628256245018815,-0.5535746002048508,0.05716361394535675,0.1228687598606679,0.005393499728212715
1,-0.025747737539155293,0.5862344447408911,0.2035536556854683,0.20483595690526477,0.49800452564231884,-0.033267289279769297,0.035718054410578765,0.5505229960803365,0.1371415367652678
2,-0.02738764377907815,0.28795314487401524,0.10222790078216829,-0.23418829899428223,-0.028306563639923885,0.14753638134549604,0.8607935323039902,-0.23521682401783933,-0.1793808666446543
3,-0.011289996827380388,0.12662160088742627,-0.09007063761035447,0.08884907473648707,-0.15136372706999418,0.09636782792189826,-0.15395168477612925,0.24738566200910778,-0.9223524842354359
4,0.04110511941977932,0.3404424175276346,-0.014689687027022974,0.34714485769652353,-0.8096861230088369,-0.11316330943766939,0.07429342428193107,0.17733010918458417,0.23732036883591578
