,AGEP,DEYE,DVET,EDU,HOUSING_TYPE,MSP,OWN_RENT,PINCP_DECILE,RAC1P,SEX
0,-0.5003671965995968,0.03900010057801084,-0.09147255741886558,-0.5717285720585454,0.028571268082506013,-0.23289866092055742,0.06753307375165278,-0.571840333447005,0.16142351159960266,0.013897306588228311
1,-0.03675130220352675,-0.00945697485413213,-0.020757550366643816,-0.009303160616242959,0.710758325001361,0.23447166211410692,-0.6402728025062305,-0.1192153810375195,-0.09207325951810798,-0.07245047965053973
2,0.09901175711451426,-0.27791274265991545,0.6235894739239641,-0.16046422730358348,-0.06821032417491306,-0.392535647122945,-0.14847233213293554,0.01223492147309524,-0.24609473311526542,-0.5068089898784774
3,-0.1134775810807127,-0.3436023315316518,0.2287526964139006,0.0179652164002356,0.09691595087680162,0.5511477770143703,0.2765624299491463,-0.018082836577396566,0.5527299875731586,-0.34774840301318977
4,0.23737997636266436,-0.7955381192427621,-0.04165471474755912,-0.09690685272827115,0.003113264186999143,-0.017539553050351236,-0.018473106588030974,-0.16340211137630734,-0.08018248525366464,0.5156119949550672
