,feature,divergence
8,PINCP_DECILE,1.8214917646583015
7,EDU,0.8264850183044006
2,MSP,0.4821264774484366
6,INDP_CAT,0.48139228062522055
5,OWN_RENT,0.22992359717601335
4,RAC1P,0.173970497739938
3,HISP,0.11202624001823835
0,PUMA,0.013896964458762207
1,SEX,0.00883783644036451
