,SEX,MSP,RAC1P,HOUSING_TYPE,OWN_RENT,EDU,PINCP_DECILE,DVET
SEX,0.0,0.0030925621465291916,-0.00607899845916187,0.022471376918966036,-0.018119078409201704,-0.01404202653005997,0.03252626540217238,0.07053122764769908
MSP,0.0030925621465291916,-1.9984014443252818e-15,0.0028564306197772296,-0.16588262176515323,-0.011686913933701441,-0.12588059937559198,-0.052230603839745676,0.020124948070956283
RAC1P,-0.00607899845916187,0.0028564306197772296,0.0,0.2989225449541798,-0.1749755407041439,0.01728871486279157,0.0860662797199698,0.4106050337191051
HOUSING_TYPE,0.022471376918966036,-0.16588262176515323,0.2989225449541798,2.4424906541753444e-15,0.2901917285213547,-0.03979941703393813,0.1312466300828548,0.4555085909259126
OWN_RENT,-0.018119078409201704,-0.011686913933701441,-0.1749755407041439,0.2901917285213547,-4.3298697960381105e-15,0.04679730725839076,-0.010805389683728097,-0.15722013537072607
EDU,-0.01404202653005997,-0.12588059937559198,0.01728871486279157,-0.03979941703393813,0.04679730725839076,1.2212453270876722e-15,-0.32964673826083896,-0.09616496873746655
PINCP_DECILE,0.03252626540217238,-0.052230603839745676,0.0860662797199698,0.1312466300828548,-0.010805389683728097,-0.32964673826083896,-3.1086244689504383e-15,-0.02192728647931036
DVET,0.07053122764769908,0.020124948070956283,0.4106050337191051,0.4555085909259126,-0.15722013537072607,-0.09616496873746655,-0.02192728647931036,-5.88418203051333e-15
