,feature,divergence
4,RAC1P,6.244097367883227
3,HISP,1.7451374079670243
8,PINCP_DECILE,1.5016855163303808
2,MSP,0.7255898745852233
7,EDU,0.6826422822082009
5,OWN_RENT,0.5551498733345339
0,PUMA,0.4849667660068556
6,INDP_CAT,0.4789799615369411
1,SEX,0.0077302870255526734
