,AGEP,DEYE,DVET,EDU,HOUSING_TYPE,MSP,OWN_RENT,PINCP_DECILE,RAC1P,SEX
0,-0.5028447292406177,0.043012204491294614,-0.07175908242364262,-0.567970282441662,0.15157002341313752,-0.14873136663161945,-0.08761200318303032,-0.5866974558755627,0.13573808015825997,0.04635121613684526
1,0.08304591705250054,-0.10230268734180395,-0.019075772037853985,0.11162185388090824,0.6716988815264697,0.3945644912925197,-0.5978167220009155,-0.02294975112682504,-0.02800798358181076,0.0652511756449422
2,-0.13513795045845145,0.26064593837086125,0.4981950583456793,-0.006038019141983625,0.09158676751919131,-0.06551219753834574,-0.1192457745764184,0.13773881465729612,0.2536920988164517,-0.7452083295905304
3,0.2222368078403157,-0.655043619378594,0.444029491021745,-0.214389073059837,-0.027478646941789905,-0.25933023762212437,-0.10001161192988997,-0.11685032394868639,-0.42037880580731035,-0.1001093658218131
4,0.018644768478138403,-0.4635525169019051,0.2676442887071609,0.06380068629860697,-0.003217298954141974,0.25228501745897025,0.23686945384444089,-0.05798365639618369,0.7405275973679903,0.19380143897426086
