,feature,divergence
1,AGEP,5.220623501199041
9,PINCP_DECILE,1.9736182440694545
7,NPF,1.5368736988518832
3,MSP,0.8771341463414634
10,POVPIP,0.8652424853288464
0,PUMA,0.7254863346804575
5,RAC1P,0.4013458973922136
8,OWN_RENT,0.3965290714775958
6,NOC,0.25589594267431437
4,HISP,0.13914167556293394
2,SEX,0.12586302964018392
