,feature,divergence
8,PINCP_DECILE,1.383633220208747
2,MSP,0.5117823639774859
6,INDP_CAT,0.36211993300245937
7,EDU,0.1099354956120839
1,SEX,0.014459502228833077
4,RAC1P,0.008901821119658145
0,PUMA,0.008128656975776694
5,OWN_RENT,0.00772445657880913
3,HISP,0.007403903597586772
