,AGEP,DVET,EDU,HOUSING_TYPE,MSP,OWN_RENT,PINCP_DECILE,RAC1P,SEX
0,-0.5235279923444452,-0.11330048397398551,-0.5577994184152768,-0.053932286226513165,-0.24114403751438812,0.12454740422459949,-0.5554133596418107,0.12625067651263094,0.030770485285244585
1,0.022622226640371203,-0.1161404043381588,-0.08366437780575571,0.7126341935240575,0.11347794414364387,-0.6501150015339175,-0.16473139116611718,0.03720913143712225,0.08428944017105697
2,-0.07026686994033599,0.5816628730852519,-0.10872247268642715,0.05504586891624191,-0.27262710159779374,-0.1945936635947872,0.10109980859063478,0.06473817871065217,-0.7178271461811075
3,-0.14877983393719554,-0.02048081858113939,0.05824630919418848,0.09144406801519107,0.5887213556498417,0.20274174332504055,0.020839705121215944,0.7293127685145585,-0.21368666374245693
4,0.18534594678290078,0.29571291973970165,0.08803527150265356,-0.10462339831566188,-0.4698337605556145,-0.16209588463328278,0.021235374862032197,0.6168881586437961,0.48112753487320326
