,EDU,HISP,INDP_CAT,MSP,OWN_RENT,PINCP_DECILE,PUMA,RAC1P,SEX
0,-0.5661256654249889,0.1550997920394951,-0.48974627551270167,-0.30435521113345554,0.049481524472133595,-0.5534536170037253,-0.04389932701996407,0.1068216671263646,0.029409685729566717
1,-0.003460126786582342,0.6176667604119596,0.20689453940539215,0.2600836941654907,0.33893200713047167,-0.02047151563609434,0.21019913550127864,0.589648817421764,0.0293858696651848
2,-0.018556109310644348,0.12612634670485842,-0.10267619157272283,-0.21350482906193863,-0.2902481486688418,0.22623656138596038,0.040804082253667495,0.201275772967028,-0.8660353478351897
3,-0.05000731534029215,0.05132823467927919,0.08272803769322844,0.18707511355718814,0.03145250360181515,-0.003924210086919518,-0.9599163500806974,0.16169289819500324,-0.06659581456504211
4,0.08749415590914138,0.10041662662183451,0.00390223393647475,-0.007443873101267633,-0.8449588410538821,-0.04769712797520341,0.0072988912787579005,0.360280908513307,0.3689235275201615
