,feature,divergence
0,AGEP,6.282972346026533
7,PINCP_DECILE,0.3738773357444242
6,EDU,0.11384895361715147
2,MSP,0.047909981130301926
3,RAC1P,0.016693129639960516
1,SEX,0.014952586404242352
8,DVET,0.008646935131630482
4,HOUSING_TYPE,0.00603361776876208
5,OWN_RENT,0.005416554452904301
