,feature,divergence
7,EDU,2.85270454526207
8,PINCP_DECILE,2.297856748703233
6,INDP_CAT,2.250382905923627
2,MSP,0.09927915425292623
0,PUMA,0.033224102448579096
4,RAC1P,0.020218554954326277
1,SEX,0.011986405476720252
5,OWN_RENT,0.00872046622263448
3,HISP,0.005083749499979133
