,PUMA,SEX,MSP,HISP,RAC1P,OWN_RENT,INDP_CAT,EDU,PINCP_DECILE
PUMA,2.7755575615628914e-15,0.02037984322885432,0.032087340796865205,0.025834551443945995,0.07550416815803063,0.006293688088162589,0.0030850350600950243,0.04205239896596442,-0.01596935747241343
SEX,0.02037984322885432,-1.3322676295501878e-15,-0.03299328580324283,0.00015051879410724056,0.0030861415322062853,-0.009740962469319148,-0.03836678467805577,-0.023875399658886045,0.13817358674336494
MSP,0.032087340796865205,-0.03299328580324283,0.0,-0.03279517684882441,0.04373391296086657,0.04447802780496496,-0.27734831849913927,-0.22534616880143235,-0.09095727158273077
HISP,0.025834551443945995,0.00015051879410724056,-0.03279517684882441,0.0,-0.16514666623533628,-0.06384333069115174,-0.03182069443213276,0.053330872911981755,0.07218030674003482
RAC1P,0.07550416815803063,0.0030861415322062853,0.04373391296086657,-0.16514666623533628,-2.886579864025407e-15,-0.03402370752222834,0.027979545748210943,0.035185771511870696,0.08746576340346102
OWN_RENT,0.006293688088162589,-0.009740962469319148,0.04447802780496496,-0.06384333069115174,-0.03402370752222834,0.0,-0.015804631373387144,-0.0033410064249838694,-0.07266345664454296
INDP_CAT,0.0030850350600950243,-0.03836678467805577,-0.27734831849913927,-0.03182069443213276,0.027979545748210943,-0.015804631373387144,4.6629367034256575e-15,-0.5057029392459479,-0.4675325909308059
EDU,0.04205239896596442,-0.023875399658886045,-0.22534616880143235,0.053330872911981755,0.035185771511870696,-0.0033410064249838694,-0.5057029392459479,-7.105427357601002e-15,-0.695717713778936
PINCP_DECILE,-0.01596935747241343,0.13817358674336494,-0.09095727158273077,0.07218030674003482,0.08746576340346102,-0.07266345664454296,-0.4675325909308059,-0.695717713778936,1.6653345369377348e-15
