,AGEP,HISP,MSP,NOC,NPF,OWN_RENT,PINCP_DECILE,POVPIP,PUMA,RAC1P,SEX
0,-0.3771297048318152,0.10413523716016826,-0.3314779708948428,0.5079493510979786,0.4785791057231923,0.19554130976462397,-0.3508381593954961,-0.2510332787998793,0.08098020901853531,0.13530945076501041,0.028158879848405143
1,0.0521789735242456,0.2480768158274541,0.38321958823988245,-0.1230457568613399,-0.2486302288219398,0.5784354225419209,-0.06139564421859299,-0.5542800656460346,-0.05828465728733379,0.2215571200678142,0.11769763512410383
2,-0.43936346916089175,0.31840414482309864,0.26410643349457613,-0.16668641207367096,-0.1558677660249283,-0.3064122138005865,-0.39987663378438654,0.29831913007042554,-0.1943289344351159,0.4450536162784231,-0.07160088936238834
3,0.17623700639528364,0.6169614406085205,-0.10171802336393813,-0.018077411561728318,0.08682112931288921,-0.024411995427562186,0.3000068800516052,0.1059673167284711,0.6035702499803849,0.22463869077170007,-0.23129873958020053
4,0.046704946659418586,0.12648154272851797,-0.00044495873170122095,-0.09334062214149248,-0.04924091972506032,-0.19457502251121936,-0.23857217577581938,0.007353049551732957,0.35551282724200084,-0.15737767160475138,0.8512910417539093
