,EDU,HISP,INDP_CAT,MSP,OWN_RENT,PINCP_DECILE,PUMA,RAC1P,SEX
0,-0.571127582603783,0.09765649436928125,-0.5004442530985025,-0.298286221689242,0.004362825624502235,-0.5535746002048505,0.05716361394535636,0.122868759860668,0.005393499728212452
1,-0.02574773753915596,0.5862344447408903,0.20355365568546946,0.20483595690526493,0.4980045256423217,-0.03326728927977041,0.03571805441057767,0.5505229960803354,0.13714153676526686
2,-0.027387643779078024,0.2879531448740144,0.10222790078216965,-0.23418829899428,-0.02830656363992575,0.14753638134549332,0.8607935323039937,-0.23521682401783967,-0.1793808666446423
3,-0.01128999682738122,0.12662160088742963,-0.09007063761035314,0.08884907473648926,-0.1513637270699969,0.09636782792189828,-0.15395168477611743,0.24738566200910486,-0.9223524842354376
4,0.04110511941977908,0.34044241752763854,-0.014689687027022974,0.3471448576965248,-0.8096861230088342,-0.11316330943767149,0.0742934242819247,0.17733010918458175,0.2373203688359198
