,PUMA,SEX,MSP,HISP,RAC1P,OWN_RENT,INDP_CAT,EDU,PINCP_DECILE
PUMA,0.0,-0.007047529309407446,0.03366019935010499,0.03673736412862048,0.03288083660670005,0.032364853537899904,0.007464956580033179,0.04150997798277922,0.005868353658344974
SEX,-0.007047529309407446,0.0,-0.048032225128915806,0.031411325804142104,-3.8667404234817536e-05,0.0056715889167705,-0.005636638461901836,0.04009038451685794,0.00874953583090081
MSP,0.033660199350104995,-0.048032225128915806,0.0,-0.008705412102167452,0.009674456250013005,0.029668527651718093,-0.13994947131285096,-0.020562158694599986,-0.11021055013649333
HISP,0.036737364128620484,0.031411325804142104,-0.008705412102167452,0.0,-0.12992907573059778,-0.06222622744431955,-0.014674471768995414,0.07052488511920561,0.04780425083497258
RAC1P,0.03288083660670005,-3.866740423481797e-05,0.009674456250013005,-0.12992907573059778,0.0,-0.04303441856643721,0.023984626055752467,0.016290344902078292,0.07666106506066377
OWN_RENT,0.032364853537899904,0.005671588916770498,0.029668527651718093,-0.06222622744431954,-0.04303441856643721,0.0,-0.07201720492274061,-0.010480296914853382,-0.030280767913938637
INDP_CAT,0.007464956580033179,-0.005636638461901836,-0.1399494713128509,-0.014674471768995414,0.023984626055752464,-0.07201720492274061,0.0,-0.21496806061648766,-0.32757505328640085
EDU,0.04150997798277922,0.04009038451685794,-0.020562158694599958,0.0705248851192056,0.01629034490207829,-0.010480296914853384,-0.21496806061648757,0.0,-0.5469895067984021
PINCP_DECILE,0.005868353658344977,0.00874953583090081,-0.11021055013649332,0.04780425083497258,0.07666106506066377,-0.030280767913938637,-0.32757505328640085,-0.5469895067984021,2.220446049250313e-16
