,AGEP,DEYE,DVET,EDU,HOUSING_TYPE,MSP,OWN_RENT,PINCP_DECILE,RAC1P,SEX
0,-0.5251615970832846,0.0652534681609157,-0.112590590233518,-0.5549528123126446,-0.05893922391740646,-0.24157157887476555,0.12599373017480237,-0.552008756750863,0.1265859506320119,0.029244942000674873
1,0.028117658417163453,-0.1865864177711922,-0.11718581844773092,-0.09819642367100934,0.705399599960307,0.11063300778624363,-0.6234402039734309,-0.1800531014801276,0.03095182596207101,0.09558646071481217
2,-0.08134938043213294,0.16780383264888263,0.5529867249917664,-0.09293384395818213,0.07833761585472648,-0.25478598948784065,-0.23597543652255173,0.1091570441801617,0.0857065594192926,-0.7104893883239487
3,-0.15479221705588853,0.3132249273013483,-0.11734411123308577,0.09253546874419163,0.09949165121325255,0.5617909540969833,0.11943281341259779,0.03871391405782737,0.7010062049706144,-0.15138273614990078
4,-0.0050508794274200085,-0.8560167110688526,0.2659565134223694,-0.08439859638473202,0.016422403453303445,0.22538144922974127,0.28402107810566896,-0.06826570574970203,0.1779470192276048,-0.14592489455365754
