,AGEP,DEAR,DENSITY,DEYE,DPHY,DREM,DVET,EDU,HISP,HOUSING_TYPE,INDP_CAT,MSP,NOC,NPF,OWN_RENT,PINCP,PINCP_DECILE,POVPIP,PUMA,RAC1P,SEX
0,-0.3043565545149006,0.034693577221139804,-0.02271273450602649,0.01993512843944701,-0.305171766552454,-0.3134319493445094,-0.02417353996461916,-0.371603764997049,0.033161847191803685,-0.07935288221124842,-0.2588315298359284,-0.253975508596454,0.293865578284908,0.2441718757324421,0.046449796622347564,0.4202723827415155,-0.3232830730609597,-0.05896808530843211,0.01894322258065699,0.056214300095438936,-0.0064598641427141106
1,-0.048053356641907324,-0.08145137756126276,0.033340089568877594,-0.09952489367855219,-0.18934005209319843,-0.19967476363443548,0.003354799695362269,-0.16696329488262276,0.02014126107705727,0.5429918401992232,-0.12637670544711163,0.20190965617695583,-0.30912333928277647,-0.31952200922223073,-0.4048869231946416,0.021198000394320127,-0.21371208077249593,0.3310105019347876,-0.07339798794275901,0.007966890036074854,0.04149527861053331
2,0.35676377235089163,-0.3961742974038732,0.00043989506524747587,-0.2968583296304161,-0.2932611875019361,-0.25020304931896925,0.1474166857060675,-0.07639003576927056,-0.0889995224319514,-0.19408226579064417,-0.22275903020486787,0.0063374372675751925,-0.22303909403541278,-0.26107603445799954,0.28540778935281635,-0.06507933643624506,0.005842304498894585,-0.339695405875901,0.0941763153802671,-0.16708985984106436,0.020092752434529466
3,-0.1816312438544458,0.15782241540214126,0.352693445431695,0.09034403138529493,0.03233033240968618,0.011954627149139009,-0.13953379473116856,-0.08301299394205582,0.31490846210544127,0.018096593640387546,0.05869494573711381,0.3468207561564463,-0.08941191190465866,-0.23224517482763457,0.36364547591915525,-0.021692406993132005,-0.20051717734938218,-0.3361064169748498,-0.31261142647532897,0.29594495246246205,0.16015311735713744
4,0.09749938520926373,-0.33899531735270194,0.3691747153482325,-0.22976450584667663,0.0956479713793351,0.1202616851589546,0.30706810128764594,0.06400677742502811,0.2071520479471295,0.02026003439660692,-0.14582177802515175,-0.24243121229246986,0.0936165632458398,0.12388652943038388,-0.050436360434291394,0.05257061625470581,0.09786707274164229,0.17647022878934635,-0.4024622423450708,0.31949018442636334,-0.3270274598472946
