,EDU,HISP,INDP_CAT,MSP,OWN_RENT,PINCP_DECILE,PUMA,RAC1P,SEX
0,-0.5661256654249889,0.1550997920394951,-0.4897462755127018,-0.30435521113345515,0.04948152447213368,-0.5534536170037252,-0.04389932701996409,0.10682166712636451,0.029409685729566912
1,-0.0034601267865827408,0.6176667604119593,0.2068945394053932,0.26008369416548904,0.33893200713047617,-0.02047151563609395,0.21019913550127758,0.5896488174217613,0.029385869665182564
2,-0.018556109310644487,0.12612634670486006,-0.10267619157272277,-0.21350482906193596,-0.29024814866885074,0.22623656138595916,0.04080408225366363,0.20127577296703042,-0.8660353478351871
3,-0.05000731534029429,0.05132823467927711,0.08272803769322917,0.1870751135571903,0.031452503601832875,-0.003924210086920135,-0.9599163500806979,0.16169289819499363,-0.06659581456504694
4,0.08749415590913992,0.10041662662183803,0.003902233936477713,-0.007443873101257548,-0.8449588410538775,-0.04769712797520623,0.007298891278739535,0.3602809085133108,0.36892352752016766
