,feature,divergence
1,AGEP,6.337026467461249
9,PINCP_DECILE,2.7539837577067914
7,NPF,2.4352599880564583
3,MSP,1.292490551776266
8,OWN_RENT,0.7407667590483065
10,POVPIP,0.7337012331651493
6,NOC,0.6553729130786955
5,RAC1P,0.1493324906404252
0,PUMA,0.11212960291099006
2,SEX,0.07924299708819604
4,HISP,0.013138534843848118
