,AGEP,DVET,EDU,HOUSING_TYPE,MSP,OWN_RENT,PINCP_DECILE,RAC1P,SEX
0,-0.5235279923444448,-0.11330048397398518,-0.5577994184152768,-0.05393228622651296,-0.24114403751438807,0.1245474042245992,-0.5554133596418104,0.1262506765126304,0.030770485285244523
1,0.02262222664037121,-0.11614040433815784,-0.08366437780575516,0.7126341935240582,0.11347794414364322,-0.6501150015339173,-0.16473139116611718,0.037209131437122775,0.0842894401710546
2,-0.07026686994033522,0.5816628730852494,-0.10872247268642554,0.05504586891623985,-0.27262710159779685,-0.19459366359478653,0.10109980859063539,0.06473817871065463,-0.7178271461811089
3,-0.14877983393719382,-0.020480818581141064,0.05824630919418926,0.0914440680151882,0.5887213556498355,0.20274174332503805,0.02083970512121697,0.7293127685145647,-0.21368666374245474
4,0.18534594678290198,0.2957129197397058,0.08803527150265295,-0.10462339831566139,-0.4698337605556169,-0.16209588463328306,0.021235374862029727,0.6168881586437882,0.4811275348732084
