,feature,divergence
2,MSP,4.107301084894449
6,EDU,2.9773059304651004
0,AGEP,2.723858998144713
4,HOUSING_TYPE,1.8817918698142944
7,PINCP_DECILE,1.0241550522648084
5,OWN_RENT,0.30747776666717547
3,RAC1P,0.20082307350022321
1,SEX,0.1628463881456519
8,DVET,0.12730300357921218
9,DEYE,0.01922563417890521
