,AGEP,DEYE,DVET,EDU,HOUSING_TYPE,MSP,OWN_RENT,PINCP_DECILE,RAC1P,SEX
0,-0.5251615970832844,0.06525346816091537,-0.11259059023351739,-0.5549528123126448,-0.05893922391740637,-0.2415715788747663,0.12599373017480175,-0.5520087567508631,0.12658595063201167,0.029244942000674158
1,0.028117658417163415,-0.18658641777119309,-0.11718581844773177,-0.09819642367100964,0.7053995999603055,0.11063300778624392,-0.6234402039734324,-0.180053101480127,0.030951825962069763,0.0955864607148119
2,-0.0813493804321325,0.16780383264888118,0.552986724991767,-0.09293384395818131,0.07833761585472719,-0.25478598948783965,-0.23597543652255126,0.10915704418016216,0.08570655941929373,-0.7104893883239489
3,-0.1547922170558892,0.3132249273013548,-0.11734411123309216,0.09253546874419163,0.09949165121325437,0.5617909540969827,0.11943281341259623,0.03871391405782787,0.7010062049706111,-0.15138273614990228
4,-0.00505087942742231,-0.8560167110688487,0.26595651342236876,-0.08439859638473163,0.016422403453306048,0.22538144922974987,0.28402107810567256,-0.06826570574970248,0.1779470192276064,-0.145924894553658
