,PUMA,SEX,MSP,HISP,RAC1P,OWN_RENT,INDP_CAT,EDU,PINCP_DECILE
PUMA,-1.1102230246251565e-16,0.0018649992992061746,-0.007265872996262149,0.008631933692429459,-0.01900500092004294,0.009713893732532541,0.0019695247084523977,0.010159753133015113,-0.005570698651209427
SEX,0.0018649992992061746,1.1102230246251565e-16,-0.002521176535681957,-0.007115683147621805,-0.018754855779394335,0.008937152476013413,0.0006396720871793618,-0.009188133022312226,-0.0016341233763265128
MSP,-0.007265872996262149,-0.002521176535681957,0.0,0.019239349590995068,0.010700020960489347,0.023716868868642486,0.0032791696585978414,-0.005496041805889862,-0.0030457283394040163
HISP,0.00863193369242947,-0.007115683147621801,0.019239349590995068,0.0,0.0008580115731193771,0.017337591922462495,0.01764101759344683,0.017815670349531063,0.020377068081286705
RAC1P,-0.01900500092004294,-0.018754855779394338,0.010700020960489347,0.0008580115731194049,-2.220446049250313e-16,-0.01971581707055143,0.026600452353958963,0.015008632185641064,0.019056992102179364
OWN_RENT,0.009713893732532541,0.008937152476013411,0.023716868868642486,0.0173375919224625,-0.01971581707055143,-2.220446049250313e-16,0.029316009720361504,0.009794084933678787,0.0035147783786860023
INDP_CAT,0.0019695247084523977,0.0006396720871793618,0.003279169658597869,0.017641017593446835,0.026600452353958963,0.029316009720361507,0.0,-0.0039049550525033228,-0.01036945556351998
EDU,0.010159753133015113,-0.009188133022312228,-0.005496041805889862,0.01781567034953105,0.01500863218564106,0.009794084933678785,-0.0039049550525032672,0.0,-9.594668602008749e-05
PINCP_DECILE,-0.0055706986512094265,-0.0016341233763265128,-0.0030457283394040024,0.020377068081286698,0.019056992102179364,0.0035147783786860023,-0.01036945556351998,-9.594668602008749e-05,2.220446049250313e-16
