,AGEP,DEYE,DVET,EDU,HOUSING_TYPE,MSP,OWN_RENT,PINCP_DECILE,RAC1P,SEX
0,-0.5003671965995962,0.03900010057801051,-0.09147255741886552,-0.5717285720585464,0.02857126808250575,-0.23289866092055736,0.06753307375165302,-0.5718403334470062,0.16142351159960258,0.013897306588227895
1,-0.03675130220352706,-0.009456974854131033,-0.020757550366643767,-0.009303160616242418,0.7107583250013617,0.23447166211410642,-0.6402728025062309,-0.11921538103751965,-0.09207325951810559,-0.07245047965053839
2,0.09901175711451865,-0.2779127426599064,0.6235894739239615,-0.16046422730358273,-0.06821032417491459,-0.39253564712296063,-0.14847233213294447,0.01223492147309449,-0.24609473311527758,-0.506808989878464
3,-0.113477581080707,-0.3436023315316718,0.22875269641391605,0.017965216400230605,0.09691595087679988,0.5511477770143606,0.2765624299491434,-0.018082836577399175,0.5527299875731482,-0.34774840301319593
4,0.23737997636266617,-0.7955381192427562,-0.04165471474756323,-0.0969068527282706,0.0031132641869980188,-0.01753955305035844,-0.018473106588035665,-0.16340211137630684,-0.08018248525367236,0.5156119949550739
