,PUMA,SEX,MSP,HISP,RAC1P,OWN_RENT,INDP_CAT,EDU,PINCP_DECILE
PUMA,1.1102230246251565e-16,0.00019637916833381043,-0.01936964356525227,-0.01581552765415477,-0.016640334940588,-0.03700781545725585,-0.03871066030881565,-0.044562903193041535,-0.02174724105180295
SEX,0.00019637916833381043,0.0,-0.020665936193958432,0.012428941938314696,-0.01615039963769183,-0.003815552315806072,0.000969588102426297,-0.030449066809182565,0.08614435076646978
MSP,-0.01936964356525227,-0.020665936193958432,0.0,-0.04200229650402605,-0.04367577688640224,-0.03005624195783817,-0.07206178711300334,0.03956953048559933,0.011251250154112435
HISP,-0.015815527654154775,0.012428941938314696,-0.04200229650402605,1.1102230246251565e-16,-0.1173427895720861,-0.04404340865018395,-0.011833017610704509,0.0675259597362486,0.02545366403367824
RAC1P,-0.016640334940588,-0.016150399637691826,-0.04367577688640224,-0.1173427895720861,0.0,-0.07864534448736381,-0.059254929120194824,0.005486563483442099,0.026779716517790098
OWN_RENT,-0.03700781545725586,-0.0038155523158060704,-0.030056241957838174,-0.04404340865018395,-0.0786453444873638,0.0,-0.03128065235322739,0.028131973725410167,0.012543724904878602
INDP_CAT,-0.03871066030881565,0.0009695881024262935,-0.07206178711300332,-0.011833017610704516,-0.05925492912019484,-0.03128065235322739,0.0,-0.12685201773113153,-0.06431312402709183
EDU,-0.044562903193041535,-0.030449066809182565,0.03956953048559933,0.06752595973624857,0.005486563483442092,0.028131973725410167,-0.12685201773113164,0.0,-0.09808335569342136
PINCP_DECILE,-0.021747241051802955,0.08614435076646978,0.011251250154112408,0.02545366403367824,0.02677971651779011,0.012543724904878602,-0.06431312402709183,-0.09808335569342125,-2.220446049250313e-16
