,feature,divergence
1,AGEP,2.2989599418657463
10,PINCP_DECILE,0.9517438016528925
9,EDU,0.8610805507080435
8,OWN_RENT,0.5809010238189076
3,MSP,0.37806948360212367
4,HISP,0.24384168249653532
6,NOC,0.10389579996694688
2,SEX,0.07303617571059429
5,RAC1P,0.03678307951207456
7,HOUSING_TYPE,0.029026090667190953
0,PUMA,0.020817464993595824
11,DVET,0.010747527793585983
