,AGEP,DEYE,DVET,EDU,HOUSING_TYPE,MSP,OWN_RENT,PINCP_DECILE,RAC1P,SEX
0,-0.5003671965995966,0.03900010057801051,-0.09147255741886585,-0.5717285720585454,0.028571268082508428,-0.23289866092055508,0.0675330737516519,-0.5718403334470061,0.16142351159960328,0.013897306588228193
1,-0.036751302203525474,-0.009456974854131824,-0.02075755036664247,-0.009303160616241002,0.7107583250013607,0.23447166211410855,-0.6402728025062305,-0.11921538103751807,-0.09207325951810716,-0.07245047965053875
2,0.09901175711451483,-0.2779127426599054,0.6235894739239608,-0.1604642273035833,-0.06821032417491359,-0.3925356471229547,-0.14847233213294114,0.012234921473095933,-0.24609473311526847,-0.5068089898784754
3,-0.11347758108071004,-0.34360233153166214,0.22875269641390766,0.017965216400233186,0.0969159508767998,0.5511477770143678,0.2765624299491463,-0.018082836577396705,0.5527299875731506,-0.34774840301319454
4,0.23737997636266597,-0.7955381192427619,-0.04165471474755604,-0.09690685272827237,0.0031132641869978106,-0.017539553050356455,-0.018473106588033736,-0.16340211137630717,-0.08018248525367086,0.515611994955066
