,AGEP,HISP,MSP,NOC,NPF,OWN_RENT,PINCP_DECILE,POVPIP,PUMA,RAC1P,SEX
0,-0.4620673165575869,0.17229438035653877,-0.23524154992406784,0.48525643017749936,0.44975173836798527,0.15256761391536056,-0.4038975082063277,-0.25521431409626,-0.013253438783225005,0.10945176274988132,0.0044343413429240655
1,0.04022263831139068,0.17952821707467406,0.4134443307775197,-0.139693360119383,-0.283810072639205,0.577993868934512,-0.08425944050002018,-0.5547096160240302,0.009575165190557015,0.1460651294505474,0.15762969903433077
2,-0.10705523648905099,0.5597321764429586,0.14670291473082367,-0.08323796522869031,-0.06712917640353663,-0.2124491182465444,0.03465886196805312,0.2338093157963541,0.31083017232927,0.6413793303764169,-0.18247447616034843
3,-0.04743752371493589,0.001967173877625178,0.026973041675102158,-0.13594230202908428,-0.11168192354357258,-0.3102532295671193,-0.3980486661739826,0.10449213536054555,-0.028986063252187038,0.08625873147996434,0.8319651020294362
4,0.038499970162293146,0.10322755847068489,0.07154933010310896,-0.05633622718184047,0.014544651477988495,-0.1538358229826712,-0.02177870968994594,-0.0421211672492867,-0.9284815800060372,0.272536818043606,-0.1307244142958101
