,feature,divergence
1,AGEP,6.244291230005517
9,PINCP_DECILE,4.383825265643448
7,NPF,2.3472112704678607
10,POVPIP,1.9923582533859006
0,PUMA,1.7672618974408532
3,MSP,1.6138010805216605
8,OWN_RENT,0.9538609346717625
2,SEX,0.766118566788001
6,NOC,0.4866759674239292
5,RAC1P,0.12744252077923166
4,HISP,0.015616535572771893
