,EDU,HISP,INDP_CAT,MSP,OWN_RENT,PINCP_DECILE,PUMA,RAC1P,SEX
0,-0.5711275826037825,0.09765649436928092,-0.500444253098502,-0.2982862216892407,0.004362825624502513,-0.5535746002048517,0.05716361394535839,0.1228687598606689,0.005393499728212028
1,-0.02574773753915484,0.5862344447408897,0.20355365568546874,0.20483595690526332,0.4980045256423223,-0.03326728927976841,0.03571805441057924,0.550522996080335,0.1371415367652679
2,-0.027387643779077105,0.28795314487401397,0.10222790078216903,-0.2341882989942844,-0.028306563639923808,0.14753638134549682,0.8607935323039897,-0.2352168240178394,-0.1793808666446508
3,-0.011289996827380407,0.1266216008874292,-0.09007063761035393,0.08884907473649105,-0.1513637270699984,0.09636782792189758,-0.1539516847761247,0.24738566200910866,-0.9223524842354347
4,0.041105119419779755,0.34044241752763676,-0.014689687027021447,0.34714485769652115,-0.8096861230088346,-0.11316330943766918,0.07429342428193186,0.1773301091845857,0.23732036883592253
