,EDU,HISP,INDP_CAT,MSP,OWN_RENT,PINCP_DECILE,PUMA,RAC1P,SEX
0,-0.5661256654249885,0.15509979203949498,-0.489746275512702,-0.3043552111334554,0.049481524472133595,-0.5534536170037255,-0.04389932701996406,0.10682166712636476,0.029409685729566502
1,-0.003460126786582364,0.6176667604119594,0.2068945394053916,0.26008369416549004,0.3389320071304731,-0.020471515636093507,0.2101991355012781,0.5896488174217633,0.029385869665182494
2,-0.018556109310645923,0.12612634670485648,-0.102676191572723,-0.2135048290619353,-0.2902481486688344,0.22623656138596004,0.040804082253663186,0.20127577296702456,-0.8660353478351944
3,-0.05000731534029459,0.05132823467927693,0.0827280376932283,0.18707511355718898,0.03145250360184291,-0.003924210086918532,-0.9599163500806978,0.16169289819498944,-0.06659581456505029
4,0.08749415590914005,0.10041662662183917,0.003902233936477692,-0.00744387310126601,-0.844958841053882,-0.047697127975200745,0.007298891278728796,0.36028090851331607,0.36892352752015223
