,AGEP,HISP,MSP,NOC,NPF,OWN_RENT,PINCP_DECILE,POVPIP,PUMA,RAC1P,SEX
0,-0.41840829409804736,0.0731751920001833,-0.36073214733567166,0.5406571467877549,0.5055806361880875,0.12104875481954443,-0.3123478388545561,-0.11426033918891015,0.022956190466682,0.12398031953303593,-0.01904661699542419
1,-0.2557920099086146,0.0016666730213676928,0.009929854513860425,-0.04968640505320046,0.032006202995982946,-0.6646642095559364,-0.17883989153404573,0.6670922851266577,-0.07846254514826201,0.07740749141303455,-0.007301103883569977
2,-0.29149741274466895,0.41824814681787187,0.39571557911386246,-0.1282180386630462,-0.27797972033003715,0.13050625514202638,-0.40992921037273317,-0.1687684628892555,-0.2718621601724566,0.38408141027121134,0.23411565107063903
3,0.0534397520941997,0.38577777124737045,-0.060158187230006335,0.02700858604666273,0.06677477280481774,0.09026285570298295,0.410391284266417,0.13367331415554784,-0.26554517621049906,0.4074950173691124,-0.6391470789929377
4,-0.17424820983453249,0.2653050398509311,0.2374361690561014,-0.07779795887900876,-0.03766831774394208,-0.052572121049976925,-0.10699927780712382,-0.0570135070486812,0.8354238387356816,-0.039270212451163744,-0.3441875723976234
