,AGEP,DEYE,DVET,EDU,HOUSING_TYPE,MSP,OWN_RENT,PINCP_DECILE,RAC1P,SEX
0,-0.5028447292406174,0.043012204491294614,-0.07175908242364272,-0.5679702824416617,0.15157002341313786,-0.1487313666316194,-0.08761200318303046,-0.5866974558755631,0.13573808015826017,0.04635121613684528
1,0.0830459170525008,-0.1023026873418048,-0.019075772037854783,0.1116218538809076,0.671698881526469,0.3945644912925187,-0.5978167220009154,-0.02294975112682364,-0.028007983581810794,0.06525117564494252
2,-0.13513795045844249,0.2606459383708319,0.49819505834569533,-0.0060380191419913964,0.09158676751919048,-0.06551219753835527,-0.11924577457642202,0.13773881465729162,0.2536920988164407,-0.7452083295905344
3,0.22223680784032085,-0.6550436193786011,0.4440294910217255,-0.21438907305983712,-0.02747864694179386,-0.25933023762212315,-0.10001161192988635,-0.11685032394869194,-0.4203788058073241,-0.1001093658217839
4,0.018644768478139628,-0.4635525169019085,0.26764428870716306,0.06380068629860541,-0.0032172989541429664,0.2522850174589732,0.23686945384444272,-0.05798365639618591,0.7405275973679849,0.19380143897426538
