,AGEP,DEAR,DENSITY,DEYE,DPHY,DREM,DVET,EDU,HISP,HOUSING_TYPE,INDP_CAT,MSP,NOC,NPF,OWN_RENT,PINCP,PINCP_DECILE,POVPIP,PUMA,RAC1P,SEX
0,-0.3043566765205067,0.03469515448052931,-0.022713962373391267,0.01993443178950344,-0.30517249177011907,-0.31343258285996844,-0.024172030619907373,-0.3716010794637952,0.03316175433425763,-0.07935319812717305,-0.25883177155846104,-0.2539756682553361,0.29386278427046714,0.2441749689047573,0.046451579926391935,0.42027064870564285,-0.3232868458557714,-0.05896677054616427,0.018941628722734007,0.05621396209990646,-0.006460227404025971
1,-0.04807100976489888,-0.08143493278449215,0.033330278438498714,-0.09953434697528682,-0.1893474084039412,-0.1996847387739671,0.0033743293421122475,-0.16691103831876078,0.02014421602215858,0.5430030798316796,-0.12639384601859982,0.20190927788652804,-0.30911832701690994,-0.3195222014683411,-0.40488128443503,0.021198761483597818,-0.21372167028174235,0.3310035935905161,-0.0734111100391944,0.007958467027043883,0.0414951253146097
2,0.35682321194584893,-0.3965446681919365,0.0006694859546162255,-0.2967055318597536,-0.2930346443993961,-0.2499733131688418,0.1469954698489269,-0.07732028469333088,-0.088990562109696,-0.19432739504511043,-0.22258426816541316,0.0063799525541871765,-0.22278869533957812,-0.2616106755510443,0.28495470182318566,-0.06468989885574088,0.006616498240291438,-0.33979989129796445,0.09452737194359048,-0.16696345053786302,0.020175571539381904
3,-0.18163900925843962,0.15832812459797616,0.3523239489882929,0.09010151808031569,0.032011115604068434,0.011661074159597128,-0.13882325823002528,-0.0822611470561407,0.3148391008210949,0.018043110559473618,0.058703613702980495,0.3467674681804246,-0.09008928368940482,-0.2314395851611668,0.36418910334500965,-0.0221929369346271,-0.20143536859936392,-0.3357535494620408,-0.31324631199922337,0.29581783909306114,0.16000577180749995
4,0.09713879384158945,-0.3353221960236092,0.3698638907133527,-0.22819559633487693,0.09101485203991613,0.11561786585678441,0.3096865796885086,0.06826398822778713,0.2056379419510818,0.020385775165961663,-0.1434572587819338,-0.24314051821263358,0.09182004841985772,0.12568599360023397,-0.04789297714955124,0.05062445397523438,0.09777325166449216,0.17847579312020045,-0.4054787189530882,0.31831698043656564,-0.3292375984270453
