,feature,divergence
1,AGEP,0.2822012852351572
10,POVPIP,0.10197908792121005
9,PINCP_DECILE,0.05279286848419695
0,PUMA,0.016109658323515186
3,MSP,0.01115668067766257
6,NOC,0.00926948441776456
7,NPF,0.008566978193146304
5,RAC1P,0.004685501228805757
4,HISP,0.0027535552851827632
2,SEX,0.00124408936842757
8,OWN_RENT,0.0007205578180542321
11,DEYE,0.0
