,PUMA,SEX,MSP,HISP,RAC1P,OWN_RENT,INDP_CAT,EDU,PINCP_DECILE
PUMA,5.551115123125783e-16,-0.0039061122626849647,-0.10963921373625996,0.021435330861105106,0.00246788522203243,-0.005163624390655888,-0.09215857999909999,-0.018294944871145025,0.04664063398922216
SEX,-0.0039061122626849647,-9.2148511043888e-15,0.009692840170419489,-0.041233477306607515,-0.003772853491008485,-0.05031356171413475,0.03780932782814339,-0.016475475122278774,0.037463377251664126
MSP,-0.10963921373625996,0.009692840170419489,-1.1102230246251565e-14,-0.04699614102020082,0.0641712370714253,0.09114362455278444,-0.06012280730603228,0.06990847426092461,0.0025790901750769035
HISP,0.021435330861105106,-0.041233477306607515,-0.04699614102020082,-5.440092820663267e-15,-0.12958319655050798,-0.053431443835127906,-0.05851170011441616,-0.010947099552198358,-0.0034899024337403522
RAC1P,0.00246788522203243,-0.003772853491008485,0.0641712370714253,-0.12958319655050798,2.6645352591003757e-15,-0.07130111462353209,0.04047772829584993,0.08857835889652427,0.1012470112407679
OWN_RENT,-0.005163624390655888,-0.05031356171413475,0.09114362455278444,-0.053431443835127906,-0.07130111462353209,0.0,-0.10083518433004997,0.042683733834886606,-0.051652549409959087
INDP_CAT,-0.09215857999909999,0.03780932782814339,-0.06012280730603228,-0.05851170011441616,0.04047772829584993,-0.10083518433004997,0.0,-0.06637262152884754,-0.021400475171394262
EDU,-0.018294944871145025,-0.016475475122278774,0.06990847426092461,-0.010947099552198358,0.08857835889652427,0.042683733834886606,-0.06637262152884754,0.0,-0.005827079174383298
PINCP_DECILE,0.04664063398922216,0.037463377251664126,0.0025790901750769035,-0.0034899024337403522,0.1012470112407679,-0.051652549409959087,-0.021400475171394262,-0.005827079174383298,-5.662137425588298e-15
