,AGEP,HISP,MSP,NOC,NPF,OWN_RENT,PINCP_DECILE,POVPIP,PUMA,RAC1P,SEX
0,-0.3771297048318141,0.10413523716016837,-0.33147797089484243,0.507949351097978,0.4785791057231913,0.19554130976462533,-0.3508381593954949,-0.25103327879988085,0.08098020901853514,0.13530945076500997,0.028158879848405573
1,0.052178973524246546,0.24807681582745467,0.38321958823988383,-0.12304575686134095,-0.24863022882194144,0.5784354225419208,-0.06139564421859178,-0.5542800656460349,-0.05828465728732948,0.22155712006781295,0.11769763512410132
2,-0.4393634691608935,0.3184041448231007,0.2641064334945773,-0.1666864120736698,-0.15586776602492786,-0.3064122138005851,-0.3998766337843862,0.2983191300704247,-0.19432893443511157,0.4450536162784223,-0.07160088936239023
3,0.1762370063952902,0.6169614406085193,-0.10171802336394385,-0.018077411561726486,0.08682112931289321,-0.02441199542756388,0.3000068800516109,0.10596731672847351,0.6035702499803803,0.22463869077170645,-0.23129873958019342
4,0.0467049466594174,0.1264815427285175,-0.00044495873169982277,-0.09334062214149204,-0.04924091972506081,-0.19457502251121941,-0.23857217577582032,0.007353049551732384,0.35551282724199956,-0.1573776716047532,0.8512910417539096
