,DVET,EDU,HOUSING_TYPE,MSP,OWN_RENT,PINCP_DECILE,RAC1P,SEX
0,-0.09031920309990765,-0.6526079752061527,-0.06349458514778009,-0.34581568321935985,0.10305849230679662,-0.6267725044602098,0.18780472030073442,0.05991481447898361
1,-0.03223277540441587,-0.09494912511478337,0.7070728781467982,0.18370880157883884,-0.6381895809962026,-0.2010677529569992,-0.0695581989260188,-0.060763537028542786
2,0.6191160860933815,-0.10489808312742205,-0.0717106238159965,-0.37688464205704897,-0.1422951864653338,0.07709388088563526,-0.25646924805123833,-0.6054249378352992
3,0.22628227339519796,-0.0310512725011636,0.10700090777169043,0.44675068618102026,0.21624730141007223,-0.04654458456248321,0.7181067812911152,-0.4149579958266407
4,0.7400568506373845,0.023716331941204927,0.05307972837067523,0.0712188965577233,-0.0061038882591206885,-0.08754464201720555,0.08985298546435688,0.6542850478487714
