,feature,divergence
0,PUMA,0.3155950104963262
8,PINCP_DECILE,0.18413240570340844
7,EDU,0.10901282196425408
2,MSP,0.04744024236513202
6,INDP_CAT,0.04195433492169977
1,SEX,0.021937763485775252
4,RAC1P,0.019647075439200697
5,OWN_RENT,0.0076682077496706275
3,HISP,0.0054940094094629195
