,feature,divergence
8,PINCP_DECILE,2.9382542161189624
7,EDU,2.5607114554900057
2,MSP,1.5337415405566905
6,INDP_CAT,1.1117557099460096
0,PUMA,0.5511413817663817
1,SEX,0.3312538018067094
5,OWN_RENT,0.30531769430829314
4,RAC1P,0.1781239264582272
3,HISP,0.07542417815482502
