,AGEP,HISP,MSP,NOC,NPF,OWN_RENT,PINCP_DECILE,POVPIP,PUMA,RAC1P,SEX
0,-0.41840829409804703,0.07317519200018285,-0.36073214733567244,0.5406571467877551,0.5055806361880879,0.12104875481954575,-0.31234783885455575,-0.11426033918891151,0.022956190466682073,0.1239803195330358,-0.01904661699542415
1,-0.2557920099086158,0.001666673021367332,0.009929854513859809,-0.04968640505320038,0.032006202995983696,-0.6646642095559371,-0.1788398915340471,0.667092285126657,-0.07846254514826181,0.07740749141303521,-0.007301103883569219
2,-0.29149741274466984,0.4182481468178712,0.39571557911386285,-0.1282180386630461,-0.2779797203300367,0.13050625514202605,-0.4099292103727333,-0.16876846288925623,-0.2718621601724568,0.384081410271211,0.2341156510706384
3,0.053439752094199,0.3857777712473662,-0.060158187230006474,0.027008586046662952,0.06677477280481817,0.09026285570298347,0.41039128426641736,0.13367331415554878,-0.2655451762105062,0.4074950173691131,-0.639147078992937
4,-0.1742482098345281,0.2653050398509362,0.23743616905609666,-0.07779795887900892,-0.037668317743940985,-0.05257212104997736,-0.10699927780711935,-0.057013507048679565,0.8354238387356835,-0.03927021245115466,-0.3441875723976221
