,feature,divergence
7,EDU,2.777147561979691
8,PINCP_DECILE,1.855351931146409
6,INDP_CAT,1.3273103335290184
2,MSP,0.6240259997425768
4,RAC1P,0.1825284090909091
3,HISP,0.17754519610796712
5,OWN_RENT,0.17288401458959915
0,PUMA,0.140893313847278
1,SEX,0.0756769321124966
