,AGEP,DEYE,DVET,EDU,HOUSING_TYPE,MSP,OWN_RENT,PINCP_DECILE,RAC1P,SEX
0,-0.500367196599597,0.03900010057801129,-0.09147255741886637,-0.5717285720585463,0.02857126808250679,-0.23289866092055653,0.0675330737516524,-0.5718403334470064,0.16142351159960242,0.013897306588228103
1,-0.036751302203526015,-0.009456974854131432,-0.020757550366642626,-0.009303160616241977,0.7107583250013617,0.2344716621141074,-0.6402728025062314,-0.11921538103751918,-0.09207325951810727,-0.07245047965053837
2,0.09901175711451181,-0.27791274265990307,0.623589473923967,-0.1604642273035823,-0.06821032417491324,-0.3925356471229476,-0.14847233213293703,0.01223492147309696,-0.24609473311526123,-0.5068089898784814
3,-0.11347758108070928,-0.3436023315316649,0.22875269641390156,0.017965216400234296,0.09691595087680124,0.5511477770143712,0.2765624299491469,-0.018082836577400313,0.5527299875731543,-0.3477484030131819
4,0.2373799763626683,-0.7955381192427611,-0.04165471474755547,-0.0969068527282726,0.003113264186996062,-0.017539553050368265,-0.01847310658804023,-0.16340211137630622,-0.08018248525367226,0.515611994955066
