,AGEP,DEYE,DVET,EDU,HOUSING_TYPE,MSP,OWN_RENT,PINCP_DECILE,RAC1P,SEX
0,-0.525161597083285,0.06525346816091615,-0.11259059023351801,-0.5549528123126446,-0.05893922391740654,-0.241571578874766,0.12599373017480178,-0.5520087567508632,0.12658595063201175,0.029244942000674914
1,0.02811765841716371,-0.18658641777119392,-0.11718581844773346,-0.09819642367100921,0.7053995999603045,0.11063300778624566,-0.6234402039734309,-0.18005310148012765,0.03095182596207046,0.09558646071481533
2,-0.0813493804321329,0.16780383264887858,0.5529867249917694,-0.09293384395818312,0.07833761585472966,-0.2547859894878401,-0.2359754365225541,0.10915704418015987,0.08570655941928777,-0.7104893883239476
3,-0.15479221705588986,0.31322492730136803,-0.11734411123309114,0.09253546874419241,0.09949165121325276,0.5617909540969787,0.11943281341259071,0.03871391405782956,0.7010062049706086,-0.15138273614990394
4,-0.0050508794274241086,-0.8560167110688451,0.2659565134223688,-0.08439859638472941,0.016422403453305423,0.22538144922975506,0.2840210781056731,-0.06826570574970225,0.17794701922761996,-0.14592489455365615
