,feature,divergence
7,EDU,4.794614288001169
8,PINCP_DECILE,3.630515370705244
6,INDP_CAT,2.803343628021189
0,PUMA,1.8843564249826854
5,OWN_RENT,1.408999594606986
2,MSP,0.9488737502815954
1,SEX,0.5857870148082733
4,RAC1P,0.10297203120548629
3,HISP,0.016015419323173886
