,feature,divergence
0,AGEP,6.700134723816176
8,DVET,4.565341168246816
6,EDU,4.357502129106618
3,RAC1P,4.191870970723479
2,MSP,3.9221890766354663
7,PINCP_DECILE,2.729273190533771
4,HOUSING_TYPE,1.602245570630187
5,OWN_RENT,1.4128441986985456
9,DEYE,0.791925018252886
1,SEX,0.13351165427311307
