,AGEP,HISP,MSP,NOC,NPF,OWN_RENT,PINCP_DECILE,POVPIP,PUMA,RAC1P,SEX
0,-0.3771297048318152,0.10413523716016881,-0.3314779708948431,0.5079493510979778,0.4785791057231924,0.19554130976462356,-0.3508381593954959,-0.2510332787998793,0.08098020901853503,0.13530945076500991,0.02815887984840621
1,0.05217897352424585,0.24807681582745592,0.38321958823988234,-0.12304575686133955,-0.24863022882193964,0.5784354225419218,-0.06139564421859124,-0.5542800656460348,-0.05828465728733239,0.2215571200678152,0.11769763512409988
2,-0.4393634691608899,0.31840414482310864,0.26410643349457624,-0.16668641207367133,-0.15586776602492677,-0.306412213800586,-0.3998766337843819,0.29831913007042676,-0.19432893443510277,0.4450536162784244,-0.07160088936239312
3,0.1762370063952926,0.6169614406085173,-0.10171802336394449,-0.01807741156172621,0.0868211293128926,-0.024411995427562005,0.3000068800516098,0.10596731672846757,0.6035702499803912,0.22463869077168996,-0.23129873958018626
4,0.04670494665940238,0.12648154272850415,-0.00044495873168652784,-0.09334062214149572,-0.04924091972507073,-0.1945750225112178,-0.23857217577583667,0.007353049551723968,0.35551282724201444,-0.1573776716047769,0.8512910417538964
