,feature,divergence
1,AGEP,5.985176218632153
10,POVPIP,2.29581346545794
9,PINCP_DECILE,1.9696223316912969
3,MSP,0.5751485147496009
7,NPF,0.24525203285120717
2,SEX,0.21476404488943424
6,NOC,0.1601953224895897
8,OWN_RENT,0.11770064274475578
5,RAC1P,0.10322314735111789
4,HISP,0.021253810258944537
0,PUMA,0.007976885313880855
