,feature,divergence
1,AGEP,1.5141356576153768
9,PINCP_DECILE,0.3073784765411213
7,NPF,0.27069597069597084
10,POVPIP,0.16492854383932026
6,NOC,0.05456103607796952
3,MSP,0.04440535157376101
8,OWN_RENT,0.04111576807992074
4,HISP,0.023087429024914216
0,PUMA,0.018999550790694153
2,SEX,0.014607538649202834
5,RAC1P,0.011932131985563293
