,EDU,HISP,INDP_CAT,MSP,OWN_RENT,PINCP_DECILE,PUMA,RAC1P,SEX
0,-0.5661256654249888,0.15509979203949442,-0.48974627551270133,-0.3043552111334555,0.04948152447213343,-0.5534536170037253,-0.04389932701996393,0.10682166712636453,0.029409685729566835
1,-0.0034601267865825565,0.6176667604119584,0.20689453940539254,0.26008369416548993,0.3389320071304737,-0.020471515636094395,0.21019913550127778,0.5896488174217643,0.02938586966518675
2,-0.018556109310644366,0.1261263467048607,-0.10267619157272227,-0.2135048290619349,-0.29024814866884885,0.2262365613859591,0.0408040822536629,0.20127577296703347,-0.866035347835188
3,-0.05000731534029322,0.05132823467927553,0.08272803769322873,0.18707511355718914,0.031452503601826845,-0.003924210086920288,-0.9599163500806983,0.1616928981949988,-0.06659581456504185
4,0.08749415590914131,0.10041662662183574,0.003902233936477005,-0.007443873101263831,-0.8449588410538793,-0.0476971279752051,0.0072988912787464106,0.3602809085133079,0.36892352752016866
