,feature,divergence
8,PINCP_DECILE,3.632669789227166
7,EDU,0.7798194590266428
2,MSP,0.3649714126204934
6,INDP_CAT,0.2778908008034642
5,OWN_RENT,0.09871985967663913
0,PUMA,0.0959013381373629
1,SEX,0.05315714288411888
3,HISP,0.03102265160052349
4,RAC1P,0.02771597006305466
