,feature,divergence
0,AGEP,1.0993197278911564
7,PINCP_DECILE,0.25036913990402354
6,EDU,0.22403544171590417
2,MSP,0.05137022541158576
5,OWN_RENT,0.020381361625440172
1,SEX,0.007914075404287013
4,HOUSING_TYPE,0.007098142171236291
3,RAC1P,0.004232290913846441
8,DVET,0.002123666305123919
9,DEYE,0.0016355586534028965
