,AGEP,DEYE,DVET,EDU,HOUSING_TYPE,MSP,OWN_RENT,PINCP_DECILE,RAC1P,SEX
0,-0.5251615970832848,0.06525346816091582,-0.11259059023351799,-0.5549528123126451,-0.05893922391740545,-0.24157157887476588,0.12599373017480073,-0.5520087567508631,0.12658595063201186,0.029244942000674443
1,0.02811765841716434,-0.18658641777119225,-0.117185818447733,-0.0981964236710092,0.7053995999603064,0.11063300778624649,-0.6234402039734311,-0.1800531014801262,0.030951825962070297,0.09558646071481454
2,-0.08134938043213169,0.16780383264887894,0.5529867249917674,-0.09293384395818291,0.07833761585472752,-0.2547859894878438,-0.23597543652255543,0.10915704418016091,0.08570655941928443,-0.7104893883239483
3,-0.15479221705588977,0.3132249273013606,-0.11734411123308672,0.09253546874419177,0.09949165121325262,0.561790954096978,0.11943281341259249,0.03871391405782984,0.7010062049706125,-0.15138273614990838
4,-0.005050879427423405,-0.8560167110688476,0.26595651342236765,-0.0843985963847313,0.01642240345330611,0.22538144922975167,0.28402107810567156,-0.06826570574970259,0.17794701922761036,-0.14592489455366056
