,AGEP,DEAR,DENSITY,DEYE,DPHY,DREM,DVET,EDU,HISP,HOUSING_TYPE,INDP_CAT,MSP,NOC,NPF,OWN_RENT,PINCP,PINCP_DECILE,POVPIP,PUMA,RAC1P,SEX
0,-0.304356073155038,0.034695375966597226,-0.022714061950270245,0.019934382847932246,-0.30517247610881637,-0.31343251036768754,-0.02417197010786381,-0.3716024692054359,0.033161585517524454,-0.07935319940876553,-0.25883127689494656,-0.2539756526599042,0.29386190236652304,0.2441762078537751,0.046452154568290584,0.4202698387408925,-0.3232872126567373,-0.05896623327747166,0.01894144635117333,0.056214160901578505,-0.0064602921678907094
1,-0.048066469659101524,-0.08144391548384573,0.033318310399510984,-0.09952592685671031,-0.18934353807707766,-0.19968295210832823,0.003368730145814311,-0.16692416825158443,0.020138400284159332,0.5430495274034615,-0.1263934780833587,0.20188712927248278,-0.3091349237490113,-0.31949648756630883,-0.40481755115875484,0.021181347010898785,-0.2137243476495307,0.3310259800000249,-0.07341399120908652,0.007955189790844235,0.04149855769938138
2,0.3569716840843767,-0.3964194417057671,0.0007054285128840739,-0.29678785685167347,-0.29309152622213497,-0.24997709299895077,0.1470635594695233,-0.07745728494480493,-0.08900238075112323,-0.1948369285474657,-0.22241353016711501,0.006558359789309048,-0.2231115400245467,-0.26131373290570076,0.28464082121348255,-0.06485091682132216,0.00621946904394409,-0.33973710404377144,0.0944864942211078,-0.16687214463807562,0.020087369345662506
3,-0.18151295282151725,0.15839314816326514,0.35229010679190603,0.09005665017844453,0.031974496664758385,0.011660311706927648,-0.1387678861874723,-0.08244460598072757,0.3148102831857007,0.01782153798857076,0.058820227211711686,0.3468581971499527,-0.09040398530764321,-0.23108885771130672,0.3642550470505448,-0.022412120130533425,-0.20174029374009744,-0.33555204846765085,-0.31329490657937525,0.2958938971622852,0.15993878626120459
4,0.09708133012199398,-0.3352658315806492,0.3701773138025763,-0.2284605164076071,0.09117178802583593,0.1158479562732544,0.3096996434425197,0.06817041179540673,0.2058784496661901,0.019061006107662627,-0.14355367411170394,-0.2426567354962892,0.09245419925587454,0.12454105453137897,-0.04967588542710621,0.051420105822897806,0.09818165321723805,0.1778988446180377,-0.40536618736645835,0.3183512766964266,-0.32906894460793573
