,feature,divergence
1,AGEP,4.382545513558172
0,PUMA,2.814119983277592
9,PINCP_DECILE,2.1850671814935714
10,POVPIP,0.7077682963761016
3,MSP,0.4980192379276775
7,NPF,0.3997450047653812
2,SEX,0.39004519549900496
5,RAC1P,0.23554293546265423
6,NOC,0.22040323252427413
8,OWN_RENT,0.07600890351309272
4,HISP,0.03872071515438741
