,EDU,HISP,INDP_CAT,MSP,OWN_RENT,PINCP_DECILE,PUMA,RAC1P,SEX
0,-0.575786843933053,0.06559621868644605,-0.5141938332553487,-0.2728696795873835,-0.022671741617569494,-0.5612568911504165,0.02040397669672151,0.08960660596565165,0.036667620896030276
1,0.01703030164170139,0.6184436714821476,0.11852298117427662,0.18150826369064024,0.20248105242787212,-0.06517823296749109,-0.4003205814922277,0.6014969265729603,0.05424525681745063
2,-0.01822884223650724,-0.06572759874428356,0.10657145973913024,0.46282526466701884,-0.5015049458213796,-0.27022531075256756,-0.13488876154468513,-0.10102759843425575,0.6456410825976953
3,-0.041545682585692224,0.11622791106426568,-0.03607345999869072,0.1812965128259426,-0.7187839530939915,0.010864233334593937,0.008139862360946892,0.14065669961475263,-0.6434099327581589
4,-0.06316752979119221,0.4309566929144759,0.13171436987063473,0.1538188098323819,0.028788364074248562,-0.036416247239770994,0.8685452527883881,0.04125467046069174,0.10511695190816238
