,AGEP,DEYE,DVET,EDU,HOUSING_TYPE,MSP,OWN_RENT,PINCP_DECILE,RAC1P,SEX
0,-0.5028447292406172,0.04301220449129439,-0.07175908242364332,-0.5679702824416616,0.1515700234131402,-0.14873136663161857,-0.08761200318303204,-0.5866974558755631,0.13573808015826005,0.04635121613684513
1,0.08304591705250247,-0.1023026873418053,-0.019075772037854478,0.11162185388090937,0.6716988815264692,0.39456449129251936,-0.597816722000915,-0.022949751126822737,-0.028007983581812154,0.0652511756449413
2,-0.13513795045844926,0.26064593837085837,0.49819505834568395,-0.006038019141984208,0.09158676751919224,-0.06551219753834832,-0.11924577457641888,0.13773881465729515,0.2536920988164504,-0.7452083295905287
3,0.22223680784031488,-0.6550436193785922,0.44402949102174005,-0.21438907305983773,-0.027478646941791668,-0.25933023762212337,-0.1000116119298883,-0.11685032394868777,-0.420378805807319,-0.10010936582181124
4,0.01864476847813821,-0.4635525169019133,0.26764428870716056,0.06380068629860411,-0.0032172989541421823,0.25228501745897536,0.23686945384444352,-0.057983656396185246,0.7405275973679846,0.19380143897425617
