,AGEP,HISP,MSP,NOC,NPF,OWN_RENT,PINCP_DECILE,POVPIP,PUMA,RAC1P,SEX
0,-0.4620673165575866,0.17229438035653832,-0.23524154992406787,0.48525643017749925,0.44975173836798515,0.15256761391536036,-0.40389750820632797,-0.2552143140962602,-0.013253438783225248,0.10945176274988123,0.004434341342924281
1,0.04022263831139104,0.17952821707467184,0.413444330777519,-0.13969336011938283,-0.28381007263920427,0.5779938689345127,-0.08425944050002024,-0.5547096160240302,0.009575165190557084,0.14606512945054528,0.15762969903433066
2,-0.10705523648905094,0.5597321764429577,0.14670291473082644,-0.08323796522869042,-0.06712917640353538,-0.212449118246541,0.03465886196805523,0.2338093157963508,0.3108301723292699,0.6413793303764175,-0.18247447616035511
3,-0.0474375237149334,0.0019671738776330483,0.02697304167510059,-0.1359423020290853,-0.11168192354357173,-0.31025322956711976,-0.3980486661739798,0.10449213536054681,-0.028986063252190494,0.08625873147997098,0.8319651020294369
4,0.03849997016229615,0.10322755847068768,0.07154933010310666,-0.05633622718183884,0.014544651477989726,-0.15383582298266787,-0.0217787096899409,-0.04212116724928848,-0.9284815800060375,0.27253681804360486,-0.13072441429581297
