,EDU,HISP,INDP_CAT,MSP,OWN_RENT,PINCP_DECILE,PUMA,RAC1P,SEX
0,-0.5757868439330528,0.06559621868644594,-0.5141938332553486,-0.27286967958738323,-0.02267174161756859,-0.5612568911504167,0.020403976696721678,0.08960660596565151,0.03666762089603071
1,0.01703030164170173,0.6184436714821466,0.11852298117427573,0.18150826369063597,0.2024810524278787,-0.06517823296748876,-0.40032058149222766,0.60149692657296,0.05424525681744542
2,-0.018228842236508006,-0.06572759874427887,0.10657145973913135,0.4628252646670232,-0.5015049458213751,-0.27022531075256895,-0.13488876154468943,-0.10102759843425081,0.6456410825976947
3,-0.041545682585693064,0.11622791106426882,-0.036073459998690285,0.18129651282594395,-0.7187839530939908,0.010864233334592716,0.00813986236094771,0.140656699614753,-0.6434099327581578
4,-0.06316752979119213,0.4309566929144747,0.13171436987063537,0.15381880983238364,0.02878836407425168,-0.036416247239771715,0.8685452527883881,0.0412546704606942,0.10511695190816384
