,feature,divergence
8,PINCP_DECILE,0.09212156822339862
7,EDU,0.0439284019255542
6,INDP_CAT,0.02698564423524802
2,MSP,0.01687210003062566
0,PUMA,0.015549297393603334
4,RAC1P,0.007664384105603621
5,OWN_RENT,0.004970086538497412
3,HISP,0.004776022164566018
1,SEX,0.0
