,feature,divergence
8,PINCP_DECILE,3.2214306580512337
7,EDU,3.062565292709697
2,MSP,1.8169179824889623
6,INDP_CAT,1.2163911041699684
0,PUMA,0.6596926764238711
1,SEX,0.45797541352832116
5,OWN_RENT,0.44704999574883375
4,RAC1P,0.20756410366343397
3,HISP,0.07542417815482502
