,EDU,HISP,INDP_CAT,MSP,OWN_RENT,PINCP_DECILE,PUMA,RAC1P,SEX
0,-0.5757868439330525,0.06559621868644583,-0.5141938332553484,-0.272869679587384,-0.022671741617568505,-0.5612568911504157,0.020403976696721768,0.08960660596565158,0.03666762089603047
1,0.01703030164170097,0.6184436714821478,0.11852298117427679,0.18150826369064088,0.20248105242787431,-0.06517823296749142,-0.4003205814922279,0.6014969265729594,0.05424525681745032
2,-0.018228842236507982,-0.0657275987442849,0.10657145973912939,0.46282526466702006,-0.5015049458213733,-0.27022531075256834,-0.1348887615446851,-0.10102759843425609,0.645641082597698
3,-0.04154568258569114,0.11622791106425298,-0.03607345999869504,0.18129651282594275,-0.7187839530939938,0.010864233334592688,0.008139862360921072,0.1406566996147518,-0.6434099327581577
4,-0.06316752979119455,0.43095669291448063,0.13171436987063348,0.15381880983239035,0.028788364074229834,-0.03641624723977144,0.8685452527883869,0.04125467046069123,0.1051169519081421
