,feature,divergence
7,EDU,2.9993432961734254
6,INDP_CAT,2.4230645019517745
8,PINCP_DECILE,1.9326359137243314
0,PUMA,0.042239507601512405
1,SEX,0.03014477359212797
2,MSP,0.018243831769850533
5,OWN_RENT,0.01087713815211247
4,RAC1P,0.006325931576217634
3,HISP,0.0021050626955735965
