,PUMA,SEX,MSP,HISP,RAC1P,OWN_RENT,INDP_CAT,EDU,PINCP_DECILE
PUMA,1.1102230246251565e-16,0.04511561508438706,-0.033774652463662846,-0.03636474108331409,-0.01862627452703121,-0.06204683895511249,0.043624885002606445,-0.01848084320582466,-0.06610282997097422
SEX,0.04511561508438706,0.0,0.006565736479828298,-0.00635890373746917,-0.016594440499307785,-0.02014572461345289,0.05004685780084208,-0.009671462672663965,0.050192485456493546
MSP,-0.033774652463662846,0.006565736479828298,-2.220446049250313e-16,0.08901041267803064,0.06066789775067956,-0.007961446103835482,-0.24736505567606584,-0.15549102587781385,-0.35561212614495497
HISP,-0.03636474108331409,-0.00635890373746917,0.08901041267803066,1.1102230246251565e-16,0.010376458002386707,-0.0677678292953854,0.031373843942202356,0.1592060028404025,0.07566456566587315
RAC1P,-0.01862627452703121,-0.016594440499307785,0.06066789775067957,0.010376458002386693,0.0,-0.0814915992141367,-0.015892705508313013,0.0014054372862182044,0.034049766116058165
OWN_RENT,-0.062046838955112496,-0.02014572461345289,-0.007961446103835486,-0.0677678292953854,-0.0814915992141367,0.0,-0.010792375679666625,0.08327581161162431,0.05752822305528215
INDP_CAT,0.04362488500260644,0.05004685780084208,-0.24736505567606584,0.03137384394220235,-0.015892705508313017,-0.010792375679666627,0.0,-0.3326865924914404,-0.4427808325113223
EDU,-0.01848084320582466,-0.009671462672663961,-0.15549102587781385,0.15920600284040248,0.0014054372862181974,0.08327581161162431,-0.33268659249144045,-2.220446049250313e-16,-0.5471261063701156
PINCP_DECILE,-0.06610282997097422,0.050192485456493546,-0.35561212614495497,0.07566456566587315,0.03404976611605818,0.05752822305528216,-0.4427808325113223,-0.5471261063701155,0.0
