,PUMA,SEX,MSP,HISP,RAC1P,OWN_RENT,INDP_CAT,EDU,PINCP_DECILE
PUMA,-3.885780586188048e-15,-0.004287213350390946,0.042415582671526605,0.0783701207692759,0.1236534985547372,0.004092378749201417,-0.0014654917225892326,0.008331972150256849,-0.007567330984693233
SEX,-0.004287213350390946,-1.9761969838327786e-14,-0.027628152086472794,0.02448885173474422,0.0017155832928861096,0.004141997855524347,0.012897479777935802,0.014731677459936022,0.09109859557254407
MSP,0.042415582671526605,-0.027628152086472794,1.887379141862766e-15,-0.08381606538695574,-0.0414030616206147,0.004282113269987495,-0.20750930169195198,-0.06604750421617919,0.04013648462219249
HISP,0.0783701207692759,0.02448885173474422,-0.08381606538695574,6.439293542825908e-15,-0.18463344057238693,0.030993144611859286,-0.05686222408474291,0.02817310391721517,0.018043477856459808
RAC1P,0.1236534985547372,0.0017155832928861096,-0.0414030616206147,-0.18463344057238693,0.0,0.007828773597439496,0.009583053579992229,0.09150183373214854,0.06292713541514838
OWN_RENT,0.004092378749201417,0.004141997855524347,0.004282113269987495,0.030993144611859286,0.007828773597439496,3.219646771412954e-15,-0.03876543119959734,0.06084435150257525,-0.05571569970583548
INDP_CAT,-0.0014654917225892326,0.012897479777935802,-0.20750930169195198,-0.05686222408474291,0.009583053579992229,-0.03876543119959734,2.6645352591003757e-15,-0.20194884705649568,-0.08590201930729874
EDU,0.008331972150256849,0.014731677459936022,-0.06604750421617919,0.02817310391721517,0.09150183373214854,0.06084435150257525,-0.20194884705649568,0.0,-0.1918543557751119
PINCP_DECILE,-0.007567330984693233,0.09109859557254407,0.04013648462219249,0.018043477856459808,0.06292713541514838,-0.05571569970583548,-0.08590201930729874,-0.1918543557751119,-1.9984014443252818e-15
