,PUMA,SEX,MSP,HISP,RAC1P,OWN_RENT,INDP_CAT,EDU,PINCP_DECILE
PUMA,1.021405182655144e-14,-0.00035752959461010886,-0.019291208029878614,-0.02314283883069288,-0.027702531817508928,-0.007022446980500949,-0.028345363948825867,-0.01929322521635929,-0.0048163650210277555
SEX,-0.00035752959461010886,-7.771561172376096e-16,0.007641236977991862,0.011513180404485233,-0.01233117303628485,-0.004913060623702314,-0.011639006092214708,-0.03607582626788165,0.11461411849732613
MSP,-0.019291208029878614,0.007641236977991862,-9.992007221626409e-16,-0.043417008978466065,-0.05883592802610993,-0.05781567281013167,-0.0773569167531914,0.033840014687901876,0.05393752751431502
HISP,-0.02314283883069288,0.011513180404485233,-0.043417008978466065,2.220446049250313e-15,-0.1647717582295081,-0.06349101360082969,-0.024491729079266215,0.051747448977521815,0.0005368535034530747
RAC1P,-0.027702531817508928,-0.01233117303628485,-0.05883592802610993,-0.1647717582295081,0.0,-0.034208594584559715,-0.08486637328895362,-0.010890719182434394,0.0062412634263060845
OWN_RENT,-0.007022446980500949,-0.004913060623702314,-0.05781567281013167,-0.06349101360082969,-0.034208594584559715,0.0,-0.0029598076011207036,0.04677658293654174,0.013936325388237601
INDP_CAT,-0.028345363948825867,-0.011639006092214708,-0.0773569167531914,-0.024491729079266215,-0.08486637328895362,-0.0029598076011207036,0.0,-0.13106567916283252,-0.1309392334884285
EDU,-0.01929322521635929,-0.03607582626788165,0.033840014687901876,0.051747448977521815,-0.010890719182434394,0.04677658293654174,-0.13106567916283252,4.107825191113079e-15,-0.11301072604259588
PINCP_DECILE,-0.0048163650210277555,0.11461411849732613,0.05393752751431502,0.0005368535034530747,0.0062412634263060845,0.013936325388237601,-0.1309392334884285,-0.11301072604259588,0.0
