,PUMA,SEX,MSP,HISP,RAC1P,OWN_RENT,INDP_CAT,EDU,PINCP_DECILE
PUMA,3.774758283725532e-15,-0.008478837612907653,0.0066930752600922235,-0.032860312702402174,-0.019190751876234726,0.004706009836314234,0.004116730968914073,-0.04395211971666939,-0.03979314246369379
SEX,-0.008478837612907653,0.0,-0.030455502030315433,0.03172524590699677,0.01252187784776811,-0.041873404906066385,-0.013865797945374344,-0.03647598579574696,0.06751071869573111
MSP,0.0066930752600922235,-0.030455502030315433,0.0,0.004891245818439593,0.02024911686620159,0.028363999162297725,-0.16966036859551809,-0.2466358366194676,-0.16031266666237745
HISP,-0.032860312702402174,0.03172524590699677,0.004891245818439593,-1.0658141036401503e-14,-0.14083330927303986,-0.03297247527504413,0.0552671707002349,0.08681768896517232,0.0845946682715489
RAC1P,-0.019190751876234726,0.01252187784776811,0.02024911686620159,-0.14083330927303986,0.0,-0.020604281887813967,-0.00046647162777556893,0.08263666767406606,0.08503431665543892
OWN_RENT,0.004706009836314234,-0.041873404906066385,0.028363999162297725,-0.03297247527504413,-0.020604281887813967,-1.0547118733938987e-14,-0.04836096308380752,0.025302567996328323,0.041235288589412056
INDP_CAT,0.004116730968914073,-0.013865797945374344,-0.16966036859551809,0.0552671707002349,-0.00046647162777556893,-0.04836096308380752,0.0,-0.39290941835248916,-0.37615499213612985
EDU,-0.04395211971666939,-0.03647598579574696,-0.2466358366194676,0.08681768896517232,0.08263666767406606,0.025302567996328323,-0.39290941835248916,-5.662137425588298e-15,-0.5161854221541181
PINCP_DECILE,-0.03979314246369379,0.06751071869573111,-0.16031266666237745,0.0845946682715489,0.08503431665543892,0.041235288589412056,-0.37615499213612985,-0.5161854221541181,0.0
