,AGEP,DEYE,DVET,EDU,HOUSING_TYPE,MSP,OWN_RENT,PINCP_DECILE,RAC1P,SEX
0,-0.5028447292406174,0.043012204491294836,-0.0717590824236427,-0.5679702824416619,0.1515700234131384,-0.14873136663161923,-0.08761200318303129,-0.5866974558755631,0.1357380801582601,0.046351216136845085
1,0.08304591705250142,-0.1023026873418047,-0.019075772037855026,0.11162185388090805,0.6716988815264697,0.3945644912925198,-0.5978167220009144,-0.022949751126823306,-0.028007983581811197,0.0652511756449422
2,-0.13513795045844657,0.26064593837084793,0.49819505834569033,-0.006038019141987816,0.09158676751919204,-0.06551219753835,-0.11924577457641983,0.13773881465729357,0.25369209881644267,-0.7452083295905312
3,0.22223680784031846,-0.6550436193785985,0.4440294910217363,-0.21438907305983684,-0.027478646941792036,-0.2593302376221234,-0.10001161192988715,-0.11685032394868944,-0.42037880580731557,-0.10010936582179616
4,0.01864476847813797,-0.463552516901899,0.2676442887071694,0.06380068629860672,-0.0032172989541421546,0.2522850174589739,0.23686945384444255,-0.05798365639618536,0.7405275973679875,0.193801438974268
