,feature,divergence
1,AGEP,0.6394648658428184
0,PUMA,0.11867775956536497
10,PINCP_DECILE,0.09325561142363004
9,EDU,0.0809481264026718
3,MSP,0.05886443422538577
2,SEX,0.023390194229543138
5,RAC1P,0.01859231924998528
6,NOC,0.014269885725862743
4,HISP,0.004560426984200398
8,OWN_RENT,0.004030997431345801
11,DVET,0.0018658926061196762
7,HOUSING_TYPE,0.0009275756057018844
