,AGEP,HISP,MSP,NOC,NPF,OWN_RENT,PINCP_DECILE,POVPIP,PUMA,RAC1P,SEX
0,-0.37712970483181496,0.10413523716016959,-0.33147797089484277,0.5079493510979786,0.47857910572319246,0.19554130976462442,-0.3508381593954961,-0.25103327879987997,0.08098020901853535,0.13530945076501025,0.028158879848405885
1,0.052178973524246094,0.2480768158274544,0.38321958823988345,-0.12304575686133992,-0.2486302288219402,0.5784354225419214,-0.0613956442185921,-0.5542800656460353,-0.05828465728733315,0.22155712006781364,0.11769763512410218
2,-0.4393634691608925,0.3184041448230962,0.2641064334945764,-0.16668641207366974,-0.15586776602492744,-0.3064122138005837,-0.39987663378438487,0.2983191300704254,-0.19432893443512259,0.4450536162784232,-0.0716008893623895
3,0.17623700639528692,0.6169614406085242,-0.10171802336394145,-0.018077411561728707,0.08682112931289065,-0.024411995427564656,0.30000688005160675,0.10596731672847418,0.6035702499803768,0.22463869077170948,-0.23129873958019587
4,0.046704946659421404,0.12648154272852236,-0.00044495873170267985,-0.09334062214149262,-0.049240919725058716,-0.19457502251122044,-0.23857217577581685,0.007353049551735514,0.35551282724199207,-0.1573776716047428,0.8512910417539141
