,PUMA,SEX,MSP,HISP,RAC1P,OWN_RENT,INDP_CAT,EDU,PINCP_DECILE
PUMA,0.0,0.023248465633351863,-0.026035192106108662,-0.16132093170186815,-0.006751467943775763,-0.05792338347593958,-0.013311869222385087,0.052832657265813494,0.012265058766772963
SEX,0.023248465633351863,-1.1102230246251565e-16,0.012478512480170463,-0.021240837334068542,-0.0265834537248868,-0.02878851565368261,-0.03652417059341229,-0.04651168689241869,0.010137056860217888
MSP,-0.026035192106108662,0.012478512480170463,0.0,0.038266290992237,0.10172491227655701,0.06526045988337698,-0.2205985799706484,-0.24749313914173526,-0.25715844717600733
HISP,-0.16132093170186815,-0.021240837334068542,0.03826629099223701,2.220446049250313e-16,0.004679649831214702,-0.09212007672308417,0.022703463450757078,0.11363238661371995,0.07007940455838951
RAC1P,-0.006751467943775749,-0.0265834537248868,0.10172491227655701,0.004679649831214702,0.0,-0.06258959722049831,0.07258607398477873,0.09830046664720854,0.0576859727713729
OWN_RENT,-0.05792338347593958,-0.02878851565368261,0.06526045988337698,-0.09212007672308418,-0.06258959722049832,1.1102230246251565e-16,-0.051823243739441485,0.027996239686759697,-0.019310651926031763
INDP_CAT,-0.013311869222385087,-0.03652417059341229,-0.2205985799706484,0.022703463450757078,0.07258607398477873,-0.051823243739441485,0.0,-0.3918415494552052,-0.3894193691086182
EDU,0.052832657265813494,-0.04651168689241869,-0.24749313914173526,0.11363238661371995,0.09830046664720854,0.027996239686759697,-0.3918415494552052,-2.220446049250313e-16,-0.4470545846838867
PINCP_DECILE,0.012265058766772963,0.010137056860217881,-0.25715844717600733,0.07007940455838951,0.0576859727713729,-0.01931065192603176,-0.3894193691086182,-0.4470545846838867,0.0
