,EDU,HISP,INDP_CAT,MSP,OWN_RENT,PINCP_DECILE,PUMA,RAC1P,SEX
0,-0.5661256654249887,0.1550997920394942,-0.48974627551270195,-0.304355211133455,0.04948152447213349,-0.5534536170037254,-0.043899327019964254,0.10682166712636405,0.02940968572956669
1,-0.0034601267865835023,0.6176667604119573,0.20689453940539115,0.26008369416549126,0.3389320071304758,-0.02047151563609384,0.21019913550127572,0.5896488174217638,0.029385869665180052
2,-0.018556109310645143,0.1261263467048595,-0.10267619157272173,-0.21350482906193705,-0.2902481486688449,0.22623656138595993,0.04080408225365462,0.20127577296702742,-0.86603534783519
3,-0.05000731534029948,0.05132823467926505,0.08272803769322853,0.1870751135571912,0.03145250360189062,-0.003924210086918345,-0.9599163500806989,0.16169289819496946,-0.06659581456506414
4,0.08749415590913705,0.10041662662184075,0.0039022339364832084,-0.007443873101249724,-0.8449588410538761,-0.04769712797520459,0.007298891278677003,0.36028090851332506,0.3689235275201582
