,EDU,HISP,INDP_CAT,MSP,OWN_RENT,PINCP_DECILE,PUMA,RAC1P,SEX
0,-0.5711275826037827,0.09765649436928014,-0.5004442530985017,-0.2982862216892418,0.004362825624502596,-0.5535746002048514,0.0571636139453571,0.12286875986066799,0.0053934997282111576
1,-0.025747737539155772,0.5862344447408898,0.2035536556854688,0.20483595690526318,0.4980045256423229,-0.03326728927976952,0.03571805441057897,0.5505229960803355,0.13714153676526591
2,-0.027387643779077323,0.2879531448740148,0.10222790078216873,-0.23418829899428434,-0.02830656363992212,0.1475363813454955,0.8607935323039899,-0.23521682401784283,-0.17938086664464442
3,-0.011289996827380959,0.12662160088743207,-0.09007063761035358,0.08884907473649409,-0.15136372707000148,0.09636782792189723,-0.15395168477611845,0.24738566200910372,-0.9223524842354359
4,0.04110511941977717,0.34044241752763926,-0.014689687027022003,0.3471448576965276,-0.8096861230088316,-0.11316330943767298,0.07429342428193234,0.1773301091845782,0.23732036883592458
