,feature,divergence
7,EDU,5.563077377528334
8,PINCP_DECILE,3.63207695973695
6,INDP_CAT,1.6456567553036756
0,PUMA,1.1516909265408002
1,SEX,0.7490329554832387
2,MSP,0.587874139010645
4,RAC1P,0.39759953736840997
5,OWN_RENT,0.21377930012907356
3,HISP,0.06757240584485377
