,AGEP,DVET,EDU,HOUSING_TYPE,MSP,OWN_RENT,PINCP_DECILE,RAC1P,SEX
0,-0.4982749905567927,-0.09016851692861372,-0.5734945916533557,0.029031609627236457,-0.2325087822436555,0.06773793923583248,-0.5735114526811426,0.1615487602266366,0.013807273727307015
1,-0.037311932942552965,-0.021353625248359355,-0.008350774585728547,0.7107184529249717,0.23450529088267338,-0.6404833628352125,-0.11833349837453858,-0.09220454226446842,-0.07242391602342602
2,0.05620074464745957,0.602198378936131,-0.13326675738640253,-0.07645100128935879,-0.43845636611648137,-0.17338870786418525,0.05091525687636478,-0.2801125596314727,-0.5542840120699601
3,-0.19502712780741885,0.24378034878664598,0.051752212478796966,0.08706081099111071,0.5066767263980075,0.25837074387671294,0.0473231947462559,0.5366171296313939,-0.5278290534994581
4,0.17519382532366873,0.6229138781932904,0.004040228999036721,0.0629547434127607,-0.10892822499820759,-0.12078577963024609,-0.07099744591671353,0.48528413475785664,0.557054673454589
