,AGEP,HISP,MSP,NOC,NPF,OWN_RENT,PINCP_DECILE,POVPIP,PUMA,RAC1P,SEX
0,-0.4184082940980473,0.07317519200018352,-0.3607321473356721,0.5406571467877552,0.5055806361880881,0.12104875481954519,-0.3123478388545564,-0.11426033918891071,0.022956190466681844,0.12398031953303613,-0.019046616995424308
1,-0.2557920099086159,0.00166667302136847,0.009929854513860446,-0.0496864050532016,0.03200620299598282,-0.6646642095559373,-0.17883989153404783,0.667092285126656,-0.0784625451482623,0.07740749141303543,-0.007301103883568555
2,-0.2914974127446689,0.41824814681787137,0.395715579113863,-0.12821803866304682,-0.27797972033003704,0.13050625514202802,-0.4099292103727335,-0.16876846288925743,-0.2718621601724568,0.38408141027121123,0.2341156510706382
3,0.053439752094198455,0.38577777124736734,-0.06015818723000509,0.02700858604666284,0.06677477280481746,0.09026285570298241,0.4103912842664159,0.13367331415554828,-0.26554517621050333,0.40749501736911103,-0.63914707899294
4,-0.1742482098345339,0.2653050398509304,0.2374361690561027,-0.07779795887900845,-0.03766831774394219,-0.05257212104997604,-0.1069992778071233,-0.05701350704868096,0.83542383873568,-0.03927021245116401,-0.3441875723976276
