,feature,divergence
9,PINCP_DECILE,0.06277862208713292
0,PUMA,0.05187094814424009
7,NPF,0.029288804235537137
10,POVPIP,0.018834851068368783
3,MSP,0.018626362481929774
6,NOC,0.006390599606534915
5,RAC1P,0.004858011602414279
8,OWN_RENT,0.004235315656801089
4,HISP,0.002948986079782251
1,AGEP,0.0
2,SEX,0.0
