,AGEP,DEYE,DVET,EDU,HOUSING_TYPE,MSP,OWN_RENT,PINCP_DECILE,RAC1P,SEX
0,-0.5003671965995965,0.03900010057801129,-0.09147255741886554,-0.5717285720585461,0.028571268082507123,-0.23289866092055617,0.06753307375165238,-0.5718403334470059,0.16142351159960303,0.013897306588228187
1,-0.03675130220352607,-0.009456974854131113,-0.020757550366643018,-0.009303160616241668,0.7107583250013615,0.23447166211410705,-0.6402728025062312,-0.11921538103751947,-0.09207325951810821,-0.07245047965053766
2,0.09901175711451468,-0.27791274265990346,0.6235894739239644,-0.16046422730358254,-0.06821032417491373,-0.39253564712295386,-0.14847233213294075,0.01223492147309585,-0.246094733115269,-0.506808989878474
3,-0.11347758108069761,-0.34360233153170094,0.22875269641390472,0.017965216400228967,0.09691595087680155,0.5511477770143631,0.27656242994914204,-0.01808283657740478,0.5527299875731514,-0.34774840301316984
4,0.2373799763626715,-0.795538119242746,-0.04165471474756935,-0.0969068527282737,0.0031132641869925787,-0.01753955305038439,-0.018473106588047516,-0.16340211137630606,-0.08018248525369749,0.5156119949550811
