,PUMA,SEX,MSP,HISP,RAC1P,OWN_RENT,INDP_CAT,EDU,PINCP_DECILE
PUMA,0.0,0.014084338993516623,-0.014482980195058726,0.01774000955022423,0.0058178110021895185,-0.005870887094598511,-0.000845542179718009,0.009285436546603576,0.0031894507082627643
SEX,0.014084338993516623,1.1102230246251565e-16,0.011573073646371848,0.009899516738237472,-0.008412333101240083,-0.012928637774093208,0.06423868274213457,-0.01557982975051317,-0.0026120241474607286
MSP,-0.014482980195058726,0.011573073646371841,-2.220446049250313e-16,-0.0027002296885666414,-0.015922709278051124,0.013393436870462058,-0.09625188569422302,-0.07390622146876753,-0.29464070306456414
HISP,0.017740009550224235,0.009899516738237475,-0.0027002296885666414,-1.1102230246251565e-16,0.033551796114263455,0.013865219569536832,-0.015030185263281762,0.01699958612116085,0.007186490749050672
RAC1P,0.005817811002189512,-0.008412333101240083,-0.015922709278051124,0.033551796114263455,0.0,0.0004801337309329849,0.011583521110180777,0.013616146819909903,0.03361824747100502
OWN_RENT,-0.005870887094598511,-0.01292863777409321,0.01339343687046206,0.01386521956953684,0.0004801337309329849,0.0,-0.012808040776360686,0.005802600546537395,0.024390025800459403
INDP_CAT,-0.000845542179718009,0.06423868274213457,-0.096251885694223,-0.015030185263281762,0.011583521110180777,-0.012808040776360687,0.0,-0.20343844899217883,-0.15836147337567147
EDU,0.009285436546603576,-0.01557982975051317,-0.07390622146876752,0.016999586121160835,0.0136161468199099,0.005802600546537397,-0.20343844899217878,0.0,-0.24435781672365736
PINCP_DECILE,0.003189450708262766,-0.0026120241474607286,-0.29464070306456414,0.007186490749050672,0.03361824747100502,0.02439002580045941,-0.15836147337567147,-0.24435781672365736,2.220446049250313e-16
