,AGEP,DEAR,DENSITY,DEYE,DPHY,DREM,DVET,EDU,HISP,HOUSING_TYPE,INDP_CAT,MSP,OWN_RENT,PINCP_DECILE,POVPIP,PUMA,PWGTP,RAC1P,SEX,WGTP
0,-0.3052554643882056,0.0014778965546518846,-0.012768684083080663,-0.012007379627033308,-0.4205022252746421,-0.42847983530043016,-0.019485375870231428,-0.4561820174526296,0.05303981359622972,-0.01546769669889285,-0.324560054103592,-0.20649163289464434,0.0416992733774265,-0.4001302107966402,-0.07077246327917953,0.022672782925446694,0.0873912946781517,0.06175747514312872,0.0069709041926644105,0.08783378210071716
1,0.04334036637156383,0.015368991692989779,0.02247505041069004,0.026290802742816383,0.055093004539138915,0.0645063357682951,0.013404914243843939,0.05590988621946632,0.06797915201106457,-0.438948591204691,0.05700034821585658,-0.08391545731999624,0.44235007231814155,0.11590307620493365,-0.3637177142228028,0.0720449828652543,0.435567871103444,0.008927923999176187,-0.015353846039068931,0.4919108668512973
2,0.3926600844814174,-0.35631484127873875,-0.1521527330463136,-0.2279107230940172,-0.17582469239945372,-0.12684740285519894,0.15662781469751225,0.03384157915724438,-0.29344225759215276,-0.28049473551924975,-0.19687209838818948,-0.2397177295580829,0.1163911123078287,0.136051290775991,-0.18302624676646395,0.1651811697191728,-0.30070494508611484,-0.26803745721342687,-0.04331820862991953,-0.23041002744606187
3,0.20629991145809018,-0.4754680930741464,0.06675321336413403,-0.46438375461601916,-0.039674769568762355,-0.02092189955157714,0.21576801742979143,-0.00710315622773984,0.17973092575224342,0.30040514395695567,-0.09214976786217882,0.18458201252746764,-0.20748462461067624,-0.005508227715357028,0.17229442894977573,0.0014137503514966786,0.3675465716504115,-0.02333070779122802,-0.04928943642172998,0.2944548922098004
4,0.07515719812663105,-0.18559073056503522,0.4781440658830432,-0.16462452911703004,0.07697408353631738,0.0949573688994809,-0.024860801973503998,-0.01607724240837805,0.1569042970298987,-0.02322216347790925,-0.13901348249608647,0.12942742899259854,0.28100881455775956,-0.15940802094120704,-0.2890022835005662,-0.5102758083383626,-0.21949840771995263,0.2693016955060205,0.1391583628464178,-0.19693403399919152
