,AGEP,HISP,MSP,NOC,NPF,OWN_RENT,PINCP_DECILE,POVPIP,PUMA,RAC1P,SEX
0,-0.4620673165575867,0.17229438035653855,-0.23524154992406765,0.4852564301774991,0.4497517383679849,0.1525676139153608,-0.40389750820632786,-0.2552143140962603,-0.013253438783225248,0.10945176274988137,0.004434341342924322
1,0.040222638311391015,0.17952821707467215,0.41344433077752035,-0.13969336011938316,-0.2838100726392043,0.5779938689345122,-0.08425944050001967,-0.5547096160240315,0.009575165190558092,0.14606512945054512,0.15762969903432952
2,-0.10705523648905027,0.559732176442959,0.14670291473082514,-0.08323796522868965,-0.06712917640353538,-0.212449118246542,0.03465886196805629,0.233809315796352,0.3108301723292662,0.6413793303764188,-0.1824744761603555
3,-0.04743752371493442,0.0019671738776331224,0.026973041675100524,-0.13594230202908533,-0.11168192354357377,-0.3102532295671188,-0.39804866617398144,0.10449213536054652,-0.02898606325218272,0.08625873147996807,0.8319651020294369
4,0.03849997016229424,0.10322755847068417,0.07154933010310865,-0.056336227181840115,0.014544651477988144,-0.15383582298266923,-0.021778709689945934,-0.04212116724928805,-0.9284815800060392,0.2725368180436027,-0.13072441429580656
