,EDU,HISP,INDP_CAT,MSP,OWN_RENT,PINCP_DECILE,PUMA,RAC1P,SEX
0,-0.5757868439330532,0.06559621868644616,-0.5141938332553494,-0.2728696795873834,-0.022671741617568776,-0.5612568911504162,0.020403976696721927,0.0896066059656522,0.036667620896030165
1,0.01703030164170154,0.6184436714821481,0.11852298117427656,0.181508263690639,0.20248105242787529,-0.06517823296749053,-0.4003205814922256,0.601496926572959,0.05424525681744889
2,-0.01822884223650733,-0.06572759874428553,0.10657145973912929,0.46282526466701945,-0.5015049458213781,-0.2702253107525676,-0.1348887615446886,-0.1010275984342505,0.6456410825976944
3,-0.04154568258569153,0.11622791106426099,-0.03607345999869271,0.18129651282594084,-0.7187839530939912,0.010864233334594256,0.008139862360934284,0.14065669961475225,-0.6434099327581605
4,-0.06316752979119372,0.4309566929144746,0.1317143698706344,0.15381880983239038,0.028788364074239677,-0.0364162472397731,0.8685452527883887,0.0412546704606918,0.10511695190815339
