,AGEP,DEAR,DENSITY,DEYE,DPHY,DREM,DVET,EDU,HISP,HOUSING_TYPE,INDP_CAT,MSP,NOC,NPF,OWN_RENT,PINCP,PINCP_DECILE,POVPIP,PUMA,RAC1P,SEX
0,-0.3393420386893836,0.06287723540035156,-0.04070250487958119,0.027422135533241267,-0.27848994552260825,-0.2967814028856592,-0.040796645483952405,-0.3712637701136475,0.08819062813750281,-0.060827754580609295,-0.24120348600415553,-0.22697182174147704,0.2880609763831421,0.25246586652945036,0.07046216280304074,0.39935343788696026,-0.34342863294103076,-0.1388536577691526,-0.017929889426640686,0.05824897762010927,-0.008403404060238385
1,0.1478759996728025,-0.24488733109123867,-0.009808252797867838,-0.18001376463747595,-0.3515304877017182,-0.3353326675540467,0.025791285823395405,-0.11982958621293559,-0.10948994740349108,0.42868844435400716,-0.20433414593093172,-0.03688194650266624,-0.3106951057240982,-0.31305510003180714,-0.3378831036163081,0.060609056313457275,-0.049854450390861435,0.2790620427994436,-0.010494478083565727,-0.05363291693008976,-0.004479393626252051
2,-0.056040953415143084,0.0697237519788496,0.6889467146533985,0.022783860543109755,-0.07454017080698037,-0.07778795921083298,-0.03079849895510934,0.04258311832031252,0.08866208543900432,-0.004288845749414169,0.03387894941940292,0.008841776322411966,-0.011420132214830878,-0.05852845135540197,0.0554356544008237,0.028211105547360647,0.01676455068399007,0.06515261498046511,0.6835686827496297,0.11820901234246248,0.01290471659966541
3,0.17320809519101588,-0.2851648250278258,0.016854747452188613,-0.28709211036481047,-0.22646116202463626,-0.17885686934575834,0.09093648377601635,-0.05164241220157676,0.004153666026013707,-0.2629121047663163,-0.060508068013762475,0.16620090123105735,-0.15503303160169468,-0.2519798753014923,0.516442199737422,-0.10697934997929506,-0.025307178890761083,-0.48887453319626295,-0.015428623225483317,-0.020656960183145258,0.07314001325886327
4,-0.15849238610967178,0.12924078402772943,-0.0338257136364263,-0.03725954015830533,0.16268668496772193,0.14522701843668356,-0.34048747835784504,-0.14145059938894103,0.3155007117324783,0.3427104757410958,-0.025613965013248044,0.4390762293575144,-0.10199730561485948,-0.16914752177318756,-0.027517329647395936,-0.08010581818793652,-0.3324198330788969,-0.1589154129572195,-0.051340791669041104,0.3016473457393915,0.29349442932889414
