,AGEP,DEAR,DENSITY,DEYE,DPHY,DREM,DVET,EDU,HISP,HOUSING_TYPE,INDP_CAT,MSP,NOC,NPF,OWN_RENT,PINCP,PINCP_DECILE,POVPIP,PUMA,RAC1P,SEX
0,-0.33934193881113117,0.06287710507926894,-0.0407031348112204,0.027422179859456563,-0.27848992132495015,-0.2967813655711066,-0.040796668246958254,-0.3712636607076255,0.08819067811136831,-0.06082727189550395,-0.24120318902700144,-0.2269721006971278,0.2880612143731981,0.25246575539513244,0.07046257768535477,0.39935342931778356,-0.3434288081668202,-0.13885360267780106,-0.01792927476370377,0.05824893716843135,-0.008403468799279931
1,0.1479279390428001,-0.2448642587752344,-0.009799156763143121,-0.18001264688139698,-0.3515333957757948,-0.3353317633372827,0.02579424683077353,-0.11987355524825191,-0.10949675880885196,0.4287235834534467,-0.204340709623076,-0.036894733442051096,-0.3107372255148467,-0.312975306290731,-0.3378325198945584,0.06056466745031753,-0.04987332037099957,0.2790818590104541,-0.010497622636083153,-0.05362735787871229,-0.004486743467905572
2,-0.056104885847408484,0.06976008227618534,0.6890967297725195,0.022774007411348333,-0.07455837354416271,-0.07781395338576026,-0.030801297265069687,0.04264113866288941,0.08863793655544498,-0.004456618457738249,0.03377804918666805,0.008918707764320766,-0.011538680304293397,-0.05848998006131653,0.055303048633193505,0.028224459905325728,0.016773217183511404,0.06512367615105162,0.6834174421338574,0.11822394863164153,0.012915788503738543
3,0.17352189730802556,-0.2851309051435015,0.01599464479482173,-0.28710050680603627,-0.22640784585049123,-0.17878380522143866,0.09092871475676237,-0.051991713742075035,0.004169840165572874,-0.2621342973365095,-0.06040108582418625,0.16589058309523388,-0.15514556664759657,-0.25149043442482466,0.5171555509349189,-0.10729779337766884,-0.02526872946152184,-0.48879183631373785,-0.014535283847483293,-0.020599432078975896,0.07308254473749928
4,-0.15854750586695385,0.12941382673710058,-0.03317951962389923,-0.037160072199417415,0.1625899660147805,0.1451361651512591,-0.3405406372822262,-0.14128043173598445,0.31540966722674835,0.34220268077304516,-0.025935311496314055,0.43939212214054935,-0.10191041516786475,-0.169314850943461,-0.02793508540243112,-0.0800517678666724,-0.3323909938169704,-0.15886551038218674,-0.05201795763717135,0.30169724153571953,0.2935811232137037
