,feature,divergence
0,AGEP,0.42008302108588647
7,PINCP_DECILE,0.16550214142731745
6,EDU,0.09633951747516412
2,MSP,0.024995514699839613
5,OWN_RENT,0.015484043410397982
1,SEX,0.015146594335637587
3,RAC1P,0.010990803055612248
4,HOUSING_TYPE,0.004496932974549114
8,DVET,0.0022354362178981717
9,DEYE,0.0007338971031450557
