,AGEP,HISP,MSP,NOC,NPF,OWN_RENT,PINCP_DECILE,POVPIP,PUMA,RAC1P,SEX
0,-0.37712970483181485,0.10413523716016848,-0.3314779708948434,0.5079493510979782,0.478579105723192,0.19554130976462403,-0.35083815939549534,-0.25103327879987997,0.08098020901853523,0.1353094507650093,0.02815887984840544
1,0.0521789735242446,0.24807681582745464,0.3832195882398841,-0.12304575686134,-0.24863022882193997,0.5784354225419199,-0.061395644218593934,-0.5542800656460349,-0.05828465728733247,0.2215571200678142,0.11769763512410136
2,-0.4393634691608937,0.31840414482309987,0.26410643349457646,-0.16668641207366985,-0.15586776602492733,-0.3064122138005862,-0.3998766337843867,0.29831913007042626,-0.19432893443511381,0.4450536162784193,-0.07160088936239066
3,0.17623700639528567,0.6169614406085226,-0.10171802336393987,-0.018077411561728873,0.08682112931288957,-0.0244119954275646,0.3000068800516036,0.10596731672847118,0.6035702499803869,0.22463869077169754,-0.23129873958019223
4,0.04670494665941671,0.12648154272851353,-0.00044495873169862754,-0.09334062214149243,-0.04924091972506092,-0.19457502251121933,-0.23857217577582274,0.007353049551731167,0.3555128272419953,-0.15737767160475435,0.851291041753911
