,feature,divergence
8,PINCP_DECILE,0.8964246240843079
2,MSP,0.8684819382046461
6,INDP_CAT,0.4452139881425794
7,EDU,0.4200137138997251
5,OWN_RENT,0.07245521071107874
4,RAC1P,0.06724327846471292
0,PUMA,0.04945118835582363
3,HISP,0.016590968256813395
1,SEX,0.01569085338910725
