,AGEP,DEYE,DVET,EDU,HOUSING_TYPE,MSP,OWN_RENT,PINCP_DECILE,RAC1P,SEX
0,-0.5251615970832846,0.06525346816091648,-0.11259059023351739,-0.5549528123126451,-0.058939223917406754,-0.2415715788747657,0.1259937301748021,-0.5520087567508634,0.1265859506320119,0.029244942000674158
1,0.0281176584171628,-0.18658641777119228,-0.11718581844773188,-0.09819642367100953,0.7053995999603055,0.11063300778624588,-0.6234402039734314,-0.18005310148012751,0.030951825962071695,0.09558646071481272
2,-0.08134938043213251,0.1678038326488791,0.5529867249917658,-0.09293384395818108,0.07833761585472586,-0.254785989487838,-0.2359754365225525,0.1091570441801612,0.08570655941929578,-0.7104893883239498
3,-0.15479221705588986,0.3132249273013692,-0.11734411123309614,0.0925354687441931,0.09949165121325133,0.5617909540969827,0.1194328134125939,0.038713914057828896,0.7010062049706042,-0.1513827361498999
4,-0.005050879427425275,-0.8560167110688454,0.2659565134223624,-0.08439859638472968,0.016422403453305874,0.22538144922975867,0.2840210781056738,-0.06826570574970159,0.17794701922761735,-0.14592489455366145
