,AGEP,DEYE,DVET,EDU,HOUSING_TYPE,MSP,OWN_RENT,PINCP_DECILE,RAC1P,SEX
0,-0.5003671965995967,0.039000100578010954,-0.0914725574188659,-0.5717285720585454,0.02857126808250518,-0.2328986609205567,0.06753307375165407,-0.5718403334470054,0.16142351159960294,0.013897306588227722
1,-0.036751302203527195,-0.00945697485413103,-0.020757550366641436,-0.009303160616243382,0.7107583250013612,0.23447166211410608,-0.6402728025062312,-0.11921538103752055,-0.09207325951810742,-0.07245047965053929
2,0.09901175711451846,-0.27791274265990856,0.6235894739239636,-0.1604642273035836,-0.06821032417491543,-0.3925356471229578,-0.14847233213294167,0.012234921473094684,-0.2460947331152722,-0.5068089898784655
3,-0.11347758108072427,-0.3436023315316097,0.2287526964139175,0.017965216400238626,0.09691595087680047,0.5511477770143653,0.2765624299491451,-0.018082836577387212,0.5527299875731567,-0.34774840301322874
4,0.23737997636265745,-0.7955381192427827,-0.04165471474755027,-0.0969068527282701,0.003113264187004944,-0.017539553050318624,-0.018473106588015514,-0.1634021113763079,-0.08018248525363002,0.5156119949550454
