,feature,divergence
7,EDU,0.5158143704579701
8,PINCP_DECILE,0.4765244131103278
2,MSP,0.30430569598921453
6,INDP_CAT,0.2820263710067914
5,OWN_RENT,0.1608333947239765
4,RAC1P,0.08720969982048221
3,HISP,0.0666398990378838
0,PUMA,0.06340134698589062
1,SEX,0.058847275173805835
