,EDU,HISP,INDP_CAT,MSP,OWN_RENT,PINCP_DECILE,PUMA,RAC1P,SEX
0,-0.5711275826037824,0.09765649436928092,-0.5004442530985014,-0.29828622168924224,0.004362825624503387,-0.5535746002048508,0.057163613945356725,0.12286875986066904,0.005393499728213427
1,-0.02574773753914843,0.5862344447408907,0.20355365568546957,0.20483595690526257,0.49800452564232084,-0.033267289279774515,0.03571805441057947,0.5505229960803342,0.13714153676526636
2,-0.02738764377907916,0.2879531448740093,0.10222790078216967,-0.2341882989942789,-0.028306563639920866,0.14753638134549224,0.8607935323039958,-0.2352168240178442,-0.17938086664463745
3,-0.01128999682738177,0.12662160088743507,-0.09007063761035294,0.08884907473649006,-0.15136372707000195,0.09636782792189778,-0.15395168477611124,0.24738566200910408,-0.9223524842354378
4,0.041105119419780095,0.34044241752763754,-0.014689687027021892,0.3471448576965174,-0.8096861230088357,-0.11316330943766964,0.07429342428192992,0.17733010918458353,0.2373203688359263
