,PUMA,SEX,MSP,HISP,RAC1P,OWN_RENT,INDP_CAT,EDU,PINCP_DECILE
PUMA,2.55351295663786e-15,-0.0024872840280522075,-0.005385751162191622,-0.014708684389164194,-0.004199031133558632,-0.0054451586096057325,-0.0008813046677451537,-0.0044403953604944466,0.0005418382369575016
SEX,-0.0024872840280522075,0.0,-0.0020184014683827835,0.007938338934530723,0.0015281812476602482,0.0008278905749255997,-0.010813825679852944,-0.0067078415825330626,0.013350720295529611
MSP,-0.005385751162191622,-0.0020184014683827835,-4.440892098500626e-16,0.01192456569966727,-0.0009025860570878925,-0.002345249053969444,-0.0554245139473247,-0.0748567139060316,-0.04271729656272738
HISP,-0.014708684389164194,0.007938338934530723,0.01192456569966727,-1.1213252548714081e-14,-0.0665456042940595,-0.026075100474001356,-0.003207301670049831,0.03209429173916774,0.021023137476855164
RAC1P,-0.004199031133558632,0.0015281812476602482,-0.0009025860570878925,-0.0665456042940595,0.0,0.007848443829429556,0.004182841824812111,0.010579120599072511,0.029512404813933135
OWN_RENT,-0.0054451586096057325,0.0008278905749255997,-0.002345249053969444,-0.026075100474001356,0.007848443829429556,0.0,-0.01666074187870172,0.030305620093992056,0.01946871262487275
INDP_CAT,-0.0008813046677451537,-0.010813825679852944,-0.0554245139473247,-0.003207301670049831,0.004182841824812111,-0.01666074187870172,0.0,-0.10837736400996667,-0.09882185495009327
EDU,-0.0044403953604944466,-0.0067078415825330626,-0.0748567139060316,0.03209429173916774,0.010579120599072511,0.030305620093992056,-0.10837736400996667,4.107825191113079e-15,-0.14902507786546337
PINCP_DECILE,0.0005418382369575016,0.013350720295529611,-0.04271729656272738,0.021023137476855164,0.029512404813933135,0.01946871262487275,-0.09882185495009327,-0.14902507786546337,-2.1094237467877974e-15
