,PUMA,SEX,MSP,HISP,RAC1P,OWN_RENT,INDP_CAT,EDU,PINCP_DECILE
PUMA,0.0,0.00033695682220404987,0.019439162337032717,-0.09614987760690813,-0.0961333071209714,-0.014631245187947367,0.029990425384993732,0.086138599354184,0.04125093002756655
SEX,0.00033695682220404987,0.0,-0.0048102148053788905,-0.027388374675438185,0.004260227124031783,0.0021980722755537835,0.005830776414408805,0.0017640448981114595,-0.009815905811928621
MSP,0.019439162337032717,-0.0048102148053788905,0.0,0.009119907259990179,0.023660313048507402,0.029422594578903262,-0.07171561035043222,-0.07403514207179634,-0.0264285779940214
HISP,-0.09614987760690813,-0.027388374675438185,0.009119907259990179,-1.9984014443252818e-15,-0.10304680807227001,-0.01919995918446074,0.02002597028376396,0.049791652125763364,0.021800316667276998
RAC1P,-0.0961333071209714,0.004260227124031783,0.023660313048507402,-0.10304680807227001,-2.886579864025407e-15,-0.027279245975999178,0.04346720859220821,0.06865087274460188,0.04950138561634987
OWN_RENT,-0.014631245187947367,0.0021980722755537835,0.029422594578903262,-0.01919995918446074,-0.027279245975999178,-2.9976021664879227e-15,0.027953879182060496,0.021703417829605984,0.014378081333648624
INDP_CAT,0.029990425384993732,0.005830776414408805,-0.07171561035043222,0.02002597028376396,0.04346720859220821,0.027953879182060496,-5.995204332975845e-15,-0.07567353953125194,-0.08838628007200072
EDU,0.086138599354184,0.0017640448981114595,-0.07403514207179634,0.049791652125763364,0.06865087274460188,0.021703417829605984,-0.07567353953125194,0.0,-0.11295680353235937
PINCP_DECILE,0.04125093002756655,-0.009815905811928621,-0.0264285779940214,0.021800316667276998,0.04950138561634987,0.014378081333648624,-0.08838628007200072,-0.11295680353235937,2.7755575615628914e-15
