,feature,divergence
8,PINCP_DECILE,4.80728629645996
7,EDU,3.434318254370646
2,MSP,1.9326614564295372
6,INDP_CAT,1.5343210261723395
5,OWN_RENT,0.2301550351258116
1,SEX,0.15402213433783474
4,RAC1P,0.10474594956820614
0,PUMA,0.05370704282085237
3,HISP,0.040450736781277086
