,feature,divergence
0,PUMA,0.11659125188536945
9,PINCP_DECILE,0.07880833588198696
10,POVPIP,0.04080369435047969
7,NPF,0.03494590145301615
3,MSP,0.0114810873688872
6,NOC,0.009311348205625576
5,RAC1P,0.007479632672850811
4,HISP,0.005950240814859001
8,OWN_RENT,0.0018360709491091753
1,AGEP,0.0
2,SEX,0.0
