,AGEP,HISP,MSP,NOC,NPF,OWN_RENT,PINCP_DECILE,POVPIP,PUMA,RAC1P,SEX
0,-0.41840829409804686,0.07317519200018296,-0.36073214733567177,0.540657146787755,0.5055806361880878,0.12104875481954583,-0.31234783885455586,-0.11426033918891129,0.022956190466682104,0.12398031953303576,-0.01904661699542445
1,-0.2557920099086171,0.0016666730213701353,0.009929854513861214,-0.049686405053201155,0.0320062029959831,-0.6646642095559363,-0.17883989153404836,0.6670922851266554,-0.07846254514826288,0.0774074914130366,-0.007301103883568706
2,-0.2914974127446681,0.4182481468178706,0.3957155791138625,-0.1282180386630451,-0.27797972033003737,0.13050625514202874,-0.40992921037273333,-0.1687684628892594,-0.2718621601724549,0.38408141027120957,0.2341156510706404
3,0.05343975209419787,0.3857777712473678,-0.06015818723000453,0.02700858604666262,0.06677477280481703,0.09026285570298415,0.4103912842664156,0.13367331415554767,-0.2655451762105058,0.40749501736911226,-0.6391470789929375
4,-0.17424820983452713,0.26530503985093845,0.23743616905609616,-0.07779795887900895,-0.03766831774394029,-0.05257212104997779,-0.10699927780711886,-0.05701350704867973,0.8354238387356846,-0.039270212451156375,-0.3441875723976191
