,feature,divergence
8,PINCP_DECILE,0.4646313885119853
7,EDU,0.236045581767293
6,INDP_CAT,0.12902529014781777
2,MSP,0.046347194050033826
1,SEX,0.04430730456633447
0,PUMA,0.016813670705592587
4,RAC1P,0.016558749630641106
5,OWN_RENT,0.008437861746056437
3,HISP,0.0024075932708591073
