,feature,divergence
0,AGEP,6.570282045402431
7,PINCP_DECILE,3.007670544267818
6,EDU,1.4182290149593642
2,MSP,0.6248229861070107
5,OWN_RENT,0.22312984597813953
3,RAC1P,0.1272611791779017
1,SEX,0.04282835592765666
4,HOUSING_TYPE,0.0332784463673301
8,DVET,0.010991921599788108
