,feature,divergence
0,AGEP,7.527116582470186
6,EDU,4.728110256374155
7,PINCP_DECILE,1.6408029404534323
2,MSP,0.16317669887559688
3,RAC1P,0.11155635030256605
1,SEX,0.05292898820383163
5,OWN_RENT,0.052549558066561905
4,HOUSING_TYPE,0.033187680653489995
9,DEYE,0.015054404218348687
8,DVET,0.012896751653906191
