,feature,divergence
8,PINCP_DECILE,2.5743949057104394
0,PUMA,1.6972892382759555
7,EDU,1.5946052554461978
6,INDP_CAT,0.5965910421202969
2,MSP,0.534034410136927
1,SEX,0.2247611647479466
4,RAC1P,0.09553502406091059
3,HISP,0.09029267055688606
5,OWN_RENT,0.08021890031996012
