,feature,divergence
7,EDU,3.4336103895349175
6,INDP_CAT,2.6848619130746156
8,PINCP_DECILE,2.373437723019041
0,PUMA,0.7822083953858192
2,MSP,0.3491150889967637
4,RAC1P,0.23134754275278102
5,OWN_RENT,0.06646220746706971
3,HISP,0.0194300628601496
1,SEX,0.010468034216260969
