,feature,divergence
8,PINCP_DECILE,4.0375
7,EDU,0.9810796269727403
2,MSP,0.49469352676183875
6,INDP_CAT,0.4197484426142962
5,OWN_RENT,0.14148371593268577
4,RAC1P,0.12360247070471236
0,PUMA,0.09225013763074918
1,SEX,0.05182128777923789
3,HISP,0.035695896600640986
