,feature,divergence
0,AGEP,2.3248569069961085
6,EDU,0.6135024223425476
7,PINCP_DECILE,0.5496129663431997
2,MSP,0.28758343905111217
3,RAC1P,0.1736113534410101
8,DVET,0.1427238224884845
5,OWN_RENT,0.11255111106939013
9,DEYE,0.09094875304352779
4,HOUSING_TYPE,0.06081003126103533
1,SEX,0.021699781035490195
