,EDU,HISP,INDP_CAT,MSP,OWN_RENT,PINCP_DECILE,PUMA,RAC1P,SEX
0,-0.5661256654249888,0.15509979203949498,-0.48974627551270145,-0.30435521113345493,0.04948152447213351,-0.5534536170037251,-0.04389932701996392,0.1068216671263646,0.029409685729566884
1,-0.003460126786582579,0.6176667604119588,0.20689453940539287,0.26008369416549054,0.33893200713047805,-0.020471515636094006,0.210199135501277,0.5896488174217621,0.029385869665183625
2,-0.018556109310646312,0.12612634670486028,-0.10267619157272183,-0.21350482906193197,-0.29024814866884047,0.22623656138595916,0.04080408225365376,0.2012757729670291,-0.8660353478351933
3,-0.050007315340300645,0.05132823467926754,0.08272803769322894,0.18707511355719292,0.031452503601898385,-0.003924210086918407,-0.9599163500806992,0.16169289819496427,-0.06659581456506541
4,0.08749415590913688,0.10041662662184372,0.0039022339364830003,-0.007443873101247649,-0.8449588410538782,-0.04769712797520351,0.0072988912786693325,0.3602809085133267,0.36892352752015367
