,feature,divergence
10,POVPIP,4.573899396101562
1,AGEP,4.399912587412587
0,PUMA,3.9404448577578135
9,PINCP_DECILE,2.82986755347829
7,NPF,0.964293348987703
3,MSP,0.6702107084881802
5,RAC1P,0.33147578851995707
6,NOC,0.22667598340908143
2,SEX,0.17683503802320732
8,OWN_RENT,0.1369913081563245
4,HISP,0.13132183534775527
