,feature,divergence
0,AGEP,4.060372960372961
6,EDU,1.2839224811780559
7,PINCP_DECILE,0.9879454551038584
3,RAC1P,0.17917135948058838
2,MSP,0.17369609557109555
5,OWN_RENT,0.12947741163375975
1,SEX,0.05972177845503479
4,HOUSING_TYPE,0.021476312168272067
9,DEYE,0.019266643802872522
8,DVET,0.005970856011739086
