,PUMA,SEX,MSP,HISP,RAC1P,OWN_RENT,INDP_CAT,EDU,PINCP_DECILE
PUMA,0.0,-0.00818222300487734,-0.03775728812823165,-0.006475032383352734,-0.013797718143295772,-0.10202904096501515,-0.013074647735721263,-0.05400876262032675,-0.01483212874652315
SEX,-0.00818222300487734,5.995204332975845e-15,0.02200657761387588,0.0033148323275221745,-0.014975226343053849,0.045656998641057676,0.010736107378731978,-0.0725840366350009,0.06604070179429151
MSP,-0.03775728812823165,0.02200657761387588,1.3322676295501878e-15,-0.02400451026549307,-0.03288128769603753,-0.03828441851700223,-0.09163555488185102,-0.007809088108328283,-0.04493995090649554
HISP,-0.006475032383352734,0.0033148323275221745,-0.02400451026549307,0.0,-0.024651840678638598,-0.08476730594760273,0.016344379699944345,0.0729092646753225,0.06079584611809573
RAC1P,-0.013797718143295772,-0.014975226343053849,-0.03288128769603753,-0.024651840678638598,-2.9976021664879227e-15,-0.36147086178246607,0.11028706789997686,0.012934547226034345,0.12184598978481016
OWN_RENT,-0.10202904096501515,0.045656998641057676,-0.03828441851700223,-0.08476730594760273,-0.36147086178246607,1.7763568394002505e-15,-0.1595034572346062,-0.05834058739582154,-0.018257572596808908
INDP_CAT,-0.013074647735721263,0.010736107378731978,-0.09163555488185102,0.016344379699944345,0.11028706789997686,-0.1595034572346062,2.3314683517128287e-15,-0.2506546463784183,-0.2042454378813453
EDU,-0.05400876262032675,-0.0725840366350009,-0.007809088108328283,0.0729092646753225,0.012934547226034345,-0.05834058739582154,-0.2506546463784183,2.220446049250313e-16,-0.03162755663585526
PINCP_DECILE,-0.01483212874652315,0.06604070179429151,-0.04493995090649554,0.06079584611809573,0.12184598978481016,-0.018257572596808908,-0.2042454378813453,-0.03162755663585526,-5.551115123125783e-16
