,AGEP,HISP,MSP,NOC,NPF,OWN_RENT,PINCP_DECILE,POVPIP,PUMA,RAC1P,SEX
0,-0.37712970483181524,0.1041352371601697,-0.33147797089484365,0.5079493510979783,0.4785791057231928,0.19554130976462403,-0.3508381593954958,-0.2510332787998794,0.08098020901853609,0.13530945076500947,0.028158879848405274
1,0.052178973524245144,0.24807681582745422,0.3832195882398829,-0.12304575686133976,-0.24863022882194072,0.5784354225419209,-0.061395644218593934,-0.5542800656460352,-0.05828465728733405,0.22155712006781436,0.11769763512410308
2,-0.43936346916089297,0.31840414482309964,0.26410643349457696,-0.16668641207366997,-0.1558677660249278,-0.3064122138005858,-0.3998766337843861,0.298319130070426,-0.19432893443511232,0.44505361627842144,-0.07160088936239026
3,0.17623700639528866,0.6169614406085224,-0.10171802336394072,-0.01807741156172943,0.08682112931289013,-0.024411995427564462,0.30000688005160553,0.1059673167284715,0.603570249980387,0.2246386907717016,-0.23129873958018396
4,0.04670494665940972,0.12648154272850645,-0.0004449587316930053,-0.09334062214149326,-0.0492409197250654,-0.19457502251121958,-0.23857217577582948,0.00735304955172862,0.35551282724200095,-0.1573776716047647,0.8512910417539055
