,AGEP,DEYE,HISP,MSP,NOC,NPF,OWN_RENT,PINCP_DECILE,POVPIP,PUMA,RAC1P,SEX
0,-0.42029838014568915,0.10319236608506888,0.07152951759982024,-0.35742411314404976,0.5379069442938614,0.5030739749246695,0.12043262353163939,-0.3066982869766933,-0.11153736595100741,0.021651918074335214,0.12459250415714913,-0.02010711368765613
1,-0.25571058207706004,0.03645415643113936,0.00026858071664207644,0.013037730878058049,-0.052350110199852376,0.029409607641186553,-0.6636930658262261,-0.1730581628051458,0.6682567878212382,-0.07973791941448265,0.07784410669339384,-0.009224452460774496
2,-0.29140140670448006,-0.010066805504418505,0.4184420552435273,0.3947456268967725,-0.1276838796181982,-0.27733237363990154,0.12942409398013957,-0.41194331560335473,-0.16856791393714077,-0.2712330904459233,0.3835999672345009,0.23509623618169073
3,0.021544014431120664,0.29807787793149404,0.3226021634757177,-0.013193977401963996,0.013783136765753462,0.04269660798620255,0.11064253899148468,0.42905377991637916,0.1269539455731273,-0.27143315653756384,0.38243294108495973,-0.6099582668774006
4,0.17213391515093301,-0.8323737083413206,0.39568430193587434,-0.19333873016877487,0.01506211588059908,0.08233891471181343,-0.08082382343043565,0.010755740711867856,0.029544008315226772,0.1415295603420327,0.17543940389979493,-0.13505851921898182
