,PUMA,SEX,MSP,HISP,RAC1P,OWN_RENT,INDP_CAT,EDU,PINCP_DECILE
PUMA,1.1102230246251565e-16,-0.0521893925322955,-0.005885223842717215,-0.07839957890250863,-0.017385548900178228,-0.07665418646988484,0.01776230645870118,-0.045888876591075746,-0.013260246169346778
SEX,-0.052189392532295494,-1.1102230246251565e-16,0.025588692928512704,-0.008730492994815485,-0.021743909008837766,0.012851169922019222,-0.13145428647248078,0.028935686764925708,0.1588902911529306
MSP,-0.005885223842717215,0.02558869292851271,-1.1102230246251565e-16,-0.11202779229163412,-0.12064939780248408,-0.14471954781591498,0.14514030490650687,0.40749226048927034,0.636409383283264
HISP,-0.07839957890250863,-0.008730492994815488,-0.11202779229163412,1.1102230246251565e-16,-0.14740669267739476,-0.08953385474911157,-0.06573061047729362,0.1400017991288281,-0.02415841377170977
RAC1P,-0.017385548900178228,-0.02174390900883777,-0.12064939780248407,-0.14740669267739476,0.0,0.1781724084781279,-0.06485485093952158,0.041038563079685154,-0.01984081509279398
OWN_RENT,-0.07665418646988484,0.012851169922019226,-0.14471954781591498,-0.08953385474911157,0.1781724084781279,-1.1102230246251565e-16,-0.1159280022244137,0.04320799976329817,-0.09347040332251472
INDP_CAT,0.017762306458701173,-0.1314542864724808,0.14514030490650692,-0.06573061047729364,-0.06485485093952158,-0.1159280022244137,0.0,0.09590204886976739,0.22478740233266042
EDU,-0.045888876591075746,0.0289356867649257,0.40749226048927023,0.14000179912882807,0.04103856307968515,0.04320799976329817,0.09590204886976728,0.0,0.20918255792300944
PINCP_DECILE,-0.013260246169346778,0.1588902911529306,0.636409383283264,-0.02415841377170977,-0.019840815092793965,-0.09347040332251472,0.2247874023326603,0.20918255792300966,0.0
