,PUMA,SEX,MSP,HISP,RAC1P,OWN_RENT,INDP_CAT,EDU,PINCP_DECILE
PUMA,-1.1102230246251565e-16,-0.16423944148739616,-0.12781717065349651,,,0.034264986494349406,-0.13392720000037,-0.059938374793956556,-0.0246498298327782
SEX,-0.16423944148739616,0.0,0.15921514964480063,,,-0.08518743303558678,0.02911843599538555,-0.03503757077348696,0.0941877819847554
MSP,-0.12781717065349651,0.15921514964480063,-2.6645352591003757e-15,,,-0.33628917945939035,-0.2953292423417027,0.1367783824720218,0.05407842268849122
HISP,,,,,,,,,
RAC1P,,,,,,,,,
OWN_RENT,0.034264986494349406,-0.08518743303558678,-0.33628917945939035,,,-4.107825191113079e-15,-0.028085759829140022,-0.15241121858965936,-0.16695808756220032
INDP_CAT,-0.13392720000037,0.02911843599538555,-0.2953292423417027,,,-0.028085759829140022,6.661338147750939e-15,-0.04554623041087469,0.04808042256605399
EDU,-0.059938374793956556,-0.03503757077348696,0.1367783824720218,,,-0.15241121858965936,-0.04554623041087469,-3.552713678800501e-15,0.0877975180404541
PINCP_DECILE,-0.0246498298327782,0.0941877819847554,0.05407842268849122,,,-0.16695808756220032,0.04808042256605399,0.0877975180404541,1.6653345369377348e-15
