,PUMA,SEX,MSP,HISP,RAC1P,OWN_RENT,INDP_CAT,EDU,PINCP_DECILE
PUMA,3.3306690738754696e-16,-0.01978193308423646,0.008792955473517734,0.015443556251612381,-0.012578437671961942,-0.044256844297372165,0.0014826407634156206,0.01970765046814965,-0.019981246584624218
SEX,-0.01978193308423646,0.0,-0.006802148494459641,0.006484795649272339,0.02381230086427935,-0.0013818460539315987,0.044091846692011355,-0.011222746880005269,-0.02471737057264642
MSP,0.008792955473517734,-0.006802148494459641,-5.551115123125783e-16,0.016459781735563606,-0.01842330352631298,-0.009405286703837883,-0.11260862027940302,-0.1957650441846267,-0.3819716439419474
HISP,0.015443556251612381,0.006484795649272339,0.016459781735563606,4.3298697960381105e-15,-0.0327813002968312,0.006792222245533622,0.037162700774465776,0.01738378457321252,0.03219138953347639
RAC1P,-0.012578437671961942,0.02381230086427935,-0.01842330352631298,-0.0327813002968312,0.0,0.005339676702776883,0.020967235567904887,0.03584491577687441,0.035315780711326586
OWN_RENT,-0.044256844297372165,-0.0013818460539315987,-0.009405286703837883,0.006792222245533622,0.005339676702776883,-2.886579864025407e-15,0.003820042839581962,0.009640704001873772,-0.0015322997166111463
INDP_CAT,0.0014826407634156206,0.044091846692011355,-0.11260862027940302,0.037162700774465776,0.020967235567904887,0.003820042839581962,3.774758283725532e-15,-0.27458114168248093,-0.21532130606268407
EDU,0.01970765046814965,-0.011222746880005269,-0.1957650441846267,0.01738378457321252,0.03584491577687441,0.009640704001873772,-0.27458114168248093,-7.771561172376096e-16,-0.2920542240840237
PINCP_DECILE,-0.019981246584624218,-0.02471737057264642,-0.3819716439419474,0.03219138953347639,0.035315780711326586,-0.0015322997166111463,-0.21532130606268407,-0.2920542240840237,3.4416913763379853e-15
