,feature,divergence
0,PUMA,2.415144230769231
8,PINCP_DECILE,0.8271089492152279
7,EDU,0.6099248345237651
6,INDP_CAT,0.35453075914234305
2,MSP,0.2311015337755028
5,OWN_RENT,0.1452047290301488
4,RAC1P,0.124354981085666
1,SEX,0.1075196008553101
3,HISP,0.036191870190699235
