,EDU,HISP,INDP_CAT,MSP,OWN_RENT,PINCP_DECILE,PUMA,RAC1P,SEX
0,-0.5661256654249889,0.15509979203949487,-0.4897462755127016,-0.30435521113345554,0.04948152447213332,-0.5534536170037252,-0.04389932701996419,0.10682166712636433,0.02940968572956682
1,-0.003460126786582619,0.6176667604119582,0.2068945394053927,0.2600836941654896,0.33893200713047483,-0.020471515636094506,0.21019913550127883,0.5896488174217641,0.029385869665185933
2,-0.01855610931064546,0.12612634670485973,-0.10267619157272184,-0.21350482906193397,-0.2902481486688422,0.2262365613859596,0.04080408225365792,0.2012757729670309,-0.8660353478351914
3,-0.05000731534030172,0.051328234679267365,0.08272803769322902,0.18707511355719325,0.03145250360190604,-0.003924210086917394,-0.959916350080698,0.16169289819496352,-0.06659581456507295
4,0.08749415590913608,0.10041662662184314,0.0039022339364835623,-0.007443873101245765,-0.8449588410538786,-0.047697127975204215,0.007298891278658909,0.3602809085133232,0.36892352752015517
