,AGEP,DVET,EDU,HOUSING_TYPE,MSP,OWN_RENT,PINCP_DECILE,RAC1P,SEX
0,-0.49827499055679275,-0.09016851692861383,-0.5734945916533553,0.02903160962723296,-0.2325087822436565,0.06773793923583622,-0.5735114526811426,0.16154876022663595,0.013807273727307265
1,-0.03731193294255479,-0.021353625248360986,-0.008350774585730959,0.7107184529249713,0.23450529088267058,-0.6404833628352128,-0.11833349837454196,-0.09220454226446839,-0.07242391602342442
2,0.05620074464745954,0.6021983789361279,-0.1332667573864028,-0.07645100128935854,-0.4384563661164798,-0.17338870786418403,0.050915256876363946,-0.2801125596314762,-0.5542840120699628
3,-0.1950271278074191,0.24378034878664515,0.05175221247879552,0.08706081099111175,0.5066767263980108,0.258370743876713,0.047323194746254474,0.5366171296313891,-0.52782905349946
4,0.175193825323668,0.6229138781932936,0.004040228999035833,0.06295474341276033,-0.10892822499820984,-0.12078577963024624,-0.07099744591671231,0.4852841347578595,0.5570546734545829
