,PUMA,SEX,MSP,HISP,RAC1P,OWN_RENT,INDP_CAT,EDU,PINCP_DECILE
PUMA,-4.440892098500626e-16,-0.001160509163346486,-0.010529798155533551,-0.032616354470900055,-0.001140922557725764,-0.02763151156838821,-0.00635349013802088,0.04466312329180423,0.010369421995298791
SEX,-0.001160509163346486,1.7763568394002505e-15,-0.013028973715046889,0.0033561886905219655,0.023273607808750485,0.014389229094951165,-0.011324307648301678,0.0042518097085404855,0.006793557268706396
MSP,-0.010529798155533551,-0.013028973715046889,-1.5543122344752192e-15,0.003322386076106333,0.005980879012955801,-0.022448353684163036,-0.03545349943097606,-0.045830135208058814,-0.018723498104165792
HISP,-0.032616354470900055,0.0033561886905219655,0.003322386076106333,-1.5543122344752192e-15,-0.07920372846412095,-0.008748721279302069,0.015716044359051592,0.04568196826953409,0.01337626866578355
RAC1P,-0.001140922557725764,0.023273607808750485,0.005980879012955801,-0.07920372846412095,2.1094237467877974e-15,0.030288297023851458,0.002543376482972832,0.021089392484668276,0.03664005236097374
OWN_RENT,-0.02763151156838821,0.014389229094951165,-0.022448353684163036,-0.008748721279302069,0.030288297023851458,0.0,-0.025066328026159983,0.016636728365136487,-0.016998420390627773
INDP_CAT,-0.00635349013802088,-0.011324307648301678,-0.03545349943097606,0.015716044359051592,0.002543376482972832,-0.025066328026159983,-7.771561172376096e-16,-0.09716767047920427,-0.098018599930221
EDU,0.04466312329180423,0.0042518097085404855,-0.045830135208058814,0.04568196826953409,0.021089392484668276,0.016636728365136487,-0.09716767047920427,-8.881784197001252e-16,-0.14450274817038689
PINCP_DECILE,0.010369421995298791,0.006793557268706396,-0.018723498104165792,0.01337626866578355,0.03664005236097374,-0.016998420390627773,-0.098018599930221,-0.14450274817038689,1.887379141862766e-15
