,feature,divergence
10,POVPIP,6.5441443327749855
7,NPF,2.1024514442792124
1,AGEP,2.0930312823570016
6,NOC,0.7046657864325335
9,PINCP_DECILE,0.32277186799799856
3,MSP,0.25757391101225835
8,OWN_RENT,0.17800285638858687
2,SEX,0.11391483056923002
5,RAC1P,0.09354790972992973
0,PUMA,0.02739029945815974
4,HISP,0.02662735571341754
