,AGEP,DEYE,DVET,EDU,HOUSING_TYPE,MSP,OWN_RENT,PINCP_DECILE,RAC1P,SEX
0,-0.5028447292406171,0.043012204491294836,-0.0717590824236425,-0.5679702824416619,0.15157002341313724,-0.14873136663161945,-0.08761200318302986,-0.5866974558755631,0.1357380801582601,0.04635121613684498
1,0.0830459170525006,-0.10230268734180466,-0.01907577203785481,0.11162185388090742,0.6716988815264697,0.39456449129251875,-0.5978167220009151,-0.02294975112682461,-0.028007983581810836,0.0652511756449424
2,-0.1351379504584561,0.2606459383708732,0.498195058345667,-0.00603801914197849,0.0915867675191922,-0.06551219753833978,-0.11924577457641666,0.13773881465729915,0.25369209881646393,-0.745208329590529
3,0.22223680784031197,-0.6550436193785898,0.4440294910217575,-0.2143890730598368,-0.027478646941788448,-0.2593302376221245,-0.10001161192989116,-0.11685032394868355,-0.4203788058073026,-0.10010936582182851
4,0.018644768478137064,-0.4635525169019076,0.26764428870715273,0.06380068629860705,-0.003217298954142772,0.2522850174589737,0.2368694538444421,-0.05798365639618286,0.7405275973679912,0.19380143897425792
