,AGEP,HISP,MSP,NOC,NPF,OWN_RENT,PINCP_DECILE,POVPIP,PUMA,RAC1P,SEX
0,-0.4620673165575867,0.17229438035653877,-0.23524154992406765,0.4852564301774994,0.44975173836798527,0.15256761391536094,-0.40389750820632775,-0.2552143140962604,-0.013253438783225192,0.10945176274988122,0.004434341342924385
1,0.04022263831139098,0.17952821707467156,0.4134443307775195,-0.13969336011938294,-0.28381007263920455,0.5779938689345123,-0.08425944050001967,-0.5547096160240308,0.009575165190556978,0.1460651294505444,0.1576296990343312
2,-0.10705523648904974,0.5597321764429595,0.14670291473082525,-0.08323796522868876,-0.06712917640353505,-0.21244911824653906,0.03465886196805845,0.23380931579635067,0.3108301723292697,0.641379330376417,-0.1824744761603575
3,-0.04743752371493455,0.0019671738776346056,0.026973041675099,-0.13594230202908528,-0.11168192354357363,-0.310253229567119,-0.39804866617398077,0.10449213536054835,-0.028986063252177934,0.0862587314799697,0.8319651020294374
4,0.038499970162293375,0.10322755847068836,0.07154933010310946,-0.05633622718184122,0.014544651477987572,-0.15383582298267237,-0.021778709689947776,-0.04212116724928636,-0.9284815800060389,0.27253681804360386,-0.13072441429580392
