,PUMA,SEX,MSP,HISP,RAC1P,OWN_RENT,INDP_CAT,EDU,PINCP_DECILE
PUMA,0.0,-0.004822672961712788,0.056106615822614794,0.03384018551970014,0.07255328675650641,0.038481335681650554,0.009994185563243243,0.06223278244648191,-0.015956888427890285
SEX,-0.004822672961712788,1.1102230246251565e-16,-0.002507967321337956,0.06515108656681018,0.03377910512772324,0.0066264408441873215,-0.011858702525603147,-0.016502364632101214,0.10703482653852212
MSP,0.056106615822614794,-0.0025079673213379595,0.0,-0.0031042510784094948,0.056418183392437524,0.054920176065854344,-0.265853881652471,-0.16436294884340405,-0.1445727650627029
HISP,0.033840185519700146,0.06515108656681018,-0.0031042510784094948,0.0,-0.03073142592985191,-0.08828071646071109,0.022288756819573055,0.055507695228229494,0.05220339754191969
RAC1P,0.07255328675650641,0.033779105127723245,0.056418183392437524,-0.03073142592985191,-1.1102230246251565e-16,-0.015877939020911832,0.07138714605468395,0.004202626982664041,0.06604428255733918
OWN_RENT,0.038481335681650554,0.00662644084418732,0.05492017606585434,-0.08828071646071109,-0.015877939020911832,0.0,-0.0491982926094376,-0.014082991002900995,-0.041230314635829
INDP_CAT,0.009994185563243243,-0.011858702525603147,-0.2658538816524709,0.022288756819573055,0.07138714605468395,-0.0491982926094376,0.0,-0.35171360360412673,-0.3264662862899181
EDU,0.06223278244648191,-0.016502364632101214,-0.16436294884340402,0.05550769522822948,0.004202626982664038,-0.014082991002900995,-0.3517136036041267,0.0,-0.5362423907048027
PINCP_DECILE,-0.01595688842789028,0.10703482653852212,-0.14457276506270286,0.05220339754191969,0.06604428255733917,-0.041230314635829,-0.3264662862899181,-0.5362423907048027,2.220446049250313e-16
