,EDU,HISP,INDP_CAT,MSP,OWN_RENT,PINCP_DECILE,PUMA,RAC1P,SEX
0,-0.5757868439330528,0.06559621868644583,-0.5141938332553488,-0.2728696795873837,-0.02267174161756882,-0.5612568911504162,0.020403976696721737,0.08960660596565191,0.0366676208960301
1,0.01703030164170156,0.618443671482147,0.11852298117427645,0.18150826369063697,0.20248105242787676,-0.0651782329674897,-0.40032058149222716,0.6014969265729594,0.05424525681744832
2,-0.01822884223650844,-0.06572759874428412,0.10657145973912995,0.4628252646670226,-0.5015049458213731,-0.27022531075256917,-0.13488876154469093,-0.10102759843425319,0.645641082597695
3,-0.041545682585689726,0.1162279110642427,-0.036073459998698404,0.18129651282593856,-0.7187839530939921,0.010864233334594062,0.008139862360892657,0.1406566996147478,-0.6434099327581644
4,-0.06316752979119575,0.43095669291448147,0.1317143698706338,0.15381880983239715,0.02878836407420559,-0.03641624723977249,0.868545252788388,0.04125467046069943,0.10511695190812541
