,AGEP,DEAR,DENSITY,DEYE,DPHY,DREM,DVET,EDU,HISP,HOUSING_TYPE,INDP_CAT,MSP,NOC,NPF,OWN_RENT,PINCP,PINCP_DECILE,POVPIP,PUMA,RAC1P,SEX
0,-0.30435876701871933,0.03469288758884916,-0.022712653531394116,0.019934397655041847,-0.3051731554321386,-0.3134339999447993,-0.024173773025887274,-0.3715906313894842,0.03316521714916509,-0.07934711459583314,-0.25883565948935366,-0.25397654118200513,0.29387562920591676,0.24416538534317903,0.046446204619213,0.4202751022423669,-0.323281546699505,-0.05897486949138735,0.01894453210832523,0.056212683099126484,-0.006460537142082827
1,-0.048049602947956974,-0.08143386467857269,0.033327544964841964,-0.09953281578485562,-0.18934966118788218,-0.1996825957759065,0.0033708589557818235,-0.1669290285846295,0.02014555004123341,0.5429930133939197,-0.12637953614444394,0.20190942810159423,-0.3091282437174184,-0.31950541145815997,-0.4048746603060494,0.021183105885633918,-0.21374746161737962,0.3310196112572273,-0.07341463070863555,0.007962665091505023,0.04149014440916075
2,0.35686382481005213,-0.39647429762105457,0.0006309708037210253,-0.2966925543152866,-0.29302157119804695,-0.24994321527182156,0.14705429292505687,-0.07757626156829994,-0.08911545829962604,-0.19447901891732947,-0.22248365616914934,0.006412074443445104,-0.22315364339025082,-0.2613352449803221,0.2851184631719774,-0.06482197028475317,0.006446921288068452,-0.33959674934362005,0.0944383724711871,-0.16693603756337091,0.02018876725972231
3,-0.18176596917009416,0.15812314468444694,0.35241541420053807,0.09005025495779366,0.03199655065856326,0.0116077271812879,-0.1389879888114192,-0.08164156038803796,0.3152099366349118,0.018291600671021112,0.058472784076248216,0.34669979777623566,-0.0894026057732359,-0.2319639152754282,0.3637655139325296,-0.021905114041775066,-0.2011326480116374,-0.33620978752014147,-0.313070439962029,0.2958101259715186,0.15995606438990956
4,0.09736106586810206,-0.33335722795715594,0.3712716349921571,-0.2267036254690781,0.08924348467173403,0.11406336570167933,0.31102528199379686,0.0655081763994086,0.20270847943141654,0.017637328718957082,-0.14117939996509135,-0.24290579011758015,0.08824625485511667,0.1273487235922856,-0.04655503563106809,0.04978405130871619,0.09876354505350185,0.1815297667047049,-0.4078720584637089,0.31805877134165905,-0.33005735792767404
