,feature,divergence
8,PINCP_DECILE,3.5365255877531103
0,PUMA,2.519130046627317
7,EDU,1.3185430313533033
2,MSP,0.5886180901100497
6,INDP_CAT,0.4964518004243531
1,SEX,0.08537648091641059
4,RAC1P,0.06635040330674488
5,OWN_RENT,0.03051340778204123
3,HISP,0.021604079218878518
