,feature,divergence
1,AGEP,9.090965848785663
9,PINCP_DECILE,3.9692644703428774
7,NPF,2.4019943846143708
10,POVPIP,1.6924512019987026
0,PUMA,1.654747162022704
3,MSP,1.0995753414962133
6,NOC,0.6175998589189667
8,OWN_RENT,0.2806847991163882
2,SEX,0.22918857307979423
4,HISP,0.22358527898694103
5,RAC1P,0.18452304941897588
