,EDU,HISP,INDP_CAT,MSP,OWN_RENT,PINCP_DECILE,PUMA,RAC1P,SEX
0,-0.5757868439330531,0.06559621868644594,-0.5141938332553491,-0.27286967958738373,-0.022671741617568672,-0.5612568911504173,0.02040397669672172,0.08960660596565201,0.0366676208960301
1,0.01703030164170129,0.618443671482149,0.1185229811742779,0.1815082636906408,0.20248105242787062,-0.06517823296749181,-0.400320581492226,0.601496926572959,0.05424525681745103
2,-0.01822884223650848,-0.06572759874428678,0.10657145973912983,0.46282526466702173,-0.5015049458213737,-0.2702253107525687,-0.1348887615446837,-0.10102759843425643,0.6456410825976961
3,-0.041545682585689844,0.1162279110642424,-0.036073459998697634,0.18129651282593834,-0.7187839530939937,0.010864233334593798,0.008139862360899665,0.140656699614748,-0.6434099327581624
4,-0.06316752979119476,0.4309566929144781,0.13171436987063262,0.15381880983239318,0.028788364074211845,-0.03641624723977083,0.8685452527883902,0.04125467046070022,0.10511695190812657
