,feature,divergence
0,PUMA,4.54323280885781
8,PINCP_DECILE,1.952723890685985
7,EDU,1.9003349170105495
6,INDP_CAT,1.0992099778265025
2,MSP,0.6782512547555093
4,RAC1P,0.502873986623383
5,OWN_RENT,0.20821942774039676
3,HISP,0.11220535142487323
1,SEX,0.019942007094102765
