,AGEP,HISP,MSP,NOC,NPF,OWN_RENT,PINCP_DECILE,POVPIP,PUMA,RAC1P,SEX
0,-0.37712970483181485,0.10413523716016881,-0.33147797089484277,0.507949351097978,0.4785791057231914,0.19554130976462467,-0.3508381593954963,-0.25103327879987997,0.08098020901853602,0.13530945076501022,0.02815887984840587
1,0.052178973524246205,0.24807681582745608,0.38321958823988284,-0.12304575686134082,-0.24863022882194055,0.5784354225419197,-0.06139564421859199,-0.5542800656460338,-0.058284657287329324,0.22155712006781586,0.11769763512410267
2,-0.43936346916089175,0.31840414482310203,0.2641064334945751,-0.1666864120736704,-0.1558677660249268,-0.306412213800586,-0.3998766337843844,0.2983191300704261,-0.19432893443511307,0.44505361627842294,-0.07160088936239223
3,0.176237006395289,0.6169614406085194,-0.10171802336394407,-0.01807741156172743,0.08682112931289204,-0.024411995427564503,0.3000068800516085,0.10596731672847333,0.6035702499803844,0.22463869077169973,-0.23129873958019342
4,0.04670494665941468,0.12648154272851542,-0.0004449587316976856,-0.09334062214149334,-0.04924091972506226,-0.19457502251122047,-0.23857217577582346,0.007353049551733271,0.35551282724199973,-0.1573776716047564,0.8512910417539074
