,AGEP,DEAR,DEYE,DPHY,DREM,DVET,EDU,HISP,HOUSING_TYPE,INDP,INDP_CAT,MSP,NOC,NPF,OWN_RENT,PINCP,PINCP_DECILE,POVPIP,PUMA,PWGTP,RAC1P,SEX,WGTP
0,-0.2655760856208378,0.015395868664802219,0.007187604344787589,-0.28673072507102637,-0.29207481533071156,-0.017947141264895272,-0.35938386489414015,0.031126165037594366,-0.07569435337331554,-0.29835587447288026,-0.2959503616823154,-0.23833974066547572,0.26441154337049,0.21486139156331138,0.049772647564119324,0.3964083629339223,-0.3145090779948519,-0.06565162275788072,0.018712336541373994,0.0639404440771613,0.05083319663899885,-0.008527519026732981,0.07781568841999018
1,-0.0059264256592080344,0.07566092666114338,0.07143375911650043,0.12488145059578093,0.12814882845057263,-0.0043635777335712545,0.1154100584399872,0.0535940358372052,-0.4409505119321944,0.16190337008830905,0.16198719797784644,-0.11218207452547752,0.23264173075231878,0.23276875533701902,0.38191688625655695,-0.02528449883164567,0.16555247849718605,-0.2953799161837639,0.06488312761207894,0.3606801582069723,0.01590020124488227,-0.02275023046080648,0.4205994126370591
2,0.36807157986103667,-0.36178928009101874,-0.2723196677132696,-0.13449671871580035,-0.0966929538190489,0.12561188283604036,-0.04927206737283353,-0.020396682786328984,-0.07540942796849107,-0.3096544991304699,-0.3066085900105067,0.1008198504503334,-0.2906896303417712,-0.32786584393748064,0.20364440665443528,-0.12254384285156238,-0.015157395075955565,-0.26576467156420913,0.06166912985177544,0.18569941603260015,-0.11036053702890215,0.01525098042448319,0.1939648240082702
3,-0.26986457851214574,0.13717033893457956,0.031311699760588625,-0.10036229270058628,-0.13656190453096234,-0.07228594042690921,-0.13043636502781084,0.3007573720674407,0.320730914141609,0.16552555679762132,0.16940669110916623,0.34795493725171106,-0.1771665300113158,-0.23344923741663223,-0.045070435584215154,-0.015576129438697864,-0.17394614488361154,0.07733896825024372,-0.07494821944312635,0.44207009957803567,0.16769115069716062,0.08024171266926829,0.35485450709381067
4,-0.01847463368908752,0.016387339846258987,0.026129832439725813,0.5435643559401802,0.5376982982108842,-0.05569257165859636,-0.024846729437309794,0.18449859278830602,0.10422947689905308,-0.33247576065978673,-0.3323900167297182,0.06926974985083904,0.07339557532857523,0.043388698406447664,-0.06371250610599856,0.013537323975922068,-0.21847060931984535,-0.03650656146040642,-0.135229789727934,0.060526732374328936,0.23106042720450978,0.03538324147606198,0.05015945967817739
