,EDU,HISP,INDP_CAT,MSP,OWN_RENT,PINCP_DECILE,PUMA,RAC1P,SEX
0,-0.5711275826037825,0.09765649436928048,-0.5004442530985018,-0.2982862216892413,0.004362825624502631,-0.5535746002048505,0.057163613945357156,0.12286875986066866,0.005393499728211824
1,-0.025747737539158273,0.5862344447408907,0.2035536556854684,0.2048359569052649,0.4980045256423196,-0.03326728927976602,0.03571805441057953,0.5505229960803356,0.1371415367652672
2,-0.027387643779078093,0.2879531448740127,0.10222790078216829,-0.23418829899428228,-0.02830656363992253,0.14753638134549546,0.8607935323039917,-0.23521682401784158,-0.17938086664465
3,-0.01128999682737962,0.1266216008874297,-0.09007063761035383,0.08884907473648862,-0.1513637270700002,0.09636782792189842,-0.15395168477612367,0.24738566200910733,-0.9223524842354346
4,0.04110511941977796,0.3404424175276387,-0.014689687027022585,0.3471448576965248,-0.809686123008834,-0.1131633094376714,0.07429342428193116,0.1773301091845775,0.2373203688359215
