,PUMA,SEX,MSP,HISP,RAC1P,OWN_RENT,INDP_CAT,EDU,PINCP_DECILE
PUMA,0.0,-0.014308814826642504,0.010299619327049724,-0.0012204453105832402,0.0328091307896726,-0.015794791455293902,-0.005579651591839039,-0.023271757082907407,-0.02107219530366175
SEX,-0.014308814826642504,0.0,-0.014982888776216305,0.026713019163743044,0.013718815659733631,0.023966699214128764,-0.009831398696432323,-0.020304082070916475,-0.027112142824235942
MSP,0.010299619327049724,-0.014982888776216305,-1.6653345369377348e-15,-0.03181006744803037,0.01888504121976111,0.0049688868942124945,-0.017290792564530866,-0.004959350314574895,0.0012761856115489356
HISP,-0.0012204453105832402,0.026713019163743044,-0.03181006744803037,3.3306690738754696e-15,0.02708847268359721,0.002282893524400198,-0.009570929152789516,-0.026259073759400203,-0.03606100313435576
RAC1P,0.0328091307896726,0.013718815659733631,0.01888504121976111,0.02708847268359721,-1.7763568394002505e-15,-0.019401022618228986,-0.0002538434921168786,0.007688117406423167,-0.017272268017647474
OWN_RENT,-0.015794791455293902,0.023966699214128764,0.0049688868942124945,0.002282893524400198,-0.019401022618228986,-3.9968028886505635e-15,-0.009551427720390443,-0.0028515908510697782,-0.009313355123665967
INDP_CAT,-0.005579651591839039,-0.009831398696432323,-0.017290792564530866,-0.009570929152789516,-0.0002538434921168786,-0.009551427720390443,3.9968028886505635e-15,-0.017809381054881168,-0.012786644812451786
EDU,-0.023271757082907407,-0.020304082070916475,-0.004959350314574895,-0.026259073759400203,0.007688117406423167,-0.0028515908510697782,-0.017809381054881168,-4.440892098500626e-16,0.005562545790610107
PINCP_DECILE,-0.02107219530366175,-0.027112142824235942,0.0012761856115489356,-0.03606100313435576,-0.017272268017647474,-0.009313355123665967,-0.012786644812451786,0.005562545790610107,2.9976021664879227e-15
