,AGEP,DEYE,HISP,MSP,NOC,NPF,OWN_RENT,PINCP_DECILE,POVPIP,PUMA,RAC1P,SEX
0,-0.420298380145689,0.10319236608506899,0.07152951759981989,-0.35742411314404976,0.5379069442938617,0.5030739749246698,0.12043262353163853,-0.30669828697669343,-0.11153736595100663,0.021651918074335395,0.12459250415714918,-0.020107113687656053
1,-0.2557105820770589,0.036454156431139834,0.00026858071664172256,0.013037730878057001,-0.05235011019985275,0.029409607641186816,-0.6636930658262262,-0.17305816280514358,0.6682567878212383,-0.07973791941448298,0.07784410669339323,-0.0092244524607759
2,-0.29140140670448084,-0.01006680550441974,0.41844205524352746,0.3947456268967722,-0.1276838796181983,-0.2773323736399011,0.12942409398013813,-0.41194331560335573,-0.16856791393713982,-0.2712330904459225,0.38359996723449996,0.23509623618169168
3,0.021544014431119824,0.29807787793149876,0.32260216347571624,-0.013193977401962799,0.01378313676575349,0.042696607986201326,0.11064253899148704,0.42905377991637894,0.12695394557312634,-0.2714331565375674,0.38243294108495907,-0.6099582668773991
4,0.1721339151509406,-0.8323737083413266,0.3956843019358659,-0.19333873016878497,0.015062115880601246,0.08233891471181565,-0.08082382343043402,0.010755740711872186,0.02954400831522852,0.1415295603420003,0.17543940389979973,-0.13505851921897638
