,AGEP,HISP,MSP,NOC,NPF,OWN_RENT,PINCP_DECILE,POVPIP,PUMA,RAC1P,SEX
0,-0.4620673165575867,0.17229438035653888,-0.23524154992406748,0.4852564301774992,0.44975173836798465,0.15256761391536097,-0.40389750820632764,-0.2552143140962604,-0.013253438783225251,0.1094517627498814,0.004434341342924336
1,0.04022263831139074,0.17952821707467193,0.4134443307775202,-0.13969336011938321,-0.28381007263920477,0.5779938689345115,-0.08425944050001985,-0.5547096160240306,0.009575165190557655,0.14606512945054587,0.1576296990343305
2,-0.10705523648905141,0.5597321764429579,0.14670291473082514,-0.08323796522869092,-0.06712917640353708,-0.21244911824654444,0.03465886196805201,0.23380931579635306,0.3108301723292699,0.6413793303764177,-0.1824744761603479
3,-0.04743752371493268,0.001967173877627883,0.026973041675099674,-0.13594230202908403,-0.11168192354357143,-0.3102532295671187,-0.39804866617398,0.10449213536054441,-0.0289860632521951,0.08625873147996636,0.8319651020294372
4,0.038499970162296275,0.10322755847068708,0.07154933010310592,-0.05633622718183849,0.014544651477989695,-0.15383582298266607,-0.021778709689939786,-0.04212116724928828,-0.9284815800060371,0.27253681804360563,-0.13072441429581452
