,AGEP,DEAR,DEYE,DPHY,DREM,DVET,EDU,HISP,HOUSING_TYPE,INDP,INDP_CAT,MSP,NOC,NPF,OWN_RENT,PINCP,PINCP_DECILE,POVPIP,PUMA,RAC1P,SEX
0,-0.30830657284161966,0.04743300294989772,0.018383040857802492,-0.26739989854152946,-0.2827697356199577,-0.037352769872580655,-0.36088374370201837,0.07953942669640919,-0.0464138946723975,-0.2821323241495933,-0.2803077403876155,-0.21898882344746864,0.26300491405511345,0.22545256883788678,0.05757746379720815,0.3856473200980228,-0.33662118652385836,-0.12786225217826655,-0.011292972659233298,0.0521144156143534,-0.01058564908201595
1,0.22736210284897268,-0.26283786587669195,-0.1840378024589178,-0.23324338714162085,-0.20948745798693252,0.03379708999278981,-0.06913530334178178,-0.12034038532627868,0.3895330800561226,-0.30402662246075673,-0.3053765900828088,-0.006283274010192644,-0.3319339114388151,-0.34196921280491677,-0.3099991337712645,0.006894456036187338,-0.029356787498753784,0.24457469574726243,-0.011663733329671687,-0.07092412857220531,-0.009171493692734085
2,-0.22782065817132408,0.244206700602921,0.21033449825868322,-0.20892504116224428,-0.2514686225870312,-0.056649851001517156,-0.00761911236214826,0.014472604864782924,0.27072246799550564,0.3550906144909287,0.3554471332544753,-0.10790200987512483,0.03886959176279805,0.1195111960464675,-0.3790025065517661,0.09860592849082223,0.08567311699604582,0.4517536121277379,0.08834026428575913,0.0713711322942724,-0.054891006666724536
3,0.026426837361093095,-0.12392836493383617,-0.15826223400287306,-0.49221895046201763,-0.4675519041674541,0.08099661831007642,-0.0559644667014548,0.01621577569225407,-0.15241534340733728,0.2738685224490543,0.27425879695152017,0.12576136147570147,-0.16563074640340386,-0.21497839813365963,0.38128137860591854,-0.07163349631843768,0.0790355435004399,-0.25365707728438314,0.042164418802814914,0.03690130922281936,0.0300724822856935
4,-0.18184186061989902,0.15606516091889117,-0.014415106093173284,0.09914407541407574,0.08016295694735609,-0.3360831894094926,-0.12907095551602532,0.3358458447816907,0.33117421427601546,0.018580831737524187,0.023939398676194046,0.4593846595693686,-0.11482749783850163,-0.19357948490749236,0.005628138379867255,-0.08553251401888856,-0.304513391473289,-0.14243965742657758,0.049973874682856356,0.3330360109505272,0.2786529152568488
