,feature,divergence
1,AGEP,5.132733187503505
9,PINCP_DECILE,2.7259769920487233
7,NPF,0.8767927896547218
3,MSP,0.684853660024223
6,NOC,0.31709828676703905
10,POVPIP,0.2817007886184795
8,OWN_RENT,0.22244209001195164
0,PUMA,0.0520205579886005
2,SEX,0.03492359630419328
5,RAC1P,0.022328091474125553
4,HISP,0.00972054851285739
