,feature,divergence
7,EDU,0.30412616733371456
8,PINCP_DECILE,0.25911821836743915
6,INDP_CAT,0.18694350725592748
2,MSP,0.07203062032239493
0,PUMA,0.04243727351956339
1,SEX,0.03270147433765658
5,OWN_RENT,0.025594539445426674
4,RAC1P,0.017701732697823182
3,HISP,0.015037936662268207
