,EDU,HISP,INDP_CAT,MSP,OWN_RENT,PINCP_DECILE,PUMA,RAC1P,SEX
0,-0.5711275826037828,0.09765649436928059,-0.5004442530985018,-0.2982862216892426,0.004362825624503186,-0.5535746002048512,0.05716361394535634,0.12286875986066821,0.005393499728212039
1,-0.02574773753915495,0.586234444740892,0.20355365568546757,0.20483595690526546,0.4980045256423195,-0.03326728927976924,0.03571805441057829,0.5505229960803364,0.13714153676526672
2,-0.02738764377907792,0.28795314487401624,0.10222790078216726,-0.23418829899428079,-0.028306563639927167,0.14753638134549596,0.8607935323039901,-0.2352168240178363,-0.17938086664465808
3,-0.01128999682738038,0.12662160088742774,-0.09007063761035591,0.08884907473649659,-0.15136372707000179,0.09636782792189466,-0.15395168477613186,0.24738566200910697,-0.922352484235433
4,0.041105119419779276,0.3404424175276365,-0.014689687027023557,0.34714485769651987,-0.8096861230088355,-0.1131633094376711,0.07429342428192773,0.17733010918458042,0.23732036883592636
