,AGEP,HISP,MSP,NOC,NPF,OWN_RENT,PINCP_DECILE,POVPIP,PUMA,RAC1P,SEX
0,-0.37712970483181457,0.10413523716016926,-0.3314779708948429,0.5079493510979786,0.4785791057231923,0.19554130976462442,-0.35083815939549573,-0.25103327879987974,0.08098020901853575,0.1353094507650094,0.028158879848405136
1,0.052178973524244665,0.24807681582745367,0.3832195882398838,-0.1230457568613405,-0.24863022882194014,0.5784354225419207,-0.061395644218593656,-0.5542800656460344,-0.058284657287332974,0.2215571200678148,0.11769763512410096
2,-0.4393634691608923,0.31840414482310075,0.2641064334945759,-0.16668641207367033,-0.15586776602492702,-0.30641221380058603,-0.3998766337843854,0.2983191300704261,-0.19432893443510982,0.44505361627842244,-0.0716008893623933
3,0.17623700639529036,0.6169614406085213,-0.10171802336394258,-0.01807741156172754,0.08682112931289118,-0.02441199542756259,0.30000688005160914,0.1059673167284711,0.6035702499803836,0.22463869077170098,-0.23129873958018818
4,0.04670494665942125,0.1264815427285162,-0.00044495873170285853,-0.0933406221414919,-0.04924091972505909,-0.19457502251121878,-0.23857217577581777,0.00735304955173347,0.35551282724198596,-0.15737767160474436,0.8512910417539176
