,AGEP,HISP,MSP,NOC,NPF,OWN_RENT,PINCP_DECILE,POVPIP,PUMA,RAC1P,SEX
0,-0.4184082940980472,0.07317519200018352,-0.36073214733567194,0.540657146787755,0.5055806361880881,0.12104875481954512,-0.312347838854556,-0.11426033918891072,0.022956190466682024,0.12398031953303586,-0.019046616995424356
1,-0.2557920099086146,0.0016666730213662218,0.009929854513859573,-0.04968640505320038,0.03200620299598424,-0.6646642095559373,-0.17883989153404561,0.6670922851266567,-0.07846254514826147,0.07740749141303405,-0.007301103883569977
2,-0.2914974127446702,0.4182481468178699,0.3957155791138626,-0.12821803866304593,-0.2779797203300375,0.13050625514202502,-0.4099292103727351,-0.16876846288925523,-0.2718621601724571,0.38408141027120957,0.23411565107064045
3,0.053439752094199204,0.3857777712473658,-0.060158187230006724,0.027008586046662647,0.06677477280481663,0.09026285570298402,0.4103912842664157,0.13367331415554837,-0.2655451762105099,0.40749501736911475,-0.6391470789929358
4,-0.17424820983452508,0.26530503985094,0.23743616905609438,-0.07779795887900898,-0.037668317743940694,-0.05257212104997837,-0.10699927780711618,-0.05701350704867893,0.8354238387356857,-0.03927021245114732,-0.34418757239761927
