,PUMA,SEX,MSP,HISP,RAC1P,OWN_RENT,INDP_CAT,EDU,PINCP_DECILE
PUMA,2.3314683517128287e-15,0.023771806796146287,0.013914884053575032,0.021288058266896673,0.025743911253992946,-0.0004558087612626764,-0.03406852962231094,0.01085123658977382,-0.03683602510041124
SEX,0.023771806796146287,0.0,-0.01998504928839942,0.011672026976612342,0.008793674164485229,0.004004732701963273,-0.012295929295047942,-0.0066857169649801595,0.09544237089894111
MSP,0.013914884053575032,-0.01998504928839942,-1.4432899320127035e-15,-0.07258135338620592,-0.014260489224067713,-0.033568358121877126,-0.16951355856285835,-0.02379950210346951,0.0275475788616297
HISP,0.021288058266896673,0.011672026976612342,-0.07258135338620592,-1.1102230246251565e-15,-0.15867369217295904,0.014444214358548806,-0.048793828391577705,0.025033843005629747,0.021441391119566555
RAC1P,0.025743911253992946,0.008793674164485229,-0.014260489224067713,-0.15867369217295904,-3.1086244689504383e-15,-0.01392868513952119,0.01850947969555148,0.07419277175627001,0.07824446924100834
OWN_RENT,-0.0004558087612626764,0.004004732701963273,-0.033568358121877126,0.014444214358548806,-0.01392868513952119,-1.887379141862766e-15,-0.06335024524359686,0.005770256246390666,-0.06441581010062655
INDP_CAT,-0.03406852962231094,-0.012295929295047942,-0.16951355856285835,-0.048793828391577705,0.01850947969555148,-0.06335024524359686,1.0880185641326534e-14,-0.19403109909026856,-0.11382734915331028
EDU,0.01085123658977382,-0.0066857169649801595,-0.02379950210346951,0.025033843005629747,0.07419277175627001,0.005770256246390666,-0.19403109909026856,0.0,-0.13578727999415263
PINCP_DECILE,-0.03683602510041124,0.09544237089894111,0.0275475788616297,0.021441391119566555,0.07824446924100834,-0.06441581010062655,-0.11382734915331028,-0.13578727999415263,9.992007221626409e-16
