,AGEP,DEAR,DENSITY,DEYE,DPHY,DREM,DVET,EDU,HISP,HOUSING_TYPE,INDP_CAT,MSP,NOC,NPF,OWN_RENT,PINCP_DECILE,POVPIP,PUMA,PWGTP,RAC1P,SEX,WGTP
0,-0.291732694464495,0.031229911551386644,-0.04357241097892746,0.0034418857040810335,-0.3088880426781382,-0.3214832990011178,-0.029560829695869754,-0.38455417423812066,0.062388067719381615,-0.14472947962804414,-0.2413876964629812,-0.25623120430148594,0.33013209800712057,0.30163290739180626,0.13790927100342798,-0.3314229981032963,-0.19435851608206497,0.053347945612183194,0.1324368717892641,0.08333207319446087,0.0076541404923252745,0.14741956331477443
1,0.06655580186387094,0.048019838105686816,0.13355505525346104,0.022391131087911555,0.20630381988402507,0.20996456059317709,-0.0034536768362838583,0.16684461629401026,0.08639036740185109,-0.3912727819578626,0.2212027183128158,0.07716752264097329,0.1063020511605119,0.0605005759042266,0.43224893855998586,0.17428503816011975,-0.30204628071679457,-0.013651052357142951,0.36614275205941166,0.0640550506464032,0.045401523234417526,0.42564008122186653
2,-0.11276474562087352,-0.03896815175557792,0.31498735505426095,-0.09622420221731218,-0.16972666753575782,-0.17195249461020345,-0.05048013332467837,-0.1372071150650388,0.15937563589636158,0.32914615964825533,-0.07257929380597612,0.3504489917776577,-0.3160566702741804,-0.37438502447581923,0.022734635176750975,-0.18858777878139277,0.028506669516245496,-0.2020951816415379,0.354066984977054,0.14464591213841685,-0.007084142251412055,0.26756543452396164
3,0.3780990736752343,-0.4822067051811565,-0.1897418882664268,-0.40713757086747493,-0.2637986985657419,-0.21130292514185825,0.22090338264230747,-0.00843974573841319,-0.16833337890477915,-0.19378475662919464,-0.14049216784668303,-0.049893300444325134,-0.1682540693409899,-0.17579954857537303,0.10188632581108072,0.10284030576635952,-0.20257907690969149,0.08041409420486403,0.014861329941338139,-0.19712686767750248,-0.04392379320847636,0.05333667796709144
4,-0.06706698684311098,0.11057409278276216,-0.20422595768240062,0.20360380945652967,-0.1155817224460961,-0.13619727802995948,0.09965170710625233,0.07943666958252608,-0.29856145104285065,0.0989842306025366,0.09585744994586673,-0.1576630992576618,0.02795894690200606,0.04864558976968518,-0.24833242550064824,0.21200775073713182,0.3600468753674745,0.06639981576996358,0.4215280814803667,-0.33515454342345613,-0.1801486679640844,0.3907747898180082
