,PUMA,SEX,MSP,HISP,RAC1P,OWN_RENT,INDP_CAT,EDU,PINCP_DECILE
PUMA,-3.1086244689504383e-15,0.015469979515302809,-0.01615879968518203,0.012785341755027733,0.004490661099121496,-0.005783800485120717,0.0014348493443747702,0.0057201657896387564,0.0031471781508833306
SEX,0.015469979515302809,0.0,0.014733753405479218,0.015156460741190052,-0.006414412106852288,-0.013510667775824253,0.06692571174501168,-0.01714875634960175,-0.005634525540853336
MSP,-0.01615879968518203,0.014733753405479218,0.0,-0.0010830218191833947,-0.01999248994263861,0.01508220105435916,-0.113141348146539,-0.11352644701091923,-0.31422419398757084
HISP,0.012785341755027733,0.015156460741190052,-0.0010830218191833947,-5.551115123125783e-15,0.023477012149615895,0.019492244924511216,-0.014053082595690084,0.02088666948275389,0.00817423152311264
RAC1P,0.004490661099121496,-0.006414412106852288,-0.01999248994263861,0.023477012149615895,0.0,-0.0008884945245216345,0.018719217748143464,0.032952462342148145,0.047027610228090384
OWN_RENT,-0.005783800485120717,-0.013510667775824253,0.01508220105435916,0.019492244924511216,-0.0008884945245216345,-7.549516567451064e-15,-0.018392984350314327,0.013666178713377691,0.03051305060223647
INDP_CAT,0.0014348493443747702,0.06692571174501168,-0.113141348146539,-0.014053082595690084,0.018719217748143464,-0.018392984350314327,1.0880185641326534e-14,-0.2939504891052761,-0.2104029672828448
EDU,0.0057201657896387564,-0.01714875634960175,-0.11352644701091923,0.02088666948275389,0.032952462342148145,0.013666178713377691,-0.2939504891052761,-5.551115123125783e-15,-0.3280703706792061
PINCP_DECILE,0.0031471781508833306,-0.005634525540853336,-0.31422419398757084,0.00817423152311264,0.047027610228090384,0.03051305060223647,-0.2104029672828448,-0.3280703706792061,1.6653345369377348e-15
