,feature,divergence
8,PINCP_DECILE,0.06313323201621102
6,INDP_CAT,0.03707878164444039
7,EDU,0.03489026449071475
0,PUMA,0.005735398286948912
2,MSP,0.004954539791906087
1,SEX,0.003701371917331442
3,HISP,0.002866062983667767
4,RAC1P,0.0026622340210519023
5,OWN_RENT,0.0011737933791533955
