,AGEP,HISP,MSP,NOC,NPF,OWN_RENT,PINCP_DECILE,POVPIP,PUMA,RAC1P,SEX
0,-0.37712970483181446,0.1041352371601687,-0.3314779708948429,0.5079493510979783,0.47857910572319223,0.19554130976462408,-0.3508381593954957,-0.2510332787998797,0.0809802090185352,0.1353094507650107,0.028158879848405628
1,0.05217897352424544,0.24807681582745478,0.38321958823988234,-0.12304575686134038,-0.2486302288219403,0.5784354225419207,-0.06139564421859353,-0.5542800656460337,-0.05828465728733321,0.22155712006781358,0.11769763512410336
2,-0.43936346916089286,0.3184041448230984,0.2641064334945767,-0.1666864120736706,-0.15586776602492813,-0.306412213800586,-0.3998766337843875,0.2983191300704251,-0.19432893443511204,0.4450536162784203,-0.07160088936238979
3,0.1762370063952895,0.6169614406085234,-0.1017180233639424,-0.018077411561728263,0.08682112931289138,-0.02441199542756467,0.3000068800516068,0.1059673167284723,0.6035702499803811,0.22463869077170476,-0.2312987395801839
4,0.04670494665940755,0.12648154272850645,-0.00044495873169226804,-0.09334062214149373,-0.04924091972506627,-0.19457502251121986,-0.23857217577583123,0.007353049551727657,0.3555128272420074,-0.15737767160476915,0.8512910417539017
