,AGEP,DEAR,DENSITY,DEYE,DPHY,DREM,DVET,EDU,HISP,HOUSING_TYPE,INDP_CAT,MSP,NOC,NPF,OWN_RENT,PINCP,PINCP_DECILE,POVPIP,PUMA,RAC1P,SEX
0,-0.33934187731596044,0.06287712483903879,-0.040703115056777144,0.02742226392049956,-0.27848997592732866,-0.2967814095999597,-0.040796626661255345,-0.3712636857064481,0.08819058222086328,-0.06082775125882034,-0.2412033108578904,-0.22697193232315466,0.28806076856845453,0.25246607159547857,0.07046224827771848,0.39935326692742373,-0.343429098031557,-0.1388536086866872,-0.017929262432487037,0.05824905333233423,-0.008403482895958592
1,0.14789206953724124,-0.24487895909391358,-0.009861773722300307,-0.18000940309808217,-0.35153577197703734,-0.3353378883113515,0.02578871925788924,-0.11981481951491602,-0.10949398962223549,0.4287341605376554,-0.20435448336364745,-0.03689943333943881,-0.31073804573207864,-0.3129856417723922,-0.33783089408251477,0.06057707380949153,-0.04986746482304698,0.27906779017706623,-0.010439899651267813,-0.053625303563034236,-0.0044840470995469285
2,-0.05613236972823591,0.06967069999065931,0.6887297807209345,0.022783559958803906,-0.07451037088077028,-0.07775943681821015,-0.030800450140805125,0.04248244984123821,0.08863911085357218,-0.004420241343403929,0.03394088215145498,0.008883863440993792,-0.011272210511101886,-0.058793418169502225,0.05525648157302344,0.028309135942582636,0.01690171154462484,0.06508699423355803,0.6837848006752323,0.11823129889531929,0.012944785571355307
3,0.17347456469442898,-0.28503546803370455,0.016584296036988175,-0.2870661784443558,-0.22649945661143336,-0.17887826497407278,0.09093590967465584,-0.05169069218578423,0.00412449007037342,-0.2624758016608442,-0.06067018050248364,0.1660698219787994,-0.15523661567994643,-0.2514355394183505,0.5169337065295577,-0.10728503237061285,-0.025371090818418374,-0.4887560995939706,-0.01513194270367252,-0.02059172744538066,0.07307546692533637
4,-0.15848662252218257,0.1292474572756311,-0.03401944554350883,-0.037267159491804924,0.16270341942060787,0.14524765056814187,-0.3405080722600057,-0.14162673064485884,0.315477894661261,0.3427061360360608,-0.025597029603524845,0.4390791734549285,-0.10194479612837659,-0.16921266677232205,-0.027530598162044922,-0.08010468058418571,-0.3322667136140098,-0.15893488956534382,-0.05114112080678513,0.30165662860696235,0.29353750830695774
