,PUMA,SEX,MSP,HISP,RAC1P,OWN_RENT,INDP_CAT,EDU,PINCP_DECILE
PUMA,2.7755575615628914e-15,-0.007889721315046545,0.01985455986951505,0.022977360742009546,0.08101058690990194,-0.0035432968331659993,0.01848074946731254,0.0663688161573315,-0.017629815717975877
SEX,-0.007889721315046545,-8.104628079763643e-15,-0.0398707157002878,-0.01306628609971814,0.0032912544446530773,-0.0248316631969847,0.025670836279198292,0.008002188645032857,0.0950478600022894
MSP,0.01985455986951505,-0.0398707157002878,0.0,-0.024357974750318118,0.024726310245551403,0.08696153066703771,-0.14096923313991902,-0.21052324642384126,-0.17441038711738127
HISP,0.022977360742009546,-0.01306628609971814,-0.024357974750318118,-9.880984919163893e-15,-0.13696637373172998,-0.029102244655261213,-0.020229487593763855,0.04955989897188646,0.03794134550806519
RAC1P,0.08101058690990194,0.0032912544446530773,0.024726310245551403,-0.13696637373172998,0.0,-0.012337737120909362,0.022648255115825633,0.059795051300852324,0.06432845119574879
OWN_RENT,-0.0035432968331659993,-0.0248316631969847,0.08696153066703771,-0.029102244655261213,-0.012337737120909362,0.0,-0.03462267601676755,-0.009153795857340866,-0.05915886868199845
INDP_CAT,0.01848074946731254,0.025670836279198292,-0.14096923313991902,-0.020229487593763855,0.022648255115825633,-0.03462267601676755,1.0880185641326534e-14,-0.4079907878364508,-0.3906601282114307
EDU,0.0663688161573315,0.008002188645032857,-0.21052324642384126,0.04955989897188646,0.059795051300852324,-0.009153795857340866,-0.4079907878364508,-5.662137425588298e-15,-0.5659175094915457
PINCP_DECILE,-0.017629815717975877,0.0950478600022894,-0.17441038711738127,0.03794134550806519,0.06432845119574879,-0.05915886868199845,-0.3906601282114307,-0.5659175094915457,-1.5543122344752192e-15
