,feature,divergence
1,AGEP,7.033225570652379
9,PINCP_DECILE,6.4836412367186735
10,POVPIP,5.829555242270331
3,MSP,4.215298798564518
7,NPF,2.0250405486411336
6,NOC,0.5752910795147346
8,OWN_RENT,0.16957511343533074
2,SEX,0.12050881201480468
0,PUMA,0.04397522174490842
5,RAC1P,0.02762330309479181
4,HISP,0.014719916059420373
