,PUMA,SEX,MSP,HISP,RAC1P,OWN_RENT,INDP_CAT,EDU,PINCP_DECILE
PUMA,1.1435297153639112e-14,0.04034050917358314,-0.07001490061689616,-0.05263842323699808,-0.0262664025555844,-0.04234796477960038,0.02594459968642069,-0.0026731148369042446,0.000508191698660846
SEX,0.04034050917358314,-2.886579864025407e-15,-0.003934683251984332,-0.009208984655997135,-0.020042539481911988,-0.018290001979262154,0.006434519342225976,0.003270773685645871,0.10713071762353535
MSP,-0.07001490061689616,-0.003934683251984332,0.0,0.06856781839161606,0.058122212246446744,-0.0142873694499275,-0.2957642345114955,-0.18816382858383174,-0.3254536740494184
HISP,-0.05263842323699808,-0.009208984655997135,0.06856781839161606,2.220446049250313e-15,-0.09661235758565531,-0.0888546719254508,0.014820795707008769,0.12960240590994485,0.05842136834910348
RAC1P,-0.0262664025555844,-0.020042539481911988,0.058122212246446744,-0.09661235758565531,-3.774758283725532e-15,-0.048089869175342886,-0.002380892012982848,0.038350032086424866,0.03739052913816403
OWN_RENT,-0.04234796477960038,-0.018290001979262154,-0.0142873694499275,-0.0888546719254508,-0.048089869175342886,0.0,0.005357553909407238,0.08602155172146467,0.045915860180641456
INDP_CAT,0.02594459968642069,0.006434519342225976,-0.2957642345114955,0.014820795707008769,-0.002380892012982848,0.005357553909407238,-1.176836406102666e-14,-0.3891255591117885,-0.49629896940564533
EDU,-0.0026731148369042446,0.003270773685645871,-0.18816382858383174,0.12960240590994485,0.038350032086424866,0.08602155172146467,-0.3891255591117885,-3.774758283725532e-15,-0.6664975462436183
PINCP_DECILE,0.000508191698660846,0.10713071762353535,-0.3254536740494184,0.05842136834910348,0.03739052913816403,0.045915860180641456,-0.49629896940564533,-0.6664975462436183,0.0
