,AGEP,DEAR,DENSITY,DEYE,DPHY,DREM,DVET,EDU,HISP,HOUSING_TYPE,INDP_CAT,MSP,NOC,NPF,OWN_RENT,PINCP,PINCP_DECILE,POVPIP,PUMA,RAC1P,SEX
0,-0.3393413449616246,0.06287739574206155,-0.04070091705533934,0.027422186815518064,-0.27848995189776454,-0.29678136219190926,-0.04079656726937745,-0.3712642106950179,0.08819065055797869,-0.0608275336027251,-0.24120315512129265,-0.22697198204595004,0.28806060987627563,0.2524665645462581,0.07046253430319777,0.39935311984298644,-0.3434293380880152,-0.13885337436399062,-0.017931379844480805,0.05824884427216516,-0.00840361504152877
1,0.14787267417164718,-0.24488017488332453,-0.009856790954142408,-0.18001206077950105,-0.3515368464045601,-0.33534029118271114,0.025787071549915542,-0.1197913838706843,-0.1094928502727574,0.42872254036777036,-0.20435803600034907,-0.03689147287433821,-0.31070746501422986,-0.31302761000518764,-0.3378561517591036,0.060596520318330356,-0.04985329727034396,0.27905214992977956,-0.01044900070069498,-0.05362749050874193,-0.004483005659283417
2,-0.056125824789987094,0.06969405477621847,0.6887426707934272,0.022775684688877747,-0.07452462853384553,-0.07777637728147604,-0.030808050104276452,0.04254934947595783,0.08865472070887208,-0.004359645797356723,0.03388263187984984,0.008869811985757347,-0.011353380919165176,-0.058667023233966706,0.05534088083212188,0.028268411979207177,0.016878506543318142,0.0651157033786551,0.6837673450924083,0.11822345454456967,0.012940258499856985
3,0.17352002463219124,-0.28503755560813815,0.01649987174545205,-0.28706069195510286,-0.2265291384868205,-0.17890397147243464,0.09093285192439436,-0.05152275975938939,0.004147013595476994,-0.26243872358761133,-0.06069654180200351,0.16602982177885525,-0.15538974534742309,-0.2512400259582841,0.5170503565443664,-0.10736768597488205,-0.02558784411284147,-0.4886780782245779,-0.015053905754291752,-0.02059014430701256,0.0730315157890091
4,-0.15825037423886285,0.129161301440654,-0.03431098619514889,-0.037297368640450676,0.16278055062137234,0.14535835300948827,-0.34041949215110606,-0.14233499380547784,0.3155043697110299,0.342730859034832,-0.02560190474483342,0.43912302800017694,-0.10203232399188084,-0.1689012744714679,-0.027237354109406267,-0.08033100782181653,-0.33211505798619845,-0.15855977346747407,-0.05079814922039954,0.30174541972001695,0.2936615674932364
