,PUMA,SEX,MSP,HISP,RAC1P,OWN_RENT,INDP_CAT,EDU,PINCP_DECILE
PUMA,5.218048215738236e-15,0.0080653851654264,0.018253958119286984,-0.044961385723126635,0.003264734953411385,0.008622948542336216,-0.029543347844029483,-0.039364410296781824,-0.008958585913910782
SEX,0.0080653851654264,-1.1102230246251565e-16,-0.01706657855570344,-0.010238572055744709,0.025029042301858012,-0.029883767344041814,-0.014214374768856397,-0.008704432908931338,-0.012347715155551463
MSP,0.018253958119286984,-0.01706657855570344,-6.661338147750939e-16,-0.006504689184253709,-0.005614280768271908,0.007219081852723401,-0.06767246337629398,-0.09538341629153288,-0.046935897629805934
HISP,-0.044961385723126635,-0.010238572055744709,-0.006504689184253709,-3.9968028886505635e-15,-0.09411354632659646,-0.012601932362608814,0.00525000951133632,0.02680579087436527,0.007671271581379896
RAC1P,0.003264734953411385,0.025029042301858012,-0.005614280768271908,-0.09411354632659646,4.3298697960381105e-15,-0.032274074892237437,-0.026042565558320206,0.029592630364279893,0.01625472412408202
OWN_RENT,0.008622948542336216,-0.029883767344041814,0.007219081852723401,-0.012601932362608814,-0.032274074892237437,1.099120794378905e-14,-0.029621311034915915,-0.012607680027513836,-0.0323717587172676
INDP_CAT,-0.029543347844029483,-0.014214374768856397,-0.06767246337629398,0.00525000951133632,-0.026042565558320206,-0.029621311034915915,-1.5543122344752192e-15,-0.10055751529337625,-0.03665834833527021
EDU,-0.039364410296781824,-0.008704432908931338,-0.09538341629153288,0.02680579087436527,0.029592630364279893,-0.012607680027513836,-0.10055751529337625,-2.886579864025407e-15,-0.11285527462571043
PINCP_DECILE,-0.008958585913910782,-0.012347715155551463,-0.046935897629805934,0.007671271581379896,0.01625472412408202,-0.0323717587172676,-0.03665834833527021,-0.11285527462571043,0.0
