,feature,divergence
10,POVPIP,7.49300163771155
1,AGEP,4.634342939616408
9,PINCP_DECILE,4.430404778909954
3,MSP,0.7214442835274928
7,NPF,0.5951788293064265
6,NOC,0.3264396675248838
0,PUMA,0.23423919275312466
2,SEX,0.11581610955819255
8,OWN_RENT,0.09271956274398852
4,HISP,0.07248849494068227
5,RAC1P,0.061079206523014205
11,DEYE,0.006376205241692027
