,PUMA,SEX,MSP,HISP,RAC1P,OWN_RENT,INDP_CAT,EDU,PINCP_DECILE
PUMA,2.1094237467877974e-15,0.009446255505621148,0.08140152437528543,-0.029564646343349377,0.05614564150874936,-0.005178275328745572,-0.0001820249531431263,0.09415267194825593,0.009173600781752885
SEX,0.009446255505621148,0.0,-0.0034186842290733314,-0.018899633800183155,-0.004733760966014721,-0.03500386722424696,-0.055825825982348726,-0.023979112376809955,0.09495829664269798
MSP,0.08140152437528543,-0.0034186842290733314,0.0,-0.014596170038958156,-0.015204528929044645,-0.012807991187443185,-0.27591593739475256,-0.26887888461699094,-0.16205384870986073
HISP,-0.029564646343349377,-0.018899633800183155,-0.014596170038958156,-2.55351295663786e-15,-0.1917245112399672,-0.09833377158132936,0.012405334842380138,0.10683261595363908,0.07892371741863746
RAC1P,0.05614564150874936,-0.004733760966014721,-0.015204528929044645,-0.1917245112399672,0.0,-0.10005620941368766,0.023029399482936773,0.09049523454829643,0.12126162786896086
OWN_RENT,-0.005178275328745572,-0.03500386722424696,-0.012807991187443185,-0.09833377158132936,-0.10005620941368766,3.774758283725532e-15,-0.08620872601722371,0.004455785965210464,-0.013183574218246792
INDP_CAT,-0.0001820249531431263,-0.055825825982348726,-0.27591593739475256,0.012405334842380138,0.023029399482936773,-0.08620872601722371,3.552713678800501e-15,-0.47853338478851404,-0.4894219659423096
EDU,0.09415267194825593,-0.023979112376809955,-0.26887888461699094,0.10683261595363908,0.09049523454829643,0.004455785965210464,-0.47853338478851404,1.2212453270876722e-15,-0.018668787644570473
PINCP_DECILE,0.009173600781752885,0.09495829664269798,-0.16205384870986073,0.07892371741863746,0.12126162786896086,-0.013183574218246792,-0.4894219659423096,-0.018668787644570473,0.0
