,PUMA,SEX,MSP,HISP,RAC1P,OWN_RENT,INDP_CAT,EDU,PINCP_DECILE
PUMA,0.0,-0.029139829017638938,0.03005140420603101,0.004713663804084764,-0.013362648477208916,-0.004183040311379078,0.03102342943313004,-0.005751242894986186,0.013683616776128983
SEX,-0.029139829017638938,0.0,-0.0028343238128125292,-0.04373057141356784,-0.0407837422358473,-0.015928794045993185,0.0013423171488461047,0.0019056259713747942,-0.008030310382213288
MSP,0.030051404206031012,-0.0028343238128125284,0.0,-0.019161272207698317,0.009128520580484696,-0.011538183178313417,-0.01694720638192948,-0.02223577043935754,-0.007363538612347426
HISP,0.004713663804084764,-0.04373057141356784,-0.019161272207698317,2.220446049250313e-16,0.02374329115099505,0.07060565721965813,0.014362152876569346,0.005426807292340241,0.007572702967789141
RAC1P,-0.01336264847720893,-0.0407837422358473,0.009128520580484696,0.02374329115099505,0.0,-0.027511525311813945,0.024927368516712473,0.012892558575894664,0.003727286810238928
OWN_RENT,-0.004183040311379078,-0.015928794045993185,-0.011538183178313417,0.07060565721965811,-0.027511525311813945,1.1102230246251565e-16,0.018303286331644575,-0.003351908253138247,-0.007873049283855467
INDP_CAT,0.031023429433130047,0.0013423171488461047,-0.01694720638192948,0.014362152876569346,0.024927368516712473,0.018303286331644582,0.0,-0.01496987673774075,-0.008589440110928492
EDU,-0.005751242894986172,0.0019056259713747907,-0.02223577043935754,0.005426807292340241,0.012892558575894664,-0.003351908253138247,-0.01496987673774075,0.0,-0.008319196562472708
PINCP_DECILE,0.013683616776128983,-0.008030310382213274,-0.007363538612347426,0.007572702967789141,0.0037272868102389,-0.007873049283855463,-0.008589440110928492,-0.008319196562472708,-1.1102230246251565e-16
