,feature,divergence
9,PINCP_DECILE,2.786773323956868
1,AGEP,2.5714285714285716
7,NPF,0.5479616698209662
10,POVPIP,0.42022018470770844
3,MSP,0.2700707382139421
6,NOC,0.18211032148069797
8,OWN_RENT,0.17594942417725457
5,RAC1P,0.05467523975588493
2,SEX,0.009699351889860042
0,PUMA,0.008156709191191935
4,HISP,0.007664183282876165
