,feature,divergence
1,AGEP,2.850952239250112
0,PUMA,2.210834907129126
9,PINCP_DECILE,1.576710380387861
7,NPF,1.4032173079050576
3,MSP,1.0058067744135883
10,POVPIP,0.4926785877839222
6,NOC,0.441329402098089
8,OWN_RENT,0.3295725957106372
5,RAC1P,0.08019806800242982
4,HISP,0.05653760873095516
2,SEX,0.010620149260377132
