,feature,divergence
1,AGEP,7.653895274584928
9,PINCP_DECILE,1.4877549342986915
10,POVPIP,0.48450367484282303
7,NPF,0.2820134696635555
3,MSP,0.2056888769217536
5,RAC1P,0.1133594011634397
6,NOC,0.10322286314722678
4,HISP,0.07139751357845095
2,SEX,0.06756885467879925
8,OWN_RENT,0.023846444168868247
0,PUMA,0.02106349221799353
11,DEYE,0.006991558891729057
