,PUMA,SEX,MSP,HISP,RAC1P,OWN_RENT,INDP_CAT,EDU,PINCP_DECILE
PUMA,5.10702591327572e-15,-0.008501405727759318,0.014081305950735649,-0.019828213192153825,-0.014563758448183764,0.018023255549964756,0.05271235959571748,0.0322294790322385,0.04834153479734154
SEX,-0.008501405727759318,2.6645352591003757e-15,-0.005645923736293773,0.02733392349797363,-0.010583749273850113,0.01868344559302692,-0.03885437910300746,0.013527658286037171,-0.00821216446230727
MSP,0.014081305950735649,-0.005645923736293773,1.3322676295501878e-15,-0.03614405396973287,-0.01726167876446074,0.005677701739405405,-0.016914389268565866,-0.012173483390014062,-0.008811238571980268
HISP,-0.019828213192153825,0.02733392349797363,-0.03614405396973287,-1.5543122344752192e-15,-0.002238762575356601,-0.016246191259902593,-0.02944920001841797,-0.041724090186107926,-0.024701255517075943
RAC1P,-0.014563758448183764,-0.010583749273850113,-0.01726167876446074,-0.002238762575356601,4.551914400963142e-15,-0.01431085631381869,-0.009291629844268564,-0.008359462202510909,0.010481763812993816
OWN_RENT,0.018023255549964756,0.01868344559302692,0.005677701739405405,-0.016246191259902593,-0.01431085631381869,0.0,0.000279305091618217,-0.004123156661948013,-0.01812123541165083
INDP_CAT,0.05271235959571748,-0.03885437910300746,-0.016914389268565866,-0.02944920001841797,-0.009291629844268564,0.000279305091618217,-1.2212453270876722e-15,-0.00922723122886987,-0.02255929960750519
EDU,0.0322294790322385,0.013527658286037171,-0.012173483390014062,-0.041724090186107926,-0.008359462202510909,-0.004123156661948013,-0.00922723122886987,-2.220446049250313e-16,-0.0007689615083643631
PINCP_DECILE,0.04834153479734154,-0.00821216446230727,-0.008811238571980268,-0.024701255517075943,0.010481763812993816,-0.01812123541165083,-0.02255929960750519,-0.0007689615083643631,3.3306690738754696e-16
