,feature,divergence
7,EDU,1.2978389641523107
6,INDP_CAT,1.1765164045349292
8,PINCP_DECILE,0.9507427630080947
2,MSP,0.2944588817351234
0,PUMA,0.27240675990675994
4,RAC1P,0.2512906543907109
3,HISP,0.08760374127255961
5,OWN_RENT,0.06776280373657693
1,SEX,0.019990574882227663
