,AGEP,DVET,EDU,HOUSING_TYPE,MSP,OWN_RENT,PINCP_DECILE,RAC1P,SEX
0,-0.49980572994103906,-0.07106053098906517,-0.5692835980526694,0.15567481101450553,-0.14672118901376813,-0.09099128616656982,-0.5888061433512749,0.1344792154541643,0.04735310080905549
1,0.07761816699082036,-0.02230235271500012,0.1235085605298349,0.6735634470931817,0.3992316465832576,-0.6004735578258825,-0.01166282875579635,-0.023893010335051257,0.06224664354845796
2,-0.0510281414519594,0.6186303444425219,-0.07942093627638536,0.07529543235000034,-0.147243588216472,-0.14155313037776768,0.08853405886324833,0.10438112852220997,-0.7363856842050343
3,-0.2080107882528504,-0.19255590427149935,0.1753791350755426,0.02275265706811002,0.34120219142877006,0.2187107835200966,0.09607763615491513,0.8330627760491286,-0.14456959571618988
4,0.16583733737204592,0.6869815151998016,0.029633444012213073,0.004765381266893534,-0.06756593636977912,0.014247860690340713,-0.1107854696082019,0.3360544135756669,0.6080126470664236
