,PUMA,SEX,MSP,HISP,RAC1P,OWN_RENT,INDP_CAT,EDU,PINCP_DECILE
PUMA,-2.220446049250313e-15,-0.005070404768176615,0.06856265037453026,0.03927245895123887,0.08894603369444486,0.03318765281226564,0.010589682466362271,0.07360391779840669,-0.02463779010062356
SEX,-0.005070404768176615,-1.3322676295501878e-15,0.0024573810724406037,0.0586254811840371,0.03749500563233003,0.006315359179243477,-0.005151829136431949,-0.01719775250249039,0.11961978781115631
MSP,0.06856265037453026,0.0024573810724406037,0.0,-0.010986204494011269,0.06383475779041742,0.07659900883293058,-0.29918633967382907,-0.24597828278023018,-0.1510591879960364
HISP,0.03927245895123887,0.0586254811840371,-0.010986204494011269,0.0,-0.059195605176088836,-0.0821743424399119,0.021553810081415853,0.06908518276885892,0.057759984533477825
RAC1P,0.08894603369444486,0.03749500563233003,0.06383475779041742,-0.059195605176088836,0.0,-0.01015074471496372,0.08625529701552875,0.018634037974036,0.07188478843983984
OWN_RENT,0.03318765281226564,0.006315359179243477,0.07659900883293058,-0.0821743424399119,-0.01015074471496372,0.0,-0.059275621403304286,-0.004483039713500156,-0.07188003258795816
INDP_CAT,0.010589682466362271,-0.005151829136431949,-0.29918633967382907,0.021553810081415853,0.08625529701552875,-0.059275621403304286,1.0880185641326534e-14,-0.4924461312522109,-0.47116955200432825
EDU,0.07360391779840669,-0.01719775250249039,-0.24597828278023018,0.06908518276885892,0.018634037974036,-0.004483039713500156,-0.4924461312522109,0.0,-0.663002130646595
PINCP_DECILE,-0.02463779010062356,0.11961978781115631,-0.1510591879960364,0.057759984533477825,0.07188478843983984,-0.07188003258795816,-0.47116955200432825,-0.663002130646595,1.6653345369377348e-15
