,EDU,HISP,INDP_CAT,MSP,OWN_RENT,PINCP_DECILE,PUMA,RAC1P,SEX
0,-0.5711275826037832,0.09765649436928081,-0.5004442530985016,-0.2982862216892411,0.004362825624501791,-0.5535746002048514,0.05716361394535692,0.12286875986066871,0.00539349972821087
1,-0.025747737539148163,0.5862344447408906,0.20355365568546863,0.204835956905265,0.4980045256423212,-0.03326728927977757,0.03571805441057631,0.5505229960803353,0.13714153676526802
2,-0.027387643779078315,0.28795314487401796,0.1022279007821684,-0.23418829899427934,-0.02830656363992369,0.14753638134549568,0.8607935323039901,-0.23521682401783664,-0.17938086664465686
3,-0.011289996827379122,0.12662160088743019,-0.0900706376103547,0.08884907473649788,-0.15136372707000537,0.09636782792189579,-0.15395168477612975,0.2473856620091112,-0.922352484235431
4,0.04110511941978013,0.34044241752763427,-0.01468968702702142,0.3471448576965196,-0.8096861230088348,-0.11316330943767036,0.07429342428193084,0.17733010918458153,0.23732036883593133
