,DVET,EDU,HOUSING_TYPE,MSP,OWN_RENT,PINCP_DECILE,RAC1P,SEX
0,-0.09031920309991018,-0.6526079752061518,-0.0634945851477829,-0.34581568321936024,0.10305849230679967,-0.6267725044602092,0.1878047203007348,0.059914814478982836
1,-0.03223277540441771,-0.09494912511478532,0.7070728781467982,0.183708801578839,-0.6381895809962025,-0.2010677529570018,-0.06955819892601556,-0.060763537028541204
2,0.6191160860933845,-0.10489808312742299,-0.07171062381599445,-0.3768846420570489,-0.14229518646533557,0.07709388088563313,-0.2564692480512389,-0.6054249378352955
3,0.2262822733951948,-0.031051272501163428,0.10700090777168866,0.4467506861810172,0.21624730141007106,-0.04654458456248059,0.7181067812911173,-0.4149579958266444
4,0.7400568506373822,0.023716331941203705,0.05307972837067585,0.0712188965577277,-0.006103888259117698,-0.08754464201720827,0.08985298546436082,0.6542850478487714
