,feature,divergence
1,AGEP,4.667837678564087
9,PINCP_DECILE,2.087858242994746
0,PUMA,1.9768177595227616
10,POVPIP,1.2806388224654397
7,NPF,0.893509438923645
3,MSP,0.33675499323625374
6,NOC,0.19299104920554275
5,RAC1P,0.17439564007562403
4,HISP,0.17331353985650627
8,OWN_RENT,0.14140698039862845
2,SEX,0.04534311430928617
