,AGEP,HISP,MSP,NOC,NPF,OWN_RENT,PINCP_DECILE,POVPIP,PUMA,RAC1P,SEX
0,-0.4620673165575866,0.17229438035653877,-0.23524154992406798,0.48525643017749936,0.4497517383679849,0.15256761391536042,-0.40389750820632786,-0.2552143140962602,-0.01325343878322537,0.10945176274988129,0.004434341342924315
1,0.04022263831139051,0.17952821707467423,0.4134443307775214,-0.13969336011938277,-0.2838100726392048,0.577993868934511,-0.08425944050002054,-0.5547096160240299,0.009575165190556963,0.14606512945054748,0.15762969903432955
2,-0.10705523648905112,0.5597321764429589,0.14670291473082525,-0.08323796522868959,-0.06712917640353375,-0.21244911824654222,0.03465886196805712,0.23380931579635383,0.31083017232927096,0.6413793303764153,-0.18247447616035717
3,-0.04743752371493487,0.0019671738776327343,0.026973041675101714,-0.13594230202908494,-0.11168192354357284,-0.31025322956712004,-0.39804866617398066,0.10449213536054765,-0.028986063252183055,0.08625873147997,0.8319651020294364
4,0.0384999701622939,0.1032275584706897,0.07154933010310863,-0.05633622718184003,0.014544651477988644,-0.15383582298267143,-0.021778709689944546,-0.04212116724928562,-0.9284815800060379,0.2725368180436033,-0.13072441429580833
