,feature,divergence
0,AGEP,9.626225662678864
6,EDU,2.3111638588536407
7,PINCP_DECILE,1.4326023391812863
2,MSP,0.49624034731264505
3,RAC1P,0.1845460285737094
8,DVET,0.16346961686175035
1,SEX,0.1317917781958582
9,DEYE,0.05583421654634476
5,OWN_RENT,0.03982114154212417
4,HOUSING_TYPE,0.038403791175968593
