,EDU,HISP,INDP_CAT,MSP,OWN_RENT,PINCP_DECILE,PUMA,RAC1P,SEX
0,-0.5661256654249889,0.15509979203949475,-0.4897462755127014,-0.304355211133455,0.0494815244721335,-0.5534536170037252,-0.04389932701996414,0.10682166712636448,0.029409685729566634
1,-0.0034601267865826154,0.6176667604119571,0.20689453940539204,0.2600836941654909,0.33893200713047444,-0.020471515636094784,0.21019913550128064,0.589648817421763,0.02938586966518554
2,-0.018556109310645323,0.12612634670486164,-0.10267619157272093,-0.21350482906193452,-0.29024814866884363,0.22623656138595954,0.04080408225365606,0.20127577296703097,-0.8660353478351897
3,-0.05000731534029691,0.05132823467927359,0.08272803769323057,0.18707511355719056,0.03145250360186939,-0.0039242100869190805,-0.9599163500806988,0.16169289819498078,-0.06659581456505333
4,0.08749415590913974,0.10041662662184067,0.0039022339364809394,-0.007443873101260042,-0.8449588410538781,-0.047697127975202785,0.007298891278701217,0.3602809085133176,0.36892352752016194
