,feature,divergence
1,AGEP,0.732315664606356
9,PINCP_DECILE,0.32765642701321074
0,PUMA,0.12529997073456256
7,NPF,0.11199641950662209
10,POVPIP,0.10535216659490516
3,MSP,0.09266441933770517
6,NOC,0.041358052957275356
2,SEX,0.030403887305616495
4,HISP,0.013539616886484423
8,OWN_RENT,0.012308730740319868
5,RAC1P,0.010374139358165516
