,PUMA,SEX,MSP,HISP,RAC1P,OWN_RENT,INDP_CAT,EDU,PINCP_DECILE
PUMA,1.1213252548714081e-14,0.0013632366586844786,-0.023286285457623707,-0.03174618346390478,-0.012308451749781464,-0.03688134361854903,-0.04718233119990785,-0.055734503830499535,-0.02833332448887573
SEX,0.0013632366586844786,-2.3314683517128287e-15,-0.012662554947542077,0.01611447759001947,0.011490062956902415,-0.003536513861465416,-0.0033556436604222153,-0.03795811017709923,0.10522407904041027
MSP,-0.023286285457623707,-0.012662554947542077,0.0,-0.046694062078592384,-0.0656897077638024,-0.03991614238315189,-0.08888979702533878,0.016610867659591855,0.014601216771831377
HISP,-0.03174618346390478,0.01611447759001947,-0.046694062078592384,2.220446049250313e-15,-0.14539958097015981,-0.06574861049638997,-0.033066887190805645,0.01954242203937176,-0.0033351654318235224
RAC1P,-0.012308451749781464,0.011490062956902415,-0.0656897077638024,-0.14539958097015981,-4.440892098500626e-16,-0.05850654440937149,-0.041179157917890785,0.022355997625196897,0.008184730930595768
OWN_RENT,-0.03688134361854903,-0.003536513861465416,-0.03991614238315189,-0.06574861049638997,-0.05850654440937149,-2.220446049250313e-16,-0.03952367551650259,0.03320720883032702,0.004730175106499507
INDP_CAT,-0.04718233119990785,-0.0033556436604222153,-0.08888979702533878,-0.033066887190805645,-0.041179157917890785,-0.03952367551650259,-3.3306690738754696e-16,-0.15471005596634096,-0.09229117333016179
EDU,-0.055734503830499535,-0.03795811017709923,0.016610867659591855,0.01954242203937176,0.022355997625196897,0.03320720883032702,-0.15471005596634096,2.1094237467877974e-15,-0.07825495109665326
PINCP_DECILE,-0.02833332448887573,0.10522407904041027,0.014601216771831377,-0.0033351654318235224,0.008184730930595768,0.004730175106499507,-0.09229117333016179,-0.07825495109665326,-5.551115123125783e-16
