,AGEP,DEYE,DVET,EDU,HOUSING_TYPE,MSP,OWN_RENT,PINCP_DECILE,RAC1P,SEX
0,-0.5003671965995968,0.03900010057801062,-0.09147255741886581,-0.5717285720585461,0.02857126808250529,-0.23289866092055778,0.06753307375165338,-0.571840333447005,0.16142351159960264,0.01389730658822768
1,-0.03675130220352735,-0.00945697485413111,-0.020757550366643788,-0.009303160616243021,0.7107583250013614,0.23447166211410747,-0.6402728025062311,-0.11921538103752059,-0.09207325951810698,-0.0724504796505384
2,0.09901175711451707,-0.27791274265990534,0.623589473923962,-0.16046422730358317,-0.06821032417491348,-0.39253564712295747,-0.1484723321329432,0.012234921473096433,-0.2460947331152722,-0.5068089898784702
3,-0.11347758108069729,-0.3436023315317041,0.228752696413909,0.017965216400227108,0.09691595087680069,0.551147777014362,0.2765624299491433,-0.018082836577405947,0.5527299875731473,-0.34774840301317045
4,0.2373799763626718,-0.7955381192427441,-0.04165471474757286,-0.09690685272827232,0.0031132641869925926,-0.017539553050385806,-0.018473106588049445,-0.16340211137630595,-0.08018248525369574,0.5156119949550841
