,AGEP,DEYE,HISP,MSP,NOC,NPF,OWN_RENT,PINCP_DECILE,POVPIP,PUMA,RAC1P,SEX
0,-0.4628491606302896,0.07315148085400758,0.1710232891078233,-0.23505908513614968,0.4844404883453542,0.44944576837523426,0.15138723674413576,-0.40095631188216496,-0.25178303585568546,-0.012839000052200292,0.10944910014099238,0.003314950349358199
1,0.04494434893080314,-0.15253190350776968,0.17767095538071043,0.39800261212175453,-0.13225403149673598,-0.27466541158826496,0.5667211718828414,-0.10050879647976423,-0.560312001466606,0.0025159026712670055,0.1366157644058101,0.16707518795960596
2,-0.11163374314216093,0.14057025060753553,0.5481060903060134,0.1701910503543848,-0.08535062182635633,-0.07645478895234152,-0.16779926937614706,0.06095908271294412,0.21778723647189233,0.3148004158555473,0.6344714360772823,-0.21048842919697042
3,-0.028794325335343058,-0.30294469711763183,0.07487542606291037,-0.014473375000577791,-0.12003109293574836,-0.08447836649433055,-0.36376801930877206,-0.39097201589716746,0.12195901207307784,-0.027279736815286948,0.13635799332492834,0.7487573408863529
4,0.08955974344878789,-0.4485627897791407,0.1699684001931261,-0.027759892226603092,-0.004514239518566776,0.06353431720790478,-0.1450242047534014,0.03637550834591885,-0.05541007514551521,-0.7636142816673457,0.23839199976213374,-0.3028046049194989
