,AGEP,DEYE,DVET,EDU,HOUSING_TYPE,MSP,OWN_RENT,PINCP_DECILE,RAC1P,SEX
0,-0.5028447292406174,0.04301220449129406,-0.07175908242364283,-0.5679702824416615,0.15157002341313996,-0.14873136663161812,-0.0876120031830325,-0.5866974558755625,0.1357380801582599,0.04635121613684518
1,0.08304591705250255,-0.10230268734180449,-0.01907577203785388,0.11162185388090992,0.6716988815264681,0.3945644912925197,-0.5978167220009152,-0.022949751126822793,-0.028007983581811332,0.06525117564494148
2,-0.13513795045845411,0.2606459383708719,0.49819505834567557,-0.006038019141979878,0.09158676751919202,-0.06551219753834116,-0.11924577457641565,0.13773881465729745,0.25369209881646004,-0.7452083295905255
3,0.22223680784031352,-0.6550436193785864,0.4440294910217552,-0.21438907305983668,-0.027478646941788663,-0.25933023762212765,-0.100011611929893,-0.11685032394868444,-0.4203788058073083,-0.10010936582182194
4,0.018644768478137855,-0.46355251690190724,0.26764428870716245,0.06380068629860533,-0.0032172989541424946,0.25228501745897586,0.23686945384444416,-0.0579836563961853,0.7405275973679853,0.19380143897426216
