,AGEP,DEYE,HISP,MSP,NOC,NPF,OWN_RENT,PINCP_DECILE,POVPIP,PUMA,RAC1P,SEX
0,-0.46284916063028914,0.07315148085400747,0.17102328910782302,-0.23505908513614937,0.48444048834535447,0.44944576837523426,0.1513872367441359,-0.40095631188216485,-0.25178303585568523,-0.012839000052200109,0.10944910014099246,0.0033149503493580743
1,0.04494434893080338,-0.15253190350777118,0.17767095538071084,0.3980026121217544,-0.13225403149673592,-0.2746654115882642,0.5667211718828403,-0.1005087964797646,-0.5603120014666053,0.0025159026712661308,0.1366157644058101,0.1670751879596063
2,-0.11163374314216117,0.14057025060753717,0.548106090306013,0.17019105035438625,-0.08535062182635655,-0.07645478895234048,-0.16779926937614578,0.06095908271294545,0.21778723647189133,0.3148004158555482,0.6344714360772813,-0.21048842919697444
3,-0.028794325335343422,-0.30294469711763233,0.0748754260629165,-0.014473375000577805,-0.12003109293574814,-0.08447836649432995,-0.3637680193087732,-0.3909720158971659,0.1219590120730804,-0.027279736815286785,0.1363579933249291,0.7487573408863516
4,0.08955974344879045,-0.44856278977918423,0.16996840019313064,-0.027759892226611432,-0.004514239518561336,0.06353431720790934,-0.14502420475340003,0.036375508345922736,-0.055410075145514014,-0.7636142816673165,0.2383919997621255,-0.30280460491951267
