,PUMA,SEX,MSP,HISP,RAC1P,OWN_RENT,INDP_CAT,EDU,PINCP_DECILE
PUMA,2.7755575615628914e-15,0.0023631548729742494,-0.008786896092233695,0.013440359846339272,-0.026950614716008223,0.010138042025011026,0.0031259954417892,0.009830487274303017,-0.011537390525901605
SEX,0.0023631548729742494,-6.8833827526759706e-15,-0.00115474461597969,9.954544872672194e-05,-0.009534680585659167,0.00961775776055391,-0.0013397524150204898,-0.012746649305031867,-0.001184969533312874
MSP,-0.008786896092233695,-0.00115474461597969,-2.886579864025407e-15,0.02415449570523852,-2.9713659796159336e-05,0.0228784578821306,0.00221848641789818,-0.007755489976023128,-0.0020017812964777115
HISP,0.013440359846339272,9.954544872672194e-05,0.02415449570523852,0.0,0.014953958929672329,0.016573149684788242,0.021228958526187773,0.026225080866044054,0.025432879625021762
RAC1P,-0.026950614716008223,-0.009534680585659167,-2.9713659796159336e-05,0.014953958929672329,-4.6629367034256575e-15,-0.004272609927258905,0.019890798977528545,0.003006827841667302,0.013080870536237355
OWN_RENT,0.010138042025011026,0.00961775776055391,0.0228784578821306,0.016573149684788242,-0.004272609927258905,-2.55351295663786e-15,0.03421209646952947,0.01563210444916152,0.0039670351847835295
INDP_CAT,0.0031259954417892,-0.0013397524150204898,0.00221848641789818,0.021228958526187773,0.019890798977528545,0.03421209646952947,1.0880185641326534e-14,-0.0023595155713245775,-0.009433192221966757
EDU,0.009830487274303017,-0.012746649305031867,-0.007755489976023128,0.026225080866044054,0.003006827841667302,0.01563210444916152,-0.0023595155713245775,-1.1102230246251565e-15,0.0012517938932864459
PINCP_DECILE,-0.011537390525901605,-0.001184969533312874,-0.0020017812964777115,0.025432879625021762,0.013080870536237355,0.0039670351847835295,-0.009433192221966757,0.0012517938932864459,1.5543122344752192e-15
