,feature,divergence
1,AGEP,10.316887979666479
9,PINCP_DECILE,6.171037037037037
10,POVPIP,3.262468790884593
7,NPF,1.75030525030525
3,MSP,1.3493792507826838
6,NOC,1.3331608134623698
8,OWN_RENT,1.0997301464919045
5,RAC1P,0.6999315034845097
2,SEX,0.5544976289270894
4,HISP,0.2060016338146938
0,PUMA,0.07932674952897978
