,PUMA,SEX,MSP,HISP,RAC1P,OWN_RENT,INDP_CAT,EDU,PINCP_DECILE
PUMA,-2.4424906541753444e-15,0.003603464832481253,-0.04865421651702026,0.012209158855087887,0.013358055543572667,0.009335297305200446,0.009084973118448948,-0.012506735009688713,0.02349885353220066
SEX,0.003603464832481253,8.881784197001252e-16,0.0318136384657592,-0.040540786771702815,-0.018167472566085675,-0.06273517656314731,0.045147398182291056,-0.03197121744081797,0.04275365818334753
MSP,-0.04865421651702026,0.0318136384657592,0.0,-0.026468860077881982,0.017868195070222245,0.05543888608504315,-0.0909537713965188,0.035453530643934666,0.007294090995524027
HISP,0.012209158855087887,-0.040540786771702815,-0.026468860077881982,0.0,-0.14161585315689615,-0.05108695572789315,-0.0016134386955202543,0.02872653572801681,0.023919774658831786
RAC1P,0.013358055543572667,-0.018167472566085675,0.017868195070222245,-0.14161585315689615,-1.021405182655144e-14,-0.08644639982187276,0.02857975962942711,0.08001738331405639,0.08760763879377842
OWN_RENT,0.009335297305200446,-0.06273517656314731,0.05543888608504315,-0.05108695572789315,-0.08644639982187276,0.0,-0.08449568710222706,0.0030159168767753715,-0.10692038403742087
INDP_CAT,0.009084973118448948,0.045147398182291056,-0.0909537713965188,-0.0016134386955202543,0.02857975962942711,-0.08449568710222706,-9.2148511043888e-15,-0.10615228619664036,0.003105360155968684
EDU,-0.012506735009688713,-0.03197121744081797,0.035453530643934666,0.02872653572801681,0.08001738331405639,0.0030159168767753715,-0.10615228619664036,4.218847493575595e-15,-0.010567190425638251
PINCP_DECILE,0.02349885353220066,0.04275365818334753,0.007294090995524027,0.023919774658831786,0.08760763879377842,-0.10692038403742087,0.003105360155968684,-0.010567190425638251,0.0
