,PUMA,SEX,MSP,HISP,RAC1P,OWN_RENT,INDP_CAT,EDU,PINCP_DECILE
PUMA,2.3314683517128287e-15,0.001207435823452705,0.04840030064825729,-0.05129320230956683,0.013717171845664393,0.014284339647306098,0.023793204409090406,0.05705435702891498,-0.00024333309695892535
SEX,0.001207435823452705,-5.551115123125783e-16,0.006960699282159949,-0.012889204896190266,-0.015197557543019083,-0.037615167040884634,-0.02826789701091082,-0.01929466742538702,0.06495753593981486
MSP,0.04840030064825729,0.006960699282159949,0.0,-0.0357484240111007,-0.027607590883237706,-0.07131074464334178,-0.11902176689910349,0.0017580729221389202,0.05773576259037763
HISP,-0.05129320230956683,-0.012889204896190266,-0.0357484240111007,3.6637359812630166e-15,-0.17762027464730437,-0.06622240126330875,-0.06316485398220867,0.05050308852112802,0.01585492327104969
RAC1P,0.013717171845664393,-0.015197557543019083,-0.027607590883237706,-0.17762027464730437,0.0,-0.09074022318188227,-0.014397590335954127,0.060489963584246714,0.06684846833474273
OWN_RENT,0.014284339647306098,-0.037615167040884634,-0.07131074464334178,-0.06622240126330875,-0.09074022318188227,3.774758283725532e-15,-0.05987476629512792,0.0475387157565599,0.019152949853408905
INDP_CAT,0.023793204409090406,-0.02826789701091082,-0.11902176689910349,-0.06316485398220867,-0.014397590335954127,-0.05987476629512792,3.552713678800501e-15,-0.155727023620357,-0.16741598204585012
EDU,0.05705435702891498,-0.01929466742538702,0.0017580729221389202,0.05050308852112802,0.060489963584246714,0.0475387157565599,-0.155727023620357,1.1102230246251565e-15,-0.155608280303131
PINCP_DECILE,-0.00024333309695892535,0.06495753593981486,0.05773576259037763,0.01585492327104969,0.06684846833474273,0.019152949853408905,-0.16741598204585012,-0.155608280303131,-7.771561172376096e-16
