,AGEP,HISP,MSP,NOC,NPF,OWN_RENT,PINCP_DECILE,POVPIP,PUMA,RAC1P,SEX
0,-0.37712970483181457,0.10413523716016904,-0.3314779708948432,0.5079493510979782,0.4785791057231925,0.1955413097646234,-0.3508381593954954,-0.2510332787998791,0.08098020901853592,0.13530945076501014,0.02815887984840565
1,0.052178973524244644,0.24807681582745394,0.3832195882398833,-0.12304575686133987,-0.24863022882194005,0.578435422541921,-0.06139564421859339,-0.5542800656460347,-0.05828465728733244,0.2215571200678152,0.1176976351241016
2,-0.43936346916089036,0.318404144823104,0.26410643349457413,-0.16668641207366972,-0.15586776602492636,-0.3064122138005862,-0.39987663378438276,0.2983191300704268,-0.19432893443511345,0.44505361627842477,-0.07160088936239166
3,0.17623700639528786,0.6169614406085168,-0.10171802336394067,-0.01807741156172815,0.08682112931288916,-0.024411995427562325,0.30000688005160636,0.10596731672846918,0.6035702499803894,0.2246386907716969,-0.2312987395801957
4,0.04670494665941609,0.12648154272851667,-0.00044495873169774457,-0.09334062214149286,-0.049240919725061734,-0.19457502251122,-0.23857217577582251,0.007353049551732095,0.35551282724199684,-0.15737767160475377,0.8512910417539096
