,feature,divergence
8,PINCP_DECILE,1.697001079111957
7,EDU,1.6748099123099123
0,PUMA,0.763444906919744
4,RAC1P,0.5224355356721424
2,MSP,0.5162376055419307
5,OWN_RENT,0.4798793869760064
6,INDP_CAT,0.4019667308461173
3,HISP,0.12192044225453672
1,SEX,0.03609904439801559
