,feature,divergence
6,EDU,2.9052617640730256
7,PINCP_DECILE,2.5996952145275394
0,AGEP,1.1304984627302876
2,MSP,0.06287383091198112
1,SEX,0.02179004315481292
3,RAC1P,0.009457500211549216
5,OWN_RENT,0.008185563534716396
9,DEYE,0.0018137102002574804
4,HOUSING_TYPE,0.0015880492761917338
8,DVET,0.0009904475877628833
