,AGEP,DEYE,HISP,MSP,NOC,NPF,OWN_RENT,PINCP_DECILE,POVPIP,PUMA,RAC1P,SEX
0,-0.4628491606302897,0.07315148085400758,0.17102328910782286,-0.23505908513614965,0.48444048834535436,0.4494457683752339,0.1513872367441359,-0.4009563118821648,-0.25178303585568507,-0.012839000052200272,0.10944910014099243,0.003314950349358213
1,0.044944348930803256,-0.15253190350776896,0.1776709553807103,0.3980026121217542,-0.13225403149673512,-0.2746654115882645,0.5667211718828424,-0.10050879647976355,-0.5603120014666058,0.0025159026712676708,0.1366157644058087,0.16707518795960505
2,-0.11163374314216169,0.14057025060753386,0.5481060903060136,0.17019105035438503,-0.08535062182635743,-0.07645478895234281,-0.1677992693761479,0.06095908271294151,0.21778723647189277,0.31480041585554897,0.6344714360772832,-0.21048842919696578
3,-0.028794325335342156,-0.3029446971176387,0.07487542606290899,-0.014473375000577209,-0.12003109293574643,-0.08447836649432915,-0.36376801930877006,-0.39097201589716724,0.12195901207307558,-0.027279736815280963,0.13635799332492096,0.7487573408863537
4,0.08955974344878988,-0.44856278977917957,0.16996840019313347,-0.027759892226609767,-0.004514239518563029,0.06353431720790748,-0.14502420475340044,0.03637550834592032,-0.05541007514551425,-0.7636142816673207,0.23839199976212672,-0.30280460491950695
