,AGEP,DEAR,DENSITY,DEYE,DPHY,DREM,DVET,EDU,HISP,HOUSING_TYPE,INDP_CAT,MSP,NOC,NPF,OWN_RENT,PINCP,PINCP_DECILE,POVPIP,PUMA,RAC1P,SEX
0,-0.2877698331373938,0.031248935939290855,-0.048777045293053344,0.009460582873450939,-0.2924652370332029,-0.30627299483349435,-0.027543621733799845,-0.3665649654349562,0.04278611247339849,-0.09323731875537779,-0.24374284602474316,-0.2679501019146664,0.29832099622580077,0.2706251845386009,0.07655106257779384,0.40404575027009754,-0.32007574654725873,-0.1311580114921469,0.046708468553434995,0.06606447912380341,0.0007150370025234185
1,-0.05736567259672089,-0.07214257698396823,-0.03603260377202331,-0.049564275602227405,-0.20178304675858855,-0.20548391089303963,0.0030189033185568552,-0.13893696536911598,-0.06822197894513743,0.5403802384323244,-0.2011184445386863,0.07439735173279789,-0.27651047307820914,-0.24657735610296527,-0.4681247904451652,0.06550776044456932,-0.16053031051699448,0.38013368103159206,-0.06099727644783347,-0.06302715085281463,-0.06475485654717776
2,0.24308815285289898,-0.19326235820694035,-0.4798197662404426,-0.06623291056081888,-0.008734377821343321,0.009713453632112859,0.17319908642446366,0.09739157216493974,-0.3280985758385109,-0.14361536168538513,-0.05787767953865988,-0.3645581146665623,0.12634982570574477,0.20434030130518036,-0.2508950224808506,0.01696094567947759,0.21301087878323968,0.13632658874808845,0.23647546993237895,-0.3421167512814416,-0.08297899577948316
3,0.2888853509457637,-0.4346721161995511,0.009146094732518196,-0.41946268758979866,-0.3098374799745159,-0.26021704317013117,0.1509570875493933,-0.08749825730017238,-0.008543108460521427,-0.15937499818395207,-0.14265392495193344,0.12100118340718088,-0.21981812896200664,-0.26071507841242836,0.24729942600433816,-0.10827482898301019,-0.021056320238343015,-0.32596259193462374,-0.008453315065017017,-0.0316801461473569,0.002994493533144932
4,-0.017770309687248936,-0.17538296548344398,-0.29768567600867546,-0.18766201592818132,0.43689018187789114,0.44133411969798425,-0.030172104403104055,-0.20183347393540668,0.12484091759845538,0.14424464237052284,-0.28851435899627154,0.17302954401363632,0.028210949593116312,0.03050589704925837,-0.09981897573786787,-0.042353738029088,-0.3815068031504675,-0.2499162901028738,0.20745525191205827,0.05111182715309184,0.03292319032547394
