,PUMA,SEX,MSP,HISP,RAC1P,OWN_RENT,INDP_CAT,EDU,PINCP_DECILE
PUMA,3.3306690738754696e-15,0.007011816966486263,0.005227688586121701,0.18658845836082463,0.07943084227504915,0.043173504870081474,0.04725232394414382,0.0813536430669489,-0.004293318661969806
SEX,0.007011816966486263,-9.103828801926284e-15,-0.010412722257919296,-0.00013641471725069076,-0.06042939966520656,-0.0501421369831501,0.10753356312996859,0.0086211302875919,-0.0561184445775213
MSP,0.005227688586121701,-0.010412722257919296,-1.4432899320127035e-15,0.025269779184556647,0.0018022952263754902,-0.07365318008613526,0.005499266254754831,-0.03970427739836155,-0.1919666766543597
HISP,0.18658845836082463,-0.00013641471725069076,0.025269779184556647,-6.106226635438361e-15,0.05540475157293173,0.03623966648329167,-0.025588134065420542,0.05424402774388189,0.06018893615585093
RAC1P,0.07943084227504915,-0.06042939966520656,0.0018022952263754902,0.05540475157293173,6.328271240363392e-15,0.02277944883405065,-0.037514119461750775,0.02262225686133474,0.03339842536227509
OWN_RENT,0.043173504870081474,-0.0501421369831501,-0.07365318008613526,0.03623966648329167,0.02277944883405065,3.552713678800501e-15,-0.00828050218120686,0.009919861898941406,0.0725589274093512
INDP_CAT,0.04725232394414382,0.10753356312996859,0.005499266254754831,-0.025588134065420542,-0.037514119461750775,-0.00828050218120686,4.9960036108132044e-15,0.04668139784911973,-0.10722418403083295
EDU,0.0813536430669489,0.0086211302875919,-0.03970427739836155,0.05424402774388189,0.02262225686133474,0.009919861898941406,0.04668139784911973,-6.994405055138486e-15,0.03603124595940255
PINCP_DECILE,-0.004293318661969806,-0.0561184445775213,-0.1919666766543597,0.06018893615585093,0.03339842536227509,0.0725589274093512,-0.10722418403083295,0.03603124595940255,-3.774758283725532e-15
