,feature,divergence
8,PINCP_DECILE,0.4670754763918601
2,MSP,0.29861950478295396
6,INDP_CAT,0.209832612895274
5,OWN_RENT,0.18285508030066885
1,SEX,0.10459405887790663
4,RAC1P,0.08946901928135947
7,EDU,0.07991448052698488
3,HISP,0.04644263916864827
0,PUMA,0.002178839651632236
