,AGEP,DEAR,DENSITY,DEYE,DPHY,DREM,DVET,EDU,HISP,HOUSING_TYPE,INDP_CAT,MSP,NOC,NPF,OWN_RENT,PINCP,PINCP_DECILE,POVPIP,PUMA,RAC1P,SEX
0,-0.28776859241423425,0.031251023050553065,-0.0487721613435985,0.009459894891076263,-0.29246627625115706,-0.30627391851831964,-0.02754312629315471,-0.36656378049134375,0.04278323700318829,-0.09323588219301467,-0.24374847190508805,-0.2679456853954593,0.29832835714322403,0.27062461224776285,0.07654623409716972,0.40404417938504533,-0.320071536038832,-0.13116210645321144,0.04671226937873454,0.06606541762768346,0.0007165467305403242
1,-0.057360230932771865,-0.07210230249049014,-0.03599104946699012,-0.04959356197885457,-0.20180754927078043,-0.20549648569962334,0.003025183797095388,-0.13899866600870336,-0.06826769161864067,0.5403516993929921,-0.2013381342541144,0.07460458150472432,-0.27635014336298475,-0.2465344562170726,-0.4680987167938847,0.0654161399845046,-0.1603976836512233,0.3802467710795561,-0.06092684999479142,-0.06302715205162329,-0.06468492935541452
2,0.24301910883908787,-0.1932013703548508,-0.47999174285651375,-0.06603147710189099,-0.008606730624190179,0.009836390517162966,0.17312944659344393,0.09739210728462014,-0.3279818959916021,-0.14358253853830621,-0.05756425126010993,-0.36479451597459034,0.1263274826025939,0.20429039070044464,-0.2508439207758498,0.01710244518243391,0.21286565051443973,0.13653910193203006,0.2363200180721043,-0.34211537489234556,-0.08308399018389488
3,0.28905710542081586,-0.4348397855605768,0.008787158352099703,-0.4193626697337881,-0.3097520742312342,-0.26016052198825296,0.15105540075823473,-0.08734170983420511,-0.008504862122227601,-0.15939921764569911,-0.14163101867748595,0.11990510956023524,-0.2209198831161321,-0.2604258680096754,0.2472825139282921,-0.10804861281020631,-0.02180797716382371,-0.326198255413343,-0.008740509275096049,-0.03179020174163975,0.002575976906644224
4,-0.016754887015775474,-0.17692126139501266,-0.29906682579275506,-0.18718130367484556,0.4376037974496613,0.44207290691404916,-0.02993204277922867,-0.20154143559877602,0.12626091984593998,0.14570713645304506,-0.2836180662757035,0.16822187221176668,0.02579934704355753,0.02952335782295535,-0.0987338273085125,-0.04077586708664282,-0.3846066689746807,-0.2509181480098403,0.20537967937910465,0.05168047381498307,0.030125688697639638
