,feature,divergence
7,EDU,3.4060116151310624
6,INDP_CAT,1.2715396333041304
8,PINCP_DECILE,0.8174216027874565
1,SEX,0.4920923356304713
2,MSP,0.4915035774410775
4,RAC1P,0.2480548187444739
5,OWN_RENT,0.2268822245460243
3,HISP,0.1689579127639422
0,PUMA,0.13948526453107657
