,feature,divergence
8,PINCP_DECILE,3.746770101483216
5,OWN_RENT,1.4767723029273603
6,INDP_CAT,0.8905725187747596
7,EDU,0.15222346184752777
0,PUMA,0.1437358713737632
1,SEX,0.08540952704254545
2,MSP,0.05805366888242141
4,RAC1P,0.00506096045907557
3,HISP,0.002440142420635657
