,AGEP,DEAR,DENSITY,DEYE,DPHY,DREM,DVET,EDU,HISP,HOUSING_TYPE,INDP_CAT,MSP,NOC,NPF,OWN_RENT,PINCP,PINCP_DECILE,POVPIP,PUMA,RAC1P,SEX
0,-0.2877696216487684,0.03124934504444731,-0.048775865216351605,0.009460591447621746,-0.2924653696732361,-0.30627321832562593,-0.027543392863183906,-0.3665636291868461,0.04278566543944062,-0.09323698860528101,-0.2437428725549203,-0.2679506380334183,0.2983214288292633,0.270624744051738,0.07654916047831793,0.4040461399705556,-0.32007584295411873,-0.13116024856350786,0.04670895459252124,0.06606486661135233,0.0007149755913118542
1,-0.05735347929886388,-0.07214805810138748,-0.03604309686296265,-0.049561757928244264,-0.20177883745960334,-0.20547677817296817,0.0030142190599145606,-0.1389770495467285,-0.06822012086204982,0.5403832161885812,-0.20109903720192923,0.07439838366334062,-0.2765005394001934,-0.2465869928597207,-0.4681106795557096,0.06550845741867956,-0.16052373957179897,0.38015057861108653,-0.06100344326738829,-0.06302960837098726,-0.06475770130208845
2,0.24294284265211646,-0.1932084081253963,-0.47993881472005767,-0.0662477127266628,-0.008762013652722944,0.009709421518448676,0.17317785310917297,0.09741051949759938,-0.3280429624983042,-0.14374788015973253,-0.05836645570210013,-0.3641813891762706,0.12664563329728357,0.20438316737175388,-0.25058301742854,0.016840767516033667,0.21325781678430708,0.13693432224531704,0.23647988852626003,-0.3421438232283356,-0.08280324445049803
3,0.28900035339884034,-0.43459427187223837,0.009271416559793126,-0.41948854536394936,-0.3098534802685837,-0.26024716599244463,0.1510298440762426,-0.08724330907163007,-0.008679996204294264,-0.15931226571088164,-0.1424303653571396,0.12066050090434904,-0.22018963463266858,-0.260435616108289,0.24708275152576786,-0.10830561946835705,-0.021405163015449397,-0.3262817556476832,-0.008375691136020127,-0.03167083384633314,0.002897737231331185
4,-0.018078695915608997,-0.17525722897199902,-0.2980076852195989,-0.1884524784230292,0.43656846384628234,0.44124447142742235,-0.030274498550319617,-0.2011689036057183,0.12492069177056563,0.1435196597788813,-0.2915100828437123,0.1749696879711659,0.0297031913318247,0.031066351101621554,-0.09801952631785045,-0.043318800286814126,-0.3809258004046227,-0.246640425705011,0.2076348504287334,0.05109194658573679,0.034278975925972684
