,PUMA,SEX,MSP,HISP,RAC1P,OWN_RENT,INDP_CAT,EDU,PINCP_DECILE
PUMA,2.220446049250313e-15,-0.016454248557200787,-0.1084845808242375,-0.04443083798930325,-0.11412742839496244,-0.0944867292014373,0.04586389676292292,0.23496697236166064,0.2158986555166681
SEX,-0.016454248557200787,1.0880185641326534e-14,-0.0021293716143720373,-0.03661268741883217,-0.015182265776676522,-0.05114534352840961,-0.03926331502562713,0.009466541616045902,0.07827588355109052
MSP,-0.1084845808242375,-0.0021293716143720373,2.220446049250313e-16,-0.041303562863585684,0.08627717620899056,0.1059306319666039,-0.2505587005155774,-0.24823666255912047,-0.1613613145540907
HISP,-0.04443083798930325,-0.03661268741883217,-0.041303562863585684,-1.5543122344752192e-15,-0.2358608194227607,-0.16733182613113484,0.02702452701015122,0.1618475894256782,0.11804938433730362
RAC1P,-0.11412742839496244,-0.015182265776676522,0.08627717620899056,-0.2358608194227607,5.773159728050814e-15,-0.1095778314304583,0.014124177789108551,0.10002195698705717,0.12969752703660792
OWN_RENT,-0.0944867292014373,-0.05114534352840961,0.1059306319666039,-0.16733182613113484,-0.1095778314304583,0.0,-0.13102949711104878,0.024287608371732765,-0.1014381526580746
INDP_CAT,0.04586389676292292,-0.03926331502562713,-0.2505587005155774,0.02702452701015122,0.014124177789108551,-0.13102949711104878,2.9976021664879227e-15,-0.40753901402666204,-0.4773707391515396
EDU,0.23496697236166064,0.009466541616045902,-0.24823666255912047,0.1618475894256782,0.10002195698705717,0.024287608371732765,-0.40753901402666204,-3.219646771412954e-15,-0.035804162582770194
PINCP_DECILE,0.2158986555166681,0.07827588355109052,-0.1613613145540907,0.11804938433730362,0.12969752703660792,-0.1014381526580746,-0.4773707391515396,-0.035804162582770194,-8.881784197001252e-16
