,feature,divergence
8,PINCP_DECILE,3.2510170832751486
5,OWN_RENT,1.5991429575552325
6,INDP_CAT,0.9167424931756142
7,EDU,0.3836252489868811
2,MSP,0.14647783316190632
1,SEX,0.10740563784042045
3,HISP,0.01983644048794407
4,RAC1P,0.016778551845510116
0,PUMA,0.0028284596920442606
