,AGEP,HISP,MSP,NOC,NPF,OWN_RENT,PINCP_DECILE,POVPIP,PUMA,RAC1P,SEX
0,-0.4620673165575868,0.17229438035653866,-0.23524154992406787,0.4852564301774991,0.44975173836798515,0.15256761391536072,-0.4038975082063276,-0.25521431409626044,-0.013253438783225258,0.10945176274988117,0.004434341342924107
1,0.040222638311391175,0.17952821707467223,0.4134443307775188,-0.13969336011938274,-0.28381007263920416,0.5779938689345128,-0.08425944050001906,-0.5547096160240306,0.009575165190557178,0.14606512945054484,0.15762969903432938
2,-0.1070552364890513,0.5597321764429583,0.1467029147308266,-0.08323796522868954,-0.06712917640353575,-0.2124491182465413,0.03465886196805584,0.23380931579635122,0.3108301723292692,0.6413793303764165,-0.18247447616035647
3,-0.047437523714935814,0.001967173877631462,0.0269730416751024,-0.13594230202908386,-0.11168192354357338,-0.3102532295671177,-0.39804866617398077,0.10449213536054681,-0.028986063252174427,0.08625873147996681,0.831965102029438
4,0.0384999701622915,0.103227558470685,0.07154933010311201,-0.0563362271818416,0.014544651477986888,-0.15383582298267404,-0.02177870968995047,-0.042121167249285794,-0.9284815800060382,0.2725368180436046,-0.13072441429580103
