,PUMA,SEX,MSP,HISP,RAC1P,OWN_RENT,INDP_CAT,EDU,PINCP_DECILE
PUMA,2.4424906541753444e-15,0.004846862051523902,0.018781509665658842,0.033743191319420385,0.03831855064386425,-0.004533777655651508,0.010193693967746123,0.01737660416369743,0.0020154345165993466
SEX,0.004846862051523902,0.0,-0.004243302360325756,0.007972237971778448,-0.0081657379852615,-0.004857269462206645,-0.011135287800798501,0.0039053403164554593,0.015825495594352895
MSP,0.018781509665658842,-0.004243302360325756,-2.6645352591003757e-15,-0.008997125671871897,0.004886098459734485,0.02677579861645034,-0.0275564313203982,-0.043867409855634865,-0.0026802397702512942
HISP,0.033743191319420385,0.007972237971778448,-0.008997125671871897,0.0,-0.08732350299499629,-0.03407460246376348,-0.0031168288636154763,0.03122784840985751,0.03939899977847308
RAC1P,0.03831855064386425,-0.0081657379852615,0.004886098459734485,-0.08732350299499629,-1.2101430968414206e-14,-0.0025090721115855336,0.027117396818752443,0.033536500354083745,0.043572278544509964
OWN_RENT,-0.004533777655651508,-0.004857269462206645,0.02677579861645034,-0.03407460246376348,-0.0025090721115855336,0.0,-0.0009017357064065711,0.0034788852485866536,-0.015371309591894852
INDP_CAT,0.010193693967746123,-0.011135287800798501,-0.0275564313203982,-0.0031168288636154763,0.027117396818752443,-0.0009017357064065711,1.0880185641326534e-14,-0.07577706442828436,-0.04716836448776135
EDU,0.01737660416369743,0.0039053403164554593,-0.043867409855634865,0.03122784840985751,0.033536500354083745,0.0034788852485866536,-0.07577706442828436,-2.4424906541753444e-15,-0.140413004605363
PINCP_DECILE,0.0020154345165993466,0.015825495594352895,-0.0026802397702512942,0.03939899977847308,0.043572278544509964,-0.015371309591894852,-0.04716836448776135,-0.140413004605363,1.6653345369377348e-15
