,PUMA,SEX,MSP,HISP,RAC1P,OWN_RENT,INDP_CAT,EDU,PINCP_DECILE
PUMA,-1.1102230246251565e-16,-0.10300999194007775,-0.01438786460830696,0.037294615272004075,-0.02611022568164413,-0.010055735016120823,-0.05423380822019065,0.06493113966193896,0.017230019978794513
SEX,-0.10300999194007775,0.0,0.024056123740738847,0.027845730801911602,0.04641946355520105,-0.08064729270463669,0.011239286184254425,0.022855741081927238,-0.03304177276523393
MSP,-0.014387864608306947,0.024056123740738847,0.0,0.11413196655726875,0.08047787768217295,0.006342491427449304,0.04334258812766939,-0.029823414527184344,0.007453706638719665
HISP,0.037294615272004075,0.027845730801911595,0.11413196655726875,2.220446049250313e-16,-0.0539212664899834,-0.03172232346510767,0.03241985319062399,-0.012014462163465772,0.0019981111136047336
RAC1P,-0.026110225681644117,0.04641946355520105,0.08047787768217292,-0.0539212664899834,0.0,-0.04525639449598877,0.07099341235322565,0.05563054917705117,0.044565608658848316
OWN_RENT,-0.010055735016120823,-0.0806472927046367,0.006342491427449304,-0.03172232346510767,-0.04525639449598877,1.1102230246251565e-16,0.1066086152851672,0.0331395696742448,0.047685717114015105
INDP_CAT,-0.05423380822019065,0.011239286184254425,0.04334258812766939,0.03241985319062399,0.07099341235322565,0.10660861528516721,0.0,-0.007418172355693864,0.02371271538310793
EDU,0.06493113966193896,0.02285574108192723,-0.029823414527184344,-0.012014462163465772,0.05563054917705117,0.0331395696742448,-0.007418172355693919,0.0,-0.005921147186339071
PINCP_DECILE,0.017230019978794517,-0.03304177276523393,0.007453706638719665,0.0019981111136047336,0.044565608658848316,0.04768571711401511,0.02371271538310793,-0.005921147186339071,0.0
