,PUMA,SEX,MSP,HISP,RAC1P,OWN_RENT,INDP_CAT,EDU,PINCP_DECILE
PUMA,0.0,0.004173227480830388,0.04819828546684289,-0.000928937941470212,0.08823147215577634,0.08369057095293309,0.051975338899908914,0.018216748336312073,-0.025661780970547034
SEX,0.004173227480830388,3.774758283725532e-15,-0.00540975847426072,0.03235741239728475,-0.016279758670987993,0.00534854481775689,0.033669528229582635,-0.010496311960981127,0.15079151694114412
MSP,0.04819828546684289,-0.00540975847426072,0.0,0.003597448361046446,0.03406434586815601,0.05752871081860211,-0.08968554792792477,0.08410952192204837,0.0790485977888776
HISP,-0.000928937941470212,0.03235741239728475,0.003597448361046446,2.4424906541753444e-15,-0.12753922127946626,-0.09917045454877602,-0.0498376042305491,0.10846297731186762,0.06929050124777016
RAC1P,0.08823147215577634,-0.016279758670987993,0.03406434586815601,-0.12753922127946626,6.772360450213455e-15,-0.048049155952467115,-0.002409213075802004,0.01926389118937453,0.02340668208306808
OWN_RENT,0.08369057095293309,0.00534854481775689,0.05752871081860211,-0.09917045454877602,-0.048049155952467115,-5.773159728050814e-15,0.006260106204375431,0.038070596027421945,-0.06631337417977547
INDP_CAT,0.051975338899908914,0.033669528229582635,-0.08968554792792477,-0.0498376042305491,-0.002409213075802004,0.006260106204375431,-2.886579864025407e-15,-0.18731319502508492,-0.12894981869859373
EDU,0.018216748336312073,-0.010496311960981127,0.08410952192204837,0.10846297731186762,0.01926389118937453,0.038070596027421945,-0.18731319502508492,-2.220446049250313e-16,-0.15275498278947408
PINCP_DECILE,-0.025661780970547034,0.15079151694114412,0.0790485977888776,0.06929050124777016,0.02340668208306808,-0.06631337417977547,-0.12894981869859373,-0.15275498278947408,-3.3306690738754696e-16
