,AGEP,DVET,EDU,HOUSING_TYPE,MSP,OWN_RENT,PINCP_DECILE,RAC1P,SEX
0,-0.5235279923444449,-0.1133004839739854,-0.5577994184152769,-0.0539322862265134,-0.24114403751438754,0.12454740422459956,-0.5554133596418105,0.1262506765126311,0.030770485285244648
1,0.02262222664037119,-0.11614040433815723,-0.08366437780575593,0.7126341935240583,0.11347794414364376,-0.6501150015339172,-0.16473139116611774,0.03720913143712171,0.08428944017105461
2,-0.07026686994033456,0.5816628730852518,-0.10872247268642626,0.055045868916239964,-0.27262710159780024,-0.1945936635947862,0.10109980859063522,0.06473817871065043,-0.7178271461811054
3,-0.1487798339371951,-0.020480818581138927,0.05824630919418851,0.09144406801519073,0.5887213556498383,0.20274174332503891,0.020839705121217134,0.72931276851456,-0.21368666374246245
4,0.18534594678290084,0.2957129197397046,0.08803527150265372,-0.10462339831565959,-0.4698337605556117,-0.162095884633281,0.021235374862030143,0.6168881586437941,0.4811275348732084
