,AGEP,HISP,MSP,NOC,NPF,OWN_RENT,PINCP_DECILE,POVPIP,PUMA,RAC1P,SEX
0,-0.4620673165575867,0.17229438035653888,-0.23524154992406787,0.4852564301774992,0.44975173836798515,0.15256761391536053,-0.40389750820632747,-0.2552143140962603,-0.0132534387832254,0.10945176274988119,0.004434341342924468
1,0.04022263831139097,0.1795282170746727,0.4134443307775212,-0.13969336011938288,-0.2838100726392046,0.5779938689345114,-0.08425944050002115,-0.5547096160240302,0.009575165190557823,0.1460651294505466,0.15762969903433036
2,-0.10705523648905126,0.5597321764429581,0.14670291473082453,-0.08323796522868987,-0.06712917640353644,-0.21244911824654394,0.034658861968053956,0.23380931579635333,0.31083017232926835,0.6413793303764181,-0.18247447616035123
3,-0.04743752371493521,0.001967173877627059,0.02697304167510132,-0.13594230202908386,-0.11168192354357256,-0.3102532295671186,-0.3980486661739816,0.10449213536054633,-0.028986063252179096,0.0862587314799635,0.8319651020294372
4,0.03849997016229317,0.10322755847068507,0.07154933010311,-0.056336227181841475,0.014544651477987669,-0.15383582298267298,-0.02177870968994885,-0.04212116724928705,-0.928481580006038,0.2725368180436042,-0.1307244142958035
