,feature,divergence
1,AGEP,6.165386825963648
9,PINCP_DECILE,2.7170043970872206
7,NPF,2.32782400789599
3,MSP,1.2944966135909142
8,OWN_RENT,0.7330863920817334
10,POVPIP,0.691971984823516
6,NOC,0.6322954862787573
5,RAC1P,0.11526587830505958
0,PUMA,0.10124279821064908
2,SEX,0.04710738987093965
4,HISP,0.020676112090071336
