,AGEP,HISP,MSP,NOC,NPF,OWN_RENT,PINCP_DECILE,POVPIP,PUMA,RAC1P,SEX
0,-0.37712970483181474,0.10413523716016748,-0.33147797089484304,0.5079493510979785,0.47857910572319207,0.19554130976462292,-0.3508381593954954,-0.25103327879987836,0.08098020901853492,0.13530945076500972,0.028158879848405725
1,0.05217897352424463,0.2480768158274521,0.3832195882398828,-0.12304575686133866,-0.2486302288219394,0.5784354225419209,-0.06139564421859414,-0.5542800656460356,-0.05828465728733379,0.22155712006781328,0.11769763512410249
2,-0.43936346916089114,0.31840414482310025,0.26410643349457535,-0.16668641207367052,-0.15586776602492725,-0.30641221380058453,-0.3998766337843843,0.298319130070426,-0.19432893443511598,0.44505361627842466,-0.07160088936238915
3,0.17623700639528309,0.6169614406085199,-0.10171802336393702,-0.018077411561729817,0.08682112931288746,-0.024411995427562394,0.3000068800516008,0.10596731672846778,0.6035702499803933,0.22463869077169496,-0.23129873958019537
4,0.046704946659398464,0.1264815427285058,-0.0004449587316837922,-0.09334062214149576,-0.049240919725071906,-0.19457502251122025,-0.23857217577583956,0.007353049551724814,0.35551282724202343,-0.15737767160478083,0.8512910417538907
