,PUMA,SEX,MSP,HISP,RAC1P,OWN_RENT,INDP_CAT,EDU,PINCP_DECILE
PUMA,2.220446049250313e-15,-0.1243343375794862,-0.019852435312276748,0.06503070016555856,-0.03502015899993547,-0.012443495566670473,-0.08837743542017124,0.09042834427476136,0.01266636042853364
SEX,-0.1243343375794862,0.0,0.024547109892739935,0.02229241775899245,0.09664598850280551,-0.09275866695582624,0.007783615986791684,0.03257982664685394,-0.04582582213021061
MSP,-0.019852435312276748,0.024547109892739935,0.0,0.07882978523909204,0.08596111548212607,0.007303099964032056,0.060943378704619966,-0.01858762338630468,0.022143750262127615
HISP,0.06503070016555856,0.02229241775899245,0.07882978523909204,3.6637359812630166e-15,-0.11177286429856487,-0.02755637031653292,-0.04008091213090209,-0.03003371357848514,-0.05574436536941546
RAC1P,-0.03502015899993547,0.09664598850280551,0.08596111548212607,-0.11177286429856487,0.0,-0.04877602745133864,0.06967080661317983,0.05609094217805687,0.06798313111964156
OWN_RENT,-0.012443495566670473,-0.09275866695582624,0.007303099964032056,-0.02755637031653292,-0.04877602745133864,3.6637359812630166e-15,0.11875364287490828,0.03776207701190483,0.05030074793433692
INDP_CAT,-0.08837743542017124,0.007783615986791684,0.060943378704619966,-0.04008091213090209,0.06967080661317983,0.11875364287490828,3.4416913763379853e-15,-0.011226426680133461,0.04053348361709874
EDU,0.09042834427476136,0.03257982664685394,-0.01858762338630468,-0.03003371357848514,0.05609094217805687,0.03776207701190483,-0.011226426680133461,1.1102230246251565e-15,-0.007056605779193759
PINCP_DECILE,0.01266636042853364,-0.04582582213021061,0.022143750262127615,-0.05574436536941546,0.06798313111964156,0.05030074793433692,0.04053348361709874,-0.007056605779193759,0.0
