,feature,divergence
9,PINCP_DECILE,1.9004030452306315
1,AGEP,1.5896627797037501
10,POVPIP,0.9530209921504137
5,RAC1P,0.5165639250553592
3,MSP,0.49415503348087625
7,NPF,0.37121650155687175
8,OWN_RENT,0.3476399769822719
6,NOC,0.06744714690691919
2,SEX,0.04175824175824183
0,PUMA,0.025190534024760347
4,HISP,0.012321681291031584
