,AGEP,SEX,MSP,RAC1P,HOUSING_TYPE,OWN_RENT,EDU,PINCP_DECILE,DVET
AGEP,-1.1102230246251565e-16,-0.058825695242869375,-0.0014330772848051287,0.008871119488186238,-0.03384262847910999,0.05813583019767947,-0.02968957035939923,-0.014523679628501762,-0.0437882848448385
SEX,-0.058825695242869375,-2.220446049250313e-16,0.02585342999253912,0.005056034260729207,0.011079938206174015,-0.019504609458825345,-0.04575585336978299,0.0010374325585620348,0.10625438219778818
MSP,-0.0014330772848051565,0.02585342999253912,0.0,-0.03827502752594042,-0.0035520191846103166,0.002836248239510437,0.020511141584700382,0.023777514288756657,-0.01135213938107476
RAC1P,0.008871119488186224,0.005056034260729208,-0.03827502752594042,0.0,-0.04352215506069642,-0.04747694525411787,0.005476630443252285,0.02391803013610877,-0.006033885161549566
HOUSING_TYPE,-0.03384262847911,0.011079938206174015,-0.003552019184610289,-0.04352215506069641,0.0,0.008440553350369029,0.04822174928062258,0.08830865903611879,0.010015444108057747
OWN_RENT,0.058135830197679456,-0.019504609458825345,0.0028362482395104353,-0.047476945254117865,0.008440553350368973,0.0,0.010999921884364258,0.00625155511943265,0.0037490373173027724
EDU,-0.02968957035939923,-0.04575585336978299,0.020511141584700354,0.005476630443252278,0.04822174928062259,0.010999921884364251,-1.1102230246251565e-16,-0.18523490189890762,-0.08875116120767886
PINCP_DECILE,-0.014523679628501818,0.0010374325585620625,0.02377751428875663,0.023918030136108784,0.08830865903611879,0.006251555119432657,-0.18523490189890757,0.0,-0.09838790076401888
DVET,-0.04378828484483849,0.10625438219778817,-0.011352139381074757,-0.0060338851615495655,0.010015444108057749,0.003749037317302773,-0.08875116120767887,-0.09838790076401886,2.220446049250313e-16
