,AGEP,DEAR,DENSITY,DEYE,DPHY,DREM,DVET,EDU,HISP,HOUSING_TYPE,INDP_CAT,MSP,OWN_RENT,PINCP_DECILE,POVPIP,PUMA,PWGTP,RAC1P,SEX,WGTP
0,-0.30525020838033945,0.0014796334319719454,-0.012770043008298357,-0.012008154232531307,-0.4205022203388611,-0.4284788967053808,-0.01948633247841836,-0.45618434697583227,0.053040046847111014,-0.015461598456372419,-0.32455869521598074,-0.20649237462489023,0.041713232659476324,-0.40013359845317636,-0.0707635870587616,0.022674955485647897,0.0873911797949174,0.061757067551643764,0.006970439448054682,0.08783318508372245
1,0.043348601833860176,0.015371071825151648,0.022475558880099927,0.026291412536178588,0.05509515792066169,0.0645081808554473,0.013406677284821639,0.05590073847585743,0.06798100917023979,-0.43892478991186434,0.057006283748498955,-0.08392644208226248,0.4423710530389119,0.11590457476914927,-0.3637159567170553,0.07204686343869336,0.43556832873660956,0.00892451069774001,-0.015348009584437257,0.49191059094617884
2,0.3929944849714248,-0.3562130007201493,-0.15230571305618806,-0.2280432756571585,-0.17581420978576293,-0.12678152684466928,0.15651525537867955,0.03365634956395788,-0.2934085359805021,-0.2798766351549695,-0.19685402857766648,-0.23975444079468838,0.11766131107051599,0.13591616426657152,-0.18227712454585704,0.1654174306552054,-0.3007110130950192,-0.26809754575302214,-0.04335160728115228,-0.2304596845347518
3,0.20531955417729295,-0.4758850471547202,0.06728403626761281,-0.46401215139785734,-0.039742012948645974,-0.021144698048254668,0.21622022337473476,-0.005974827465997298,0.17967928572398953,0.29897977903476247,-0.09237151956345281,0.18455172264805259,-0.21087499086627948,-0.005467325702375195,0.17024378002134274,0.000654838825169919,0.3676809627382499,-0.023110794750272605,-0.04927799294656731,0.29467072873404626
4,0.07692595695780716,-0.18545380194938266,0.4795921415444912,-0.16312462840203668,0.07704358523109694,0.09515671808676202,-0.023364342456596895,-0.01935184503874659,0.15658450397559007,-0.02715376021779016,-0.13608639508166726,0.1288374965830294,0.2724685389617969,-0.15945463622250106,-0.2931040660159688,-0.5122259125775551,-0.21908737815291884,0.26911728272729113,0.14111906207980446,-0.196207109527327
