,AGEP,HISP,MSP,NOC,NPF,OWN_RENT,PINCP_DECILE,POVPIP,PUMA,RAC1P,SEX
0,-0.4184082940980472,0.07317519200018352,-0.36073214733567194,0.540657146787755,0.5055806361880879,0.12104875481954476,-0.31234783885455575,-0.11426033918891024,0.022956190466681962,0.1239803195330361,-0.019046616995424186
1,-0.2557920099086152,0.0016666730213673875,0.009929854513859264,-0.04968640505320125,0.03200620299598324,-0.6646642095559371,-0.17883989153404584,0.6670922851266567,-0.07846254514826101,0.0774074914130345,-0.007301103883570106
2,-0.29149741274467,0.4182481468178716,0.395715579113863,-0.12821803866304565,-0.2779797203300371,0.13050625514202652,-0.40992921037273244,-0.16876846288925507,-0.2718621601724583,0.3840814102712109,0.2341156510706376
3,0.05343975209419962,0.38577777124736995,-0.06015818723000576,0.027008586046662675,0.06677477280481821,0.09026285570298215,0.4103912842664174,0.13367331415554828,-0.2655451762104981,0.4074950173691112,-0.6391470789929388
4,-0.1742482098345335,0.2653050398509292,0.23743616905610226,-0.07779795887900881,-0.03766831774394286,-0.052572121049975676,-0.10699927780712469,-0.057013507048681814,0.8354238387356815,-0.03927021245116345,-0.34418757239762326
