,feature,divergence
1,AGEP,14.918102581294
9,PINCP_DECILE,4.480632787072964
10,POVPIP,3.5969237216137397
7,NPF,1.8091356272026498
3,MSP,1.1505744634147645
6,NOC,0.5874500925921539
8,OWN_RENT,0.3960769105072637
5,RAC1P,0.25178099807384113
4,HISP,0.22806437764739074
2,SEX,0.16947274429012504
0,PUMA,0.002945395087587732
