,AGEP,DEAR,DENSITY,DEYE,DPHY,DREM,DVET,EDU,HISP,HOUSING_TYPE,INDP_CAT,MSP,NOC,NPF,OWN_RENT,PINCP,PINCP_DECILE,POVPIP,PUMA,RAC1P,SEX
0,-0.33934225358552284,0.06287703871244939,-0.040703751366128686,0.027421988661499825,-0.2784899208621271,-0.29678133789888617,-0.04079658885024818,-0.37126484218506045,0.08819065381282573,-0.0608286579580171,-0.24120401931497143,-0.22697111411263865,0.28806103676521333,0.2524659002637589,0.07046210821996313,0.3993532275538692,-0.34342772554974454,-0.13885280689059576,-0.01792868609828531,0.0582492528986366,-0.008402830741279956
1,0.1478532308371399,-0.2449131245936159,-0.010038774137714883,-0.18003371229670656,-0.3515271864492707,-0.3353247702858633,0.02579656003241092,-0.11998269452681706,-0.1094911376250414,0.4285969073408534,-0.2044006099922349,-0.03680890725945017,-0.3107242566269126,-0.3130134298448436,-0.33786218219985886,0.06056536829627163,-0.049730546206514355,0.27916864435529243,-0.010267805045747475,-0.0535864973265768,-0.004402639845210424
2,-0.05607161300526181,0.069684263691383,0.688802329535908,0.02278096463648655,-0.07450616569457778,-0.07775756288095398,-0.0307967216872412,0.04240466838982691,0.08865636589172436,-0.00436227261458927,0.03394931006835875,0.00884271302273703,-0.011552959191600704,-0.05848172355772824,0.05540670033901239,0.0282059483386089,0.01679890737055579,0.06517966407837213,0.6837281290535236,0.11822696500328121,0.012934547168075027
3,0.17351736812569235,-0.28492413999294086,0.017062784789374008,-0.2869955852167091,-0.22653453624516645,-0.17893692323729501,0.09089874204968611,-0.05097468849381224,0.004110508063454003,-0.26203597908061077,-0.06059368146079991,0.16578985716671996,-0.15532201996603656,-0.2513551323722994,0.517031873627158,-0.10722467073126214,-0.025845117129163674,-0.48913603934086247,-0.015605100843763441,-0.020730192557360687,0.07279214622265492
4,-0.15880997544449096,0.12923213002433237,-0.03441790739052263,-0.037304973943211577,0.16265008062586717,0.14518569686536692,-0.3405471034458143,-0.1411487878169423,0.3154657533404855,0.3425077263435481,-0.025831383639306798,0.43926024280827314,-0.10132190822094637,-0.16991995787229122,-0.02789539121587454,-0.07984479241728572,-0.33195447427204383,-0.1591119637872951,-0.0508363395739134,0.3016944233024924,0.29363145397274615
