,AGEP,DEYE,DVET,EDU,HOUSING_TYPE,MSP,OWN_RENT,PINCP_DECILE,RAC1P,SEX
0,-0.5003671965995974,0.03900010057801084,-0.09147255741886544,-0.5717285720585463,0.02857126808250514,-0.2328986609205574,0.06753307375165357,-0.5718403334470055,0.16142351159960266,0.013897306588227597
1,-0.03675130220352731,-0.009456974854131626,-0.020757550366642036,-0.009303160616243516,0.7107583250013612,0.23447166211410683,-0.6402728025062313,-0.11921538103752047,-0.09207325951810658,-0.07245047965053886
2,0.09901175711451815,-0.27791274265991944,0.6235894739239641,-0.16046422730358476,-0.06821032417491438,-0.39253564712295,-0.14847233213293853,0.01223492147309374,-0.24609473311527147,-0.5068089898784671
3,-0.11347758108070909,-0.3436023315316617,0.2287526964139043,0.01796521640023424,0.09691595087680015,0.5511477770143646,0.2765624299491438,-0.018082836577397288,0.5527299875731572,-0.3477484030131911
4,0.23737997636266384,-0.7955381192427555,-0.0416547147475651,-0.09690685272826977,0.003113264186998657,-0.0175395530503501,-0.018473106588032015,-0.16340211137630833,-0.0801824852536685,0.5156119949550768
