,AGEP,SEX,MSP,RAC1P,HOUSING_TYPE,OWN_RENT,EDU,PINCP_DECILE,DVET
AGEP,-1.1102230246251565e-16,-0.04885110015207914,0.11793470889865126,0.03890805588959485,-0.048340567835550276,0.009331433117929862,0.28569662496254045,0.22963479062905462,
SEX,-0.04885110015207914,1.1102230246251565e-16,-0.057808329066416385,0.0025587262082762247,-0.060960179077618554,0.04581533049836804,-0.009773012693198527,0.11278236517167221,
MSP,0.11793470889865126,-0.05780832906641638,-1.1102230246251565e-16,-0.08430171880499207,-0.027746870401555906,-0.14260021372155435,0.22965871011462077,0.15630273885689644,
RAC1P,0.03890805588959485,0.0025587262082762247,-0.08430171880499207,-1.1102230246251565e-16,-0.09668755286010998,-0.0476644694177248,-0.08573829789551259,-0.05415561306360729,
HOUSING_TYPE,-0.04834056783555029,-0.060960179077618554,-0.02774687040155585,-0.09668755286010998,-1.1102230246251565e-16,-0.03483153901765057,0.06892668781014262,0.07509725837193224,
OWN_RENT,0.009331433117929857,0.04581533049836803,-0.14260021372155435,-0.0476644694177248,-0.03483153901765057,0.0,0.0063621710758968875,-0.01995013476386034,
EDU,0.28569662496254045,-0.009773012693198527,0.22965871011462086,-0.0857382978955126,0.06892668781014262,0.006362171075896886,-1.1102230246251565e-16,0.04551367604151557,
PINCP_DECILE,0.22963479062905456,0.11278236517167221,0.15630273885689644,-0.05415561306360729,0.07509725837193221,-0.01995013476386034,0.04551367604151557,2.220446049250313e-16,
DVET,,,,,,,,,
