,feature,divergence
0,AGEP,4.90986103614524
5,OWN_RENT,1.573469047037458
4,HOUSING_TYPE,0.43904277582454376
6,EDU,0.14504021401716327
7,PINCP_DECILE,0.08370575676938527
2,MSP,0.044464764611332905
1,SEX,0.021366437409557237
3,RAC1P,0.009187460045688375
8,DVET,0.002097934818209814
9,DEYE,0.001130317243347799
