,AGEP,DEAR,DEYE,DPHY,DREM,DVET,EDU,HISP,HOUSING_TYPE,INDP,INDP_CAT,MSP,NOC,NPF,OWN_RENT,PINCP,PINCP_DECILE,POVPIP,PUMA,RAC1P,SEX
0,-0.26579154294616336,0.01398149898333013,0.0063022695878221045,-0.29070534938615156,-0.296098422461319,-0.018268214233948813,-0.36285728417105756,0.0265386262005673,-0.061852353841197194,-0.304017757053871,-0.30165663639327445,-0.23773111908429184,0.2596016828671991,0.21018619352097562,0.035319833475698954,0.3990900374922142,-0.32018960213583164,-0.055092532846909875,0.015947008632885673,0.04999046842300704,-0.008092059217753078
1,0.043657390020239564,-0.1295944905348,-0.1280711486052826,-0.14975405587011023,-0.15241279077132847,0.02142582984789213,-0.1324906488943123,0.0003548146369974916,0.5151121570914586,-0.1846745379084151,-0.18365765814213392,0.21255918176663238,-0.35144103378742936,-0.3596054812022806,-0.37977815594215925,-0.027751598847275377,-0.18188352738373734,0.2944729548087337,-0.06121189907791077,-0.01452929820599889,0.03590241658996749
2,0.42512149852387016,-0.3667238727204764,-0.24988868123336375,-0.08571409897545412,-0.03814954628367137,0.13608333855046661,0.00699804835577629,-0.10436254310409736,-0.2598152920213931,-0.31585564739929345,-0.31400597824860976,-0.032936356704290876,-0.17122439496759873,-0.19432165264457263,0.28990293132603634,-0.10697899595077838,0.058860504234874045,-0.34835798737284407,0.08707001096073164,-0.1485930936979728,-0.008960416121288166
3,-0.16786676141007473,0.11954713163160263,0.037977595607626244,-0.30013515931829493,-0.3208774636704831,-0.09888003738265465,-0.11450700033788125,0.22326820700829608,-0.02299201859241175,0.24486317147897646,0.25071906636998587,0.3570603104893706,-0.16094007511696087,-0.2880597503894036,0.37490163991011116,-0.04133053169531025,-0.12183570836268087,-0.349935287011164,-0.08284688773714428,0.1104678684652094,0.1787790962905086
4,-0.07770280637074856,0.07799650083131576,0.05913469227539384,0.4669465458071687,0.45382103927251305,-0.11763195213360866,-0.06747390891555903,0.26155056487099015,0.07337934592292344,-0.2634752290953469,-0.2611258064703778,0.213435823935883,0.02452000671922809,-0.06478898633129741,0.11036592460265547,-0.001201048701523759,-0.2888942124384365,-0.21690426215061664,-0.19236342217127078,0.2874757164325068,0.13383238992710964
