,feature,divergence
1,AGEP,0.339100695223144
0,PUMA,0.32083560951536455
9,PINCP_DECILE,0.1335968044421484
10,POVPIP,0.07260366062010659
7,NPF,0.028095409940875393
3,MSP,0.027371678667410304
5,RAC1P,0.01844677504979203
6,NOC,0.007123877302624641
8,OWN_RENT,0.006165986345798624
2,SEX,0.004023422010941746
4,HISP,0.0035333438949915574
