,AGEP,DEYE,DVET,EDU,HOUSING_TYPE,MSP,OWN_RENT,PINCP_DECILE,RAC1P,SEX
0,-0.5251615970832848,0.06525346816091537,-0.11259059023351793,-0.5549528123126446,-0.05893922391740666,-0.24157157887476632,0.12599373017480167,-0.5520087567508629,0.1265859506320117,0.02924494200067456
1,0.02811765841716331,-0.18658641777119112,-0.11718581844773181,-0.09819642367100902,0.7053995999603059,0.11063300778624374,-0.623440203973432,-0.18005310148012743,0.03095182596206978,0.09558646071481237
2,-0.0813493804321325,0.1678038326488826,0.5529867249917657,-0.09293384395818195,0.07833761585472701,-0.2547859894878426,-0.23597543652255293,0.109157044180162,0.08570655941928919,-0.7104893883239493
3,-0.15479221705589022,0.3132249273013577,-0.11734411123309212,0.09253546874419127,0.09949165121325294,0.5617909540969814,0.11943281341259376,0.03871391405782901,0.7010062049706098,-0.15138273614990624
4,-0.005050879427423074,-0.856016711068847,0.2659565134223731,-0.08439859638473152,0.016422403453307213,0.22538144922975073,0.2840210781056701,-0.06826570574970325,0.17794701922761014,-0.14592489455365823
