,feature,divergence
1,AGEP,5.7555602403288715
9,PINCP_DECILE,2.10332013152608
10,POVPIP,1.4338169235443656
7,NPF,1.0141406245017297
0,PUMA,0.619052858050951
6,NOC,0.36557612735815975
4,HISP,0.2573917762894265
8,OWN_RENT,0.1979597666022743
5,RAC1P,0.18225488611497911
3,MSP,0.17057125024862316
2,SEX,0.06464554739836026
