,feature,divergence
1,AGEP,6.982287410866089
10,POVPIP,3.390790343915344
9,PINCP_DECILE,1.8726007084603342
7,NPF,0.48935834280661883
3,MSP,0.44060266246967006
8,OWN_RENT,0.25332618277759944
6,NOC,0.19622697821218316
5,RAC1P,0.1536671504596033
4,HISP,0.1107082091824067
2,SEX,0.021549279052280323
0,PUMA,0.01363193268688112
