,feature,divergence
9,PINCP_DECILE,1.3904299494480552
1,AGEP,1.3865655070318283
7,NPF,0.3658008658008656
10,POVPIP,0.25720693434867886
6,NOC,0.16652279610512943
3,MSP,0.11829648691854808
5,RAC1P,0.09512130157030037
2,SEX,0.04798181404139601
8,OWN_RENT,0.04539542579789489
0,PUMA,0.012575548975935935
4,HISP,0.00735781606518008
11,DEYE,0.0014659912432542534
