,feature,divergence
8,PINCP_DECILE,1.089461221813413
2,MSP,0.48010989010989014
6,INDP_CAT,0.35587218278656324
7,EDU,0.062452280490255196
1,SEX,0.034867528940687786
4,RAC1P,0.012451265294166916
5,OWN_RENT,0.00710182899178724
3,HISP,0.005814458888073869
0,PUMA,0.0021626574453530445
