,PUMA,SEX,MSP,HISP,RAC1P,OWN_RENT,INDP_CAT,EDU,PINCP_DECILE
PUMA,1.1102230246251565e-16,0.014956033366338505,0.0176387440370714,-0.005933334809778532,0.0016708479666301696,0.006361157183033161,0.008918423289772966,-0.06831688298262806,-0.0083357831804676
SEX,0.014956033366338505,0.0,0.02403897181272852,0.0386891106812573,0.02411040988773339,0.020293917705256563,-0.01068609973867873,-0.03493812264362703,0.1969787093205967
MSP,0.017638744037071396,0.024038971812728512,0.0,0.08230344113779435,0.08679292004976812,0.02613644794083809,-0.32835100315856514,-0.2418265931630734,-0.12722752643421925
HISP,-0.0059333348097785335,0.0386891106812573,0.08230344113779435,1.1102230246251565e-16,-0.013124189394077904,-0.03711938496980093,0.006608935538679951,0.18820002318725831,0.1702793417776547
RAC1P,0.0016708479666301696,0.024110409887733386,0.08679292004976812,-0.013124189394077904,0.0,-0.03775190471863757,-0.059610782986392524,0.054902363826504305,0.13743652487228641
OWN_RENT,0.006361157183033161,0.020293917705256563,0.026136447940838088,-0.03711938496980093,-0.03775190471863757,0.0,-0.04185675595103769,0.04765459705244672,0.08268215869549043
INDP_CAT,0.008918423289772966,-0.010686099738678729,-0.32835100315856514,0.006608935538679937,-0.05961078298639254,-0.04185675595103768,0.0,-0.3799410136996683,-0.3969586413156306
EDU,-0.06831688298262806,-0.03493812264362703,-0.2418265931630734,0.1882000231872583,0.0549023638265043,0.04765459705244672,-0.3799410136996684,0.0,-0.517269601947501
PINCP_DECILE,-0.0083357831804676,0.1969787093205967,-0.1272275264342193,0.1702793417776547,0.13743652487228641,0.08268215869549045,-0.3969586413156306,-0.5172696019475009,0.0
