,EDU,HISP,INDP_CAT,MSP,OWN_RENT,PINCP_DECILE,PUMA,RAC1P,SEX
0,-0.5757868439330527,0.06559621868644616,-0.5141938332553492,-0.2728696795873836,-0.022671741617568714,-0.5612568911504163,0.020403976696721962,0.08960660596565168,0.036667620896030456
1,0.017030301641700503,0.6184436714821483,0.11852298117427701,0.18150826369064194,0.2024810524278747,-0.06517823296749164,-0.40032058149222693,0.6014969265729583,0.05424525681744889
2,-0.018228842236508183,-0.06572759874428626,0.10657145973912967,0.46282526466702095,-0.5015049458213733,-0.2702253107525686,-0.1348887615446889,-0.1010275984342568,0.6456410825976966
3,-0.041545682585692516,0.11622791106425728,-0.036073459998693706,0.18129651282594547,-0.7187839530939919,0.0108642333345918,0.00813986236092473,0.14065669961474728,-0.6434099327581597
4,-0.06316752979119306,0.4309566929144781,0.13171436987063437,0.1538188098323876,0.028788364074230327,-0.03641624723977155,0.868545252788388,0.0412546704606932,0.10511695190814946
