,PUMA,SEX,MSP,HISP,RAC1P,OWN_RENT,INDP_CAT,EDU,PINCP_DECILE
PUMA,2.7755575615628914e-15,-0.07151122113594692,-0.007734605295184362,-0.041460351927411085,-0.1808171176271416,0.0015574245194132155,-0.03219800083740329,-0.011119403838329843,0.00965268253594865
SEX,-0.07151122113594692,0.0,-0.020359341655482047,-0.01029793931306908,-0.10077425479617673,-0.073773472601474,0.1031454520419943,0.0018256936539427712,-0.04692888406087628
MSP,-0.007734605295184362,-0.020359341655482047,0.0,0.015141389949311183,0.015241991518812073,0.01080587122733305,0.008229405073832186,-0.043936880084930824,-0.16015648748256267
HISP,-0.041460351927411085,-0.01029793931306908,0.015141389949311183,0.0,0.02932484461511886,0.007812198080663323,-0.0027245174266625483,0.057515670827202256,0.04211936962549387
RAC1P,-0.1808171176271416,-0.10077425479617673,0.015241991518812073,0.02932484461511886,0.0,0.13111691335024395,-0.05736756503924084,0.008088521766412282,0.026968113643349584
OWN_RENT,0.0015574245194132155,-0.073773472601474,0.01080587122733305,0.007812198080663323,0.13111691335024395,0.0,-0.00422540579111391,-0.005170257845607912,0.03422725426302184
INDP_CAT,-0.03219800083740329,0.1031454520419943,0.008229405073832186,-0.0027245174266625483,-0.05736756503924084,-0.00422540579111391,1.0880185641326534e-14,0.04887869472850692,-0.07608685642426805
EDU,-0.011119403838329843,0.0018256936539427712,-0.043936880084930824,0.057515670827202256,0.008088521766412282,-0.005170257845607912,0.04887869472850692,-8.881784197001252e-16,0.044334017699220296
PINCP_DECILE,0.00965268253594865,-0.04692888406087628,-0.16015648748256267,0.04211936962549387,0.026968113643349584,0.03422725426302184,-0.07608685642426805,0.044334017699220296,-4.440892098500626e-16
