,AGEP,DVET,EDU,HOUSING_TYPE,MSP,OWN_RENT,PINCP_DECILE,RAC1P,SEX
0,-0.4982749905567921,-0.09016851692861438,-0.5734945916533554,0.029031609627236374,-0.2325087822436554,0.06773793923583264,-0.573511452681143,0.1615487602266371,0.013807273727307584
1,-0.03731193294255233,-0.021353625248358363,-0.00835077458572818,0.7107184529249723,0.23450529088267136,-0.6404833628352132,-0.11833349837453891,-0.0922045422644683,-0.07242391602342445
2,0.05620074464746514,0.6021983789361247,-0.13326675738640426,-0.07645100128936162,-0.43845636611649424,-0.17338870786419103,0.05091525687636217,-0.2801125596314862,-0.5542840120699458
3,-0.19502712780741963,0.24378034878665986,0.051752212478792664,0.08706081099110921,0.5066767263980001,0.2583707438767095,0.04732319474625643,0.5366171296313796,-0.5278290534994751
4,0.17519382532366737,0.6229138781932904,0.004040228999038109,0.06295474341276056,-0.10892822499820715,-0.12078577963024428,-0.07099744591671131,0.4852841347578635,0.5570546734545849
