,AGEP,DEAR,DENSITY,DEYE,DPHY,DREM,DVET,EDU,HISP,HOUSING_TYPE,INDP_CAT,MSP,NOC,NPF,OWN_RENT,PINCP,PINCP_DECILE,POVPIP,PUMA,RAC1P,SEX
0,-0.33934027979618187,0.06287786001147445,-0.040701938723564215,0.02742231622282048,-0.27849004518259846,-0.2967813352416533,-0.04079647290570771,-0.37126572442410255,0.08819054165178254,-0.060826968839441435,-0.24120344772830093,-0.2269719198671755,0.2880609661225126,0.25246725144747356,0.070462796345548,0.3993522575808095,-0.3434286180953727,-0.1388534629786198,-0.0179301571494358,0.05824896759402175,-0.00840338199504835
1,0.14784610989672226,-0.24489843755742496,-0.009826988757197803,-0.1800177603722685,-0.35152936661479844,-0.33533486497581644,0.025785985828188515,-0.11977945424640163,-0.10949009098925931,0.4286977695899851,-0.2043427588957209,-0.03688798991749107,-0.31070044704553734,-0.31306397406562214,-0.337861923517388,0.06062462279640756,-0.049861141121631404,0.2790701305555957,-0.010483422815494359,-0.053630608110605195,-0.004484795539799917
2,-0.05599432769305879,0.06974474107989233,0.6888278109496673,0.022787699293424283,-0.0745228263550041,-0.077761478223072,-0.03079355744229911,0.042343598471237975,0.08864435230148182,-0.004324873132165881,0.03390820310591031,0.008872676494578128,-0.011301328412346266,-0.058633484142607196,0.0553393925845445,0.02820463543942612,0.016926837012098142,0.06510412847695406,0.6837094448933907,0.11821838729206746,0.012950759547181155
3,0.1733890935337932,-0.28507189648141545,0.016671825837275677,-0.287084272060167,-0.22647833971514483,-0.17885825705405617,0.09093738148741239,-0.05171926949100301,0.0041247704616219315,-0.26255874610253765,-0.06064863458731276,0.16612817517892653,-0.15497233610296582,-0.2517525389170628,0.5168040922736221,-0.10715256766632404,-0.025219123727896413,-0.4887890363828577,-0.015233316890587035,-0.020622760863993297,0.07310799659808169
4,-0.15893076872015155,0.12902822443718595,-0.033775792106720194,-0.03731740311206915,0.16276185216709743,0.14526049909133124,-0.34054151569700086,-0.14118737936568776,0.3155048587048939,0.342468814330331,-0.0255076711237929,0.4391071905359677,-0.10197588922180281,-0.1695781780129716,-0.027674927989216787,-0.07975462617201687,-0.33237317276457395,-0.15892137063505044,-0.05145935886021757,0.3016239259673896,0.29348833482213205
