,feature,divergence
1,AGEP,0.5415831541364059
9,PINCP_DECILE,0.10283229259589655
0,PUMA,0.07712564984496106
7,NPF,0.07382894590777027
3,MSP,0.042057810438052026
10,POVPIP,0.0398056775219634
8,OWN_RENT,0.01970349094506295
6,NOC,0.01715552282878321
2,SEX,0.0168383893514209
5,RAC1P,0.005638666395733273
4,HISP,0.002487314464116601
