,AGEP,DEAR,DENSITY,DEYE,DPHY,DREM,DVET,EDU,HISP,HOUSING_TYPE,INDP_CAT,MSP,NOC,NPF,OWN_RENT,PINCP,PINCP_DECILE,POVPIP,PUMA,RAC1P,SEX
0,-0.30435642529798257,0.034695177652687266,-0.022713993416392818,0.01993451139041816,-0.3051726092025454,-0.3134326588956347,-0.02417203516562336,-0.3716010942874649,0.033161717702568316,-0.07935287428495447,-0.25883206580497603,-0.25397539541919223,0.2938631053507005,0.24417536132478385,0.04645220879423015,0.42027011624689226,-0.3232870445915292,-0.05896626642274996,0.018941698100832138,0.05621390747784933,-0.006460188636986154
1,-0.04808197814079959,-0.08144762454026494,0.033329455592994266,-0.09951912275250265,-0.18936198691558312,-0.19969341758110226,0.0033759162544887682,-0.1669011487095814,0.0201470452959485,0.5429517050787375,-0.12646608839487428,0.20199760880115578,-0.30908262602348574,-0.3195012614292644,-0.40486751030081325,0.021163869005082783,-0.2137107623874511,0.33107532816189505,-0.07341128918829554,0.007943926753868236,0.04151265910226007
2,0.3568247416838871,-0.39655843367832566,0.0006726833187743267,-0.29669874417953956,-0.29301790058349975,-0.24996017714250002,0.1469884658398136,-0.07731251042282375,-0.08899415721949422,-0.19431418683791407,-0.22249946925331088,0.0063163287573349824,-0.2227617999437514,-0.2617109476628362,0.2848643415497663,-0.06461248680071535,0.006613647927205146,-0.3399195982011969,0.09450983067839469,-0.16696009933246675,0.02014611248486168
3,-0.1825474084568108,0.1580736218793943,0.35233173707711457,0.09040282515758757,0.0315546529136319,0.011240745833011503,-0.13880888087318838,-0.0811921804327235,0.3149318624035573,0.017019344611784823,0.05655318284173959,0.34901559381499725,-0.08957537246687405,-0.230635341262523,0.364862648852039,-0.02307987960602948,-0.2011467072015215,-0.33403704377705207,-0.31302911848174336,0.29531383076707657,0.16063239774352903
4,0.0949585249958965,-0.33562094757163236,0.37128725553285186,-0.22692701979273805,0.08915089425882508,0.11381182120224245,0.3099230216103206,0.07008276624932343,0.20561249266869672,0.01746210430761339,-0.14660803826109758,-0.23863981999729364,0.09350053701546346,0.12572515513889715,-0.04751894072277219,0.04978614701739005,0.10056075478060994,0.18167373529985315,-0.40621215186399295,0.3171609153432916,-0.32878431462754376
