,AGEP,DVET,EDU,HOUSING_TYPE,MSP,OWN_RENT,PINCP_DECILE,RAC1P,SEX
0,-0.498274990556793,-0.0901685169286145,-0.5734945916533558,0.029031609627235153,-0.2325087822436553,0.06773793923583424,-0.573511452681143,0.16154876022663744,0.013807273727307556
1,-0.03731193294255316,-0.02135362524835894,-0.00835077458572987,0.7107184529249725,0.23450529088267177,-0.6404833628352131,-0.11833349837453991,-0.09220454226446842,-0.0724239160234261
2,0.05620074464746488,0.6021983789361222,-0.1332667573864042,-0.07645100128936193,-0.4384563661164972,-0.17338870786419153,0.05091525687636278,-0.2801125596314864,-0.5542840120699456
3,-0.19502712780741968,0.243780348786662,0.051752212478792387,0.08706081099110893,0.5066767263980005,0.2583707438767102,0.04732319474625689,0.5366171296313775,-0.5278290534994751
4,0.17519382532366412,0.6229138781933036,0.004040228999033613,0.06295474341276114,-0.10892822499819112,-0.12078577963023569,-0.0709974459167182,0.4852841347578437,0.5570546734545913
