,AGEP,DEYE,HISP,MSP,NOC,NPF,OWN_RENT,PINCP_DECILE,POVPIP,PUMA,RAC1P,SEX
0,-0.4628491606302895,0.07315148085400736,0.17102328910782336,-0.2350590851361496,0.4844404883453545,0.44944576837523426,0.15138723674413582,-0.400956311882165,-0.2517830358556854,-0.012839000052200147,0.10944910014099239,0.0033149503493581436
1,0.044944348930803076,-0.15253190350776963,0.17767095538071004,0.3980026121217548,-0.13225403149673495,-0.27466541158826535,0.5667211718828427,-0.10050879647976381,-0.5603120014666063,0.002515902671267135,0.13661576440580897,0.16707518795960577
2,-0.11163374314216191,0.14057025060753994,0.5481060903060118,0.17019105035438734,-0.08535062182635639,-0.0764547889523419,-0.16779926937614656,0.0609590827129437,0.21778723647189133,0.3148004158555518,0.6344714360772806,-0.2104884291969696
3,-0.028794325335342777,-0.3029446971176373,0.07487542606291459,-0.01447337500057612,-0.12003109293574829,-0.08447836649433024,-0.3637680193087735,-0.3909720158971677,0.12195901207307754,-0.027279736815290903,0.1363579933249285,0.7487573408863504
4,0.08955974344878868,-0.4485627897791645,0.16996840019313308,-0.0277598922266072,-0.0045142395185642226,0.06353431720790687,-0.14502420475339797,0.03637550834592357,-0.05541007514551427,-0.7636142816673267,0.23839199976213096,-0.30280460491951267
