,feature,divergence
10,POVPIP,6.881034577237108
1,AGEP,4.221116875190724
9,PINCP_DECILE,3.941852873379435
3,MSP,0.9612342417199461
7,NPF,0.4835781645305934
6,NOC,0.387951317925432
8,OWN_RENT,0.26041325469436527
0,PUMA,0.07588261790427453
5,RAC1P,0.06897981586589644
4,HISP,0.039789126154188365
2,SEX,0.005382833407599041
11,DEYE,0.0032338634283303157
