,AGEP,HISP,MSP,NOC,NPF,OWN_RENT,PINCP_DECILE,POVPIP,PUMA,RAC1P,SEX
0,-0.46206731655758687,0.17229438035653877,-0.2352415499240676,0.4852564301774993,0.44975173836798527,0.15256761391536056,-0.4038975082063281,-0.2552143140962603,-0.013253438783225338,0.10945176274988153,0.00443434134292426
1,0.04022263831139122,0.17952821707467215,0.4134443307775198,-0.13969336011938294,-0.28381007263920466,0.577993868934512,-0.08425944050002024,-0.5547096160240309,0.009575165190556765,0.14606512945054603,0.1576296990343302
2,-0.10705523648905114,0.5597321764429581,0.14670291473082567,-0.08323796522869081,-0.06712917640353672,-0.21244911824654483,0.03465886196805262,0.23380931579635197,0.31083017232926957,0.6413793303764178,-0.18247447616034973
3,-0.04743752371493429,0.001967173877627054,0.02697304167510108,-0.13594230202908458,-0.11168192354357204,-0.31025322956711865,-0.3980486661739811,0.10449213536054494,-0.02898606325218897,0.08625873147996554,0.831965102029437
4,0.03849997016229651,0.10322755847068968,0.07154933010310593,-0.05633622718183893,0.014544651477989407,-0.15383582298266893,-0.021778709689941833,-0.04212116724928719,-0.9284815800060376,0.2725368180436031,-0.13072441429580955
