,PUMA,SEX,MSP,HISP,RAC1P,OWN_RENT,INDP_CAT,EDU,PINCP_DECILE
PUMA,1.1435297153639112e-14,-0.06028860411856799,-0.02121512146277766,-0.0987131482288677,-0.11102706623952122,-0.09782637357751524,0.005917918069274941,-0.033334375413105514,0.004679262019853123
SEX,-0.06028860411856799,0.0,-0.012351323445562619,-0.014751556092666363,0.007458432357478709,0.01196136728908218,-0.08325010717922471,0.022119873827794845,0.05125639911114728
MSP,-0.02121512146277766,-0.012351323445562619,-2.220446049250313e-15,-0.06879090855085426,-0.06299472462034071,-0.1035748914436008,-0.14903569880132697,0.10435271777278698,0.08894582398547485
HISP,-0.0987131482288677,-0.014751556092666363,-0.06879090855085426,1.4432899320127035e-15,-0.22317428374165793,-0.10618846056925761,-0.0660923452268797,0.0653265333935586,-0.012934060197016983
RAC1P,-0.11102706623952122,0.007458432357478709,-0.06299472462034071,-0.22317428374165793,0.0,0.009874505707319532,-0.023698940703831804,0.06790214433072594,0.047402636060332834
OWN_RENT,-0.09782637357751524,0.01196136728908218,-0.1035748914436008,-0.10618846056925761,0.009874505707319532,-2.1094237467877974e-15,-0.11730891898565389,0.011397663764878961,-0.08593483691766009
INDP_CAT,0.005917918069274941,-0.08325010717922471,-0.14903569880132697,-0.0660923452268797,-0.023698940703831804,-0.11730891898565389,0.0,0.19575399029862045,0.3972746931468343
EDU,-0.033334375413105514,0.022119873827794845,0.10435271777278698,0.0653265333935586,0.06790214433072594,0.011397663764878961,0.19575399029862045,4.107825191113079e-15,0.10587052559062138
PINCP_DECILE,0.004679262019853123,0.05125639911114728,0.08894582398547485,-0.012934060197016983,0.047402636060332834,-0.08593483691766009,0.3972746931468343,0.10587052559062138,-7.105427357601002e-15
