,feature,divergence
10,POVPIP,7.9919960256127185
9,PINCP_DECILE,5.033106629143215
1,AGEP,5.022677095817827
3,MSP,0.8884790108928633
7,NPF,0.5045894355286621
6,NOC,0.40134997589328764
8,OWN_RENT,0.17367319367536194
5,RAC1P,0.09656109882188671
4,HISP,0.09023375009707231
0,PUMA,0.08291895019366458
2,SEX,0.0683145733448779
11,DEYE,0.011807236182419953
