,AGEP,DEYE,DVET,EDU,HOUSING_TYPE,MSP,OWN_RENT,PINCP_DECILE,RAC1P,SEX
0,-0.5251615970832849,0.06525346816091637,-0.11259059023351782,-0.5549528123126453,-0.058939223917406046,-0.24157157887476588,0.1259937301748021,-0.5520087567508636,0.12658595063201164,0.029244942000674803
1,0.028117658417163648,-0.18658641777119298,-0.11718581844773185,-0.09819642367100956,0.7053995999603052,0.11063300778624491,-0.6234402039734319,-0.18005310148012754,0.030951825962068802,0.095586460714814
2,-0.08134938043213208,0.1678038326488807,0.5529867249917657,-0.09293384395818217,0.07833761585472707,-0.25478598948784303,-0.23597543652255443,0.10915704418016157,0.085706559419291,-0.7104893883239483
3,-0.1547922170558895,0.313224927301374,-0.11734411123309588,0.092535468744193,0.09949165121325294,0.5617909540969765,0.11943281341258738,0.038713914057830257,0.7010062049706075,-0.1513827361499027
4,-0.005050879427427384,-0.8560167110688441,0.26595651342235915,-0.08439859638473046,0.01642240345330811,0.22538144922976294,0.2840210781056748,-0.06826570574970015,0.17794701922761852,-0.1459248945536706
