,feature,divergence
9,PINCP_DECILE,0.7188238770685578
1,AGEP,0.6718377706412515
7,NPF,0.39573104002634196
10,POVPIP,0.2090856791936076
6,NOC,0.14673736459569245
5,RAC1P,0.09555770598355416
3,MSP,0.0933868725701005
8,OWN_RENT,0.0369932671998683
2,SEX,0.011008626185024184
0,PUMA,0.008900317495937116
4,HISP,0.007799925364213731
11,DEYE,0.0018438195286620863
