,EDU,HISP,INDP_CAT,MSP,OWN_RENT,PINCP_DECILE,PUMA,RAC1P,SEX
0,-0.5711275826037827,0.09765649436928037,-0.5004442530985018,-0.298286221689241,0.004362825624502929,-0.5535746002048509,0.057163613945356906,0.12286875986066835,0.005393499728212375
1,-0.02574773753915512,0.5862344447408909,0.20355365568546813,0.20483595690526582,0.4980045256423192,-0.03326728927976935,0.03571805441057863,0.5505229960803357,0.13714153676526766
2,-0.027387643779077743,0.28795314487401547,0.10222790078216856,-0.2341882989942843,-0.02830656363992353,0.14753638134549593,0.8607935323039902,-0.23521682401784008,-0.17938086664464983
3,-0.011289996827380593,0.1266216008874297,-0.09007063761035425,0.08884907473649138,-0.15136372707000043,0.09636782792189719,-0.15395168477612378,0.24738566200910742,-0.9223524842354345
4,0.04110511941977891,0.34044241752763604,-0.014689687027022919,0.34714485769652237,-0.8096861230088352,-0.11316330943767068,0.07429342428193114,0.1773301091845799,0.23732036883592317
