,feature,divergence
5,OWN_RENT,1.6640771056455166
6,INDP_CAT,0.7254948408123125
3,HISP,0.5916789088799865
4,RAC1P,0.37473060665767566
8,PINCP_DECILE,0.20542852194907407
7,EDU,0.1338251232975693
1,SEX,0.049184282155099956
2,MSP,0.04559194920593183
0,PUMA,0.03576424721935578
