,AGEP,DEYE,DVET,EDU,HOUSING_TYPE,MSP,OWN_RENT,PINCP_DECILE,RAC1P,SEX
0,-0.5003671965995967,0.0390001005780114,-0.0914725574188659,-0.5717285720585457,0.028571268082507012,-0.23289866092055705,0.06753307375165174,-0.5718403334470059,0.16142351159960322,0.013897306588227444
1,-0.03675130220352582,-0.00945697485413105,-0.02075755036664506,-0.00930316061624136,0.7107583250013612,0.23447166211410783,-0.6402728025062308,-0.11921538103751861,-0.09207325951810594,-0.07245047965053693
2,0.09901175711451532,-0.2779127426599127,0.6235894739239678,-0.16046422730358265,-0.068210324174911,-0.3925356471229477,-0.14847233213293928,0.012234921473093852,-0.2460947331152653,-0.5068089898784707
3,-0.11347758108069635,-0.3436023315317061,0.2287526964139008,0.017965216400229134,0.0969159508768015,0.5511477770143678,0.2765624299491444,-0.018082836577407613,0.5527299875731513,-0.3477484030131579
4,0.2373799763626701,-0.7955381192427399,-0.04165471474757687,-0.09690685272827304,0.0031132641869920236,-0.017539553050385306,-0.018473106588047614,-0.16340211137630634,-0.08018248525370512,0.5156119949550891
