,feature,divergence
7,EDU,4.848164612822874
8,PINCP_DECILE,3.783840064757547
6,INDP_CAT,2.446970606353817
2,MSP,1.0902405957385786
0,PUMA,0.8212748062187838
1,SEX,0.49808057826925756
5,OWN_RENT,0.26659576864374196
4,RAC1P,0.24201488813756153
3,HISP,0.2396343205693188
