,AGEP,DEYE,DVET,EDU,HOUSING_TYPE,MSP,OWN_RENT,PINCP_DECILE,RAC1P,SEX
0,-0.5251615970832848,0.06525346816091582,-0.11259059023351807,-0.5549528123126447,-0.0589392239174067,-0.24157157887476555,0.1259937301748023,-0.552008756750863,0.12658595063201183,0.02924494200067477
1,0.028117658417163256,-0.1865864177711923,-0.11718581844773215,-0.09819642367100977,0.7053995999603062,0.11063300778624523,-0.6234402039734321,-0.1800531014801277,0.03095182596207014,0.09558646071481412
2,-0.08134938043213354,0.1678038326488821,0.5529867249917653,-0.09293384395818163,0.07833761585472751,-0.254785989487839,-0.23597543652255323,0.10915704418016105,0.08570655941929371,-0.7104893883239501
3,-0.1547922170558901,0.3132249273013503,-0.11734411123309202,0.09253546874419141,0.09949165121325336,0.5617909540969873,0.11943281341259873,0.03871391405782745,0.7010062049706093,-0.15138273614990466
4,-0.005050879427422384,-0.8560167110688522,0.26595651342236315,-0.0843985963847329,0.016422403453304688,0.22538144922974715,0.28402107810567034,-0.06826570574970126,0.17794701922760026,-0.14592489455366414
