,feature,divergence
6,EDU,2.9571276640578708
7,PINCP_DECILE,1.5347231715652772
0,AGEP,0.7022628298181195
1,SEX,0.032060931036314355
2,MSP,0.022883582374263196
5,OWN_RENT,0.011354069950021958
3,RAC1P,0.006126705346635791
4,HOUSING_TYPE,0.0028360392494411156
8,DVET,0.0021254052875135845
9,DEYE,0.0006808454470132938
