,feature,divergence
6,INDP_CAT,2.80930836900306
7,EDU,2.8075297648603614
8,PINCP_DECILE,2.775718148616379
0,PUMA,0.5180214922104325
2,MSP,0.22319717521180002
5,OWN_RENT,0.13288289871419967
4,RAC1P,0.06098192154920852
3,HISP,0.031838843250952945
1,SEX,0.007848043854901454
