,PUMA,SEX,MSP,HISP,RAC1P,OWN_RENT,INDP_CAT,EDU,PINCP_DECILE
PUMA,-1.1102230246251565e-16,-0.00021114604004905972,-0.01457976970151201,-0.005570044488875965,-0.01575046409330443,-0.01030932556669108,-0.020975645337581776,-0.018401793740021745,-0.005835038862482791
SEX,-0.00021114604004905994,0.0,-0.0016395749621481437,0.014048317327311521,-0.015889664010648008,-0.004870124920228605,-0.002977469482823295,-0.03412827742337272,0.09662749495338234
MSP,-0.014579769701512011,-0.0016395749621481437,0.0,-0.027259158290358545,-0.05763071308265543,-0.04472340699961665,-0.0717068925649666,0.032217810483167436,0.029274077415054056
HISP,-0.005570044488875966,0.014048317327311521,-0.027259158290358545,-1.1102230246251565e-16,-0.12791945654167894,-0.04829455331473202,-0.0036037580794090404,0.09431304624266995,0.036332245443811376
RAC1P,-0.01575046409330443,-0.015889664010648008,-0.05763071308265544,-0.12791945654167894,0.0,-0.05977489883728632,-0.07856170254401615,0.010271134064538591,0.019145450419595367
OWN_RENT,-0.010309325566691084,-0.004870124920228605,-0.04472340699961666,-0.04829455331473202,-0.05977489883728631,-1.1102230246251565e-16,7.184877927829403e-05,0.03622678285700556,0.019532274741134392
INDP_CAT,-0.020975645337581776,-0.002977469482823295,-0.0717068925649666,-0.0036037580794090474,-0.07856170254401615,7.184877927829403e-05,0.0,-0.11289537726813187,-0.09889779406455101
EDU,-0.018401793740021745,-0.03412827742337272,0.032217810483167436,0.09431304624266992,0.010271134064538584,0.03622678285700556,-0.11289537726813192,-2.220446049250313e-16,-0.1356590538688297
PINCP_DECILE,-0.005835038862482794,0.09662749495338234,0.029274077415054,0.03633224544381139,0.01914545041959538,0.019532274741134406,-0.09889779406455096,-0.13565905386882954,0.0
