,feature,divergence
1,AGEP,8.32954983995823
9,PINCP_DECILE,2.1420787545787547
10,POVPIP,1.9094557164243402
7,NPF,0.5685906495493248
0,PUMA,0.3514801166382362
3,MSP,0.3504177864840061
6,NOC,0.130805608103337
8,OWN_RENT,0.10762799833417247
5,RAC1P,0.05069622378170002
4,HISP,0.03837259630559856
2,SEX,0.009317594239642069
