,EDU,HISP,INDP_CAT,MSP,OWN_RENT,PINCP_DECILE,PUMA,RAC1P,SEX
0,-0.5661256654249887,0.15509979203949498,-0.48974627551270133,-0.30435521113345515,0.04948152447213351,-0.5534536170037252,-0.04389932701996402,0.10682166712636457,0.02940968572956664
1,-0.003460126786582463,0.6176667604119592,0.2068945394053922,0.2600836941654914,0.3389320071304721,-0.020471515636094173,0.21019913550127767,0.5896488174217641,0.029385869665184756
2,-0.018556109310645545,0.12612634670485795,-0.10267619157272202,-0.21350482906193596,-0.2902481486688382,0.22623656138596032,0.04080408225365891,0.20127577296702906,-0.866035347835192
3,-0.05000731534030027,0.051328234679266546,0.08272803769322763,0.18707511355719242,0.03145250360189607,-0.003924210086917235,-0.9599163500806982,0.1616928981949682,-0.06659581456506955
4,0.0874941559091365,0.10041662662183916,0.003902233936482216,-0.007443873101249783,-0.8449588410538799,-0.04769712797520356,0.007298891278669804,0.3602809085133236,0.36892352752015206
