,AGEP,HISP,MSP,NOC,NPF,OWN_RENT,PINCP_DECILE,POVPIP,PUMA,RAC1P,SEX
0,-0.41840829409804703,0.07317519200018296,-0.36073214733567205,0.540657146787755,0.5055806361880879,0.12104875481954545,-0.31234783885455586,-0.11426033918891103,0.022956190466682014,0.12398031953303576,-0.01904661699542423
1,-0.25579200990861517,0.001666673021367665,0.009929854513860232,-0.04968640505320027,0.03200620299598407,-0.6646642095559367,-0.17883989153404642,0.6670922851266572,-0.07846254514826168,0.07740749141303549,-0.007301103883569903
2,-0.2914974127446698,0.4182481468178706,0.3957155791138617,-0.12821803866304532,-0.2779797203300379,0.13050625514202618,-0.40992921037273367,-0.16876846288925662,-0.27186216017245696,0.3840814102712098,0.23411565107064042
3,0.05343975209419837,0.3857777712473678,-0.060158187230004906,0.027008586046662675,0.06677477280481758,0.0902628557029843,0.41039128426641636,0.13367331415554784,-0.26554517621050455,0.4074950173691133,-0.6391470789929369
4,-0.17424820983452885,0.2653050398509354,0.2374361690560975,-0.07779795887900906,-0.037668317743941485,-0.05257212104997702,-0.10699927780712022,-0.057013507048680176,0.835423838735684,-0.03927021245115484,-0.3441875723976203
