,feature,divergence
9,PINCP_DECILE,0.3494017707585545
1,AGEP,0.3388453372529806
10,POVPIP,0.13510101010101014
7,NPF,0.1188078075112736
3,MSP,0.07892063793430787
6,NOC,0.046404074245475886
8,OWN_RENT,0.03974100793544305
5,RAC1P,0.02955616477629057
2,SEX,0.016356432682963273
4,HISP,0.015255986228194992
0,PUMA,0.010748813426424086
