,PUMA,SEX,MSP,HISP,RAC1P,OWN_RENT,INDP_CAT,EDU,PINCP_DECILE
PUMA,1.1102230246251565e-16,-0.014167643357986209,0.001345010565717569,0.0017877354814181765,0.000616605187312911,-0.0043039890853134866,-0.023517804415448706,-0.05620208587685388,-0.014447921293920968
SEX,-0.01416764335798621,-2.220446049250313e-16,-0.004562695860969485,0.004363486627030835,-0.007864006712856999,0.002511800418355985,-0.032095486962272476,-0.04771217549128183,0.059979260966294065
MSP,0.001345010565717569,-0.004562695860969485,0.0,0.05413710205086249,0.007939404536279563,0.05499178981118677,-0.24852380581309047,-0.23789528276683033,-0.21416838292651963
HISP,0.0017877354814181748,0.004363486627030835,0.05413710205086249,1.1102230246251565e-16,-0.08450948560613303,-0.007718178905014854,0.054372018590505646,0.16980011307073045,0.12119273574756201
RAC1P,0.000616605187312911,-0.007864006712856999,0.007939404536279566,-0.08450948560613304,0.0,-0.047455286197926216,-0.004366530180769322,0.057236830187783395,0.08461281936947321
OWN_RENT,-0.004303989085313488,0.0025118004183559885,0.05499178981118676,-0.007718178905014854,-0.04745528619792621,0.0,-0.00096039534450712,0.0464799753287178,0.04212067097741887
INDP_CAT,-0.023517804415448706,-0.032095486962272476,-0.24852380581309047,0.05437201859050564,-0.0043665301807693235,-0.00096039534450712,-1.1102230246251565e-16,-0.3801131952927311,-0.34591114446331694
EDU,-0.05620208587685388,-0.04771217549128184,-0.23789528276683033,0.16980011307073042,0.05723683018778339,0.0464799753287178,-0.38011319529273113,-1.1102230246251565e-16,-0.5347149357182587
PINCP_DECILE,-0.014447921293920968,0.059979260966294065,-0.21416838292651966,0.12119273574756201,0.08461281936947322,0.042120670977418874,-0.34591114446331694,-0.5347149357182586,0.0
