,AGEP,DEYE,HISP,MSP,NOC,NPF,OWN_RENT,PINCP_DECILE,POVPIP,PUMA,RAC1P,SEX
0,-0.4202983801456893,0.10319236608506854,0.07152951759982051,-0.3574241131440499,0.5379069442938613,0.5030739749246698,0.12043262353163789,-0.30669828697669366,-0.1115373659510062,0.021651918074335162,0.12459250415714924,-0.020107113687656143
1,-0.25571058207705816,0.03645415643114089,0.00026858071664114663,0.013037730878057865,-0.052350110199853084,0.02940960764118586,-0.663693065826226,-0.1730581628051438,0.6682567878212382,-0.07973791941448194,0.07784410669339326,-0.009224452460776345
2,-0.2914014067044799,-0.010066805504420212,0.4184420552435279,0.39474562689677106,-0.12768387961819871,-0.27733237363990076,0.12942409398013796,-0.4119433156033552,-0.16856791393713932,-0.27123309044592303,0.3835999672345013,0.235096236181692
3,0.0215440144311185,0.29807787793150037,0.32260216347571413,-0.013193977401961189,0.013783136765753323,0.042696607986201215,0.11064253899148711,0.4290537799163785,0.126953945573126,-0.2714331565375653,0.3824329410849585,-0.6099582668774004
4,0.1721339151509396,-0.8323737083413228,0.3956843019358715,-0.19333873016878453,0.015062115880599691,0.08233891471181504,-0.08082382343043483,0.010755740711873185,0.029544008315229686,0.14152956034200861,0.17543940389979892,-0.13505851921897968
