,AGEP,HISP,MSP,NOC,NPF,OWN_RENT,PINCP_DECILE,POVPIP,PUMA,RAC1P,SEX
0,-0.3771297048318153,0.10413523716016881,-0.3314779708948429,0.5079493510979788,0.47857910572319207,0.19554130976462447,-0.3508381593954959,-0.25103327879987963,0.08098020901853521,0.13530945076501003,0.028158879848405795
1,0.05217897352424511,0.2480768158274546,0.3832195882398831,-0.12304575686134035,-0.24863022882194058,0.5784354225419213,-0.061395644218593115,-0.5542800656460343,-0.058284657287332495,0.22155712006781483,0.1176976351241019
2,-0.4393634691608921,0.31840414482310037,0.26410643349457513,-0.16668641207366988,-0.15586776602492733,-0.3064122138005857,-0.3998766337843835,0.2983191300704268,-0.1943289344351147,0.44505361627842427,-0.07160088936239453
3,0.17623700639528858,0.6169614406085198,-0.10171802336394185,-0.018077411561727985,0.08682112931289113,-0.02441199542756385,0.3000068800516071,0.10596731672847114,0.6035702499803863,0.22463869077170096,-0.23129873958019004
4,0.046704946659419655,0.12648154272851642,-0.0004449587317014794,-0.09334062214149233,-0.049240919725059264,-0.1945750225112204,-0.23857217577581946,0.007353049551734805,0.35551282724198613,-0.1573776716047432,0.8512910417539167
