,EDU,HISP,INDP_CAT,MSP,OWN_RENT,PINCP_DECILE,PUMA,RAC1P,SEX
0,-0.5757868439330526,0.06559621868644616,-0.5141938332553484,-0.2728696795873841,-0.022671741617568922,-0.5612568911504162,0.020403976696721837,0.08960660596565177,0.03666762089603022
1,0.01703030164170154,0.6184436714821483,0.1185229811742774,0.1815082636906395,0.2024810524278742,-0.06517823296749131,-0.4003205814922255,0.6014969265729603,0.05424525681745198
2,-0.018228842236507274,-0.06572759874428838,0.10657145973912832,0.4628252646670194,-0.50150494582138,-0.2702253107525677,-0.1348887615446912,-0.10102759843425273,0.6456410825976934
3,-0.04154568258568932,0.11622791106424386,-0.03607345999869847,0.18129651282593562,-0.7187839530939903,0.010864233334595491,0.008139862360898562,0.1406566996147509,-0.6434099327581662
4,-0.06316752979119489,0.4309566929144783,0.13171436987063295,0.1538188098323976,0.028788364074207033,-0.036416247239772714,0.8685452527883893,0.04125467046069836,0.10511695190813107
