,AGEP,DEAR,DENSITY,DEYE,DPHY,DREM,DVET,EDU,HISP,HOUSING_TYPE,INDP_CAT,MSP,NOC,NPF,OWN_RENT,PINCP,PINCP_DECILE,POVPIP,PUMA,RAC1P,SEX
0,-0.3393424760993339,0.0628771376244095,-0.04070025719146535,0.027422255465737524,-0.2784901719371867,-0.29678169716447483,-0.0407966642764209,-0.37126198047120174,0.0881909008369215,-0.06082801561653284,-0.2412038390318744,-0.22697156493068843,0.2880608489739415,0.2524659395159655,0.07046177580042615,0.3993537172308271,-0.34342944309581536,-0.13885382795804474,-0.017932269622328124,0.05824864181908866,-0.008403570258756246
1,0.14792863927746447,-0.2448692630888547,-0.009819068666061864,-0.18000964184842158,-0.35153453035954035,-0.33533410624405413,0.025794837259125198,-0.11985699114003824,-0.10949583054335157,0.4287358421105722,-0.20433136734329055,-0.03690656328694878,-0.31078157582492383,-0.31293259807662255,-0.33781537245358484,0.0605518287949423,-0.049907558740696065,0.27908415626509253,-0.010476367902668883,-0.053629682727965346,-0.004491970410419813
2,-0.05604243726356828,0.06972042091937487,0.6891033446132896,0.02279064872689282,-0.07452640449377751,-0.07777663014096026,-0.03078967609056599,0.042446445199158925,0.08866135941874559,-0.004387215224095424,0.03394140339352993,0.008878395018327274,-0.01150005382444061,-0.05851010355413688,0.05531729572088216,0.028219566990388124,0.016770530983233722,0.06511701188495904,0.6834351434258018,0.11818262559707308,0.0129312402210832
3,0.17337834838548088,-0.2850581699363194,0.01635831876947214,-0.2870744560934564,-0.22651393524500585,-0.17890203767934162,0.09091516944720912,-0.05146295715114968,0.00412565532180529,-0.26241922121658146,-0.060750573725436914,0.1660369344154058,-0.15522260140652216,-0.2514599083635845,0.5169853115157638,-0.1072536386690954,-0.025353289447940894,-0.48877842055925036,-0.01493979274905708,-0.02057195648852821,0.0730571445609644
4,-0.15835593551283453,0.12922331264351636,-0.03493217374181912,-0.037380968620412125,0.16283990683565325,0.1454172176767903,-0.3404735810218827,-0.14238331241077776,0.31539792463021293,0.34282579843438815,-0.025482512176307,0.43901699047951304,-0.10146368505841488,-0.169655502171949,-0.027407668702864114,-0.08007837373022114,-0.3317292819240302,-0.15887163738837226,-0.05022778369959684,0.3018719283659399,0.29356875637457214
