,feature,divergence
0,AGEP,8.915316429602143
6,EDU,3.801949864221783
7,PINCP_DECILE,2.3359924343569207
2,MSP,0.42822050590094246
5,OWN_RENT,0.18495224679681524
3,RAC1P,0.06252354132510862
4,HOUSING_TYPE,0.04669049680442735
8,DVET,0.010729867092450582
9,DEYE,0.009036405649065325
1,SEX,0.006467856551515716
