,EDU,HISP,INDP_CAT,MSP,OWN_RENT,PINCP_DECILE,PUMA,RAC1P,SEX
0,-0.5757868439330528,0.06559621868644605,-0.5141938332553491,-0.2728696795873833,-0.022671741617568908,-0.5612568911504165,0.02040397669672158,0.08960660596565177,0.036667620896030144
1,0.017030301641701082,0.6184436714821462,0.11852298117427684,0.1815082636906414,0.20248105242787437,-0.0651782329674917,-0.4003205814922289,0.6014969265729592,0.05424525681745043
2,-0.0182288422365079,-0.06572759874428753,0.10657145973912949,0.4628252646670207,-0.5015049458213791,-0.27022531075256817,-0.13488876154468868,-0.10102759843425407,0.6456410825976929
3,-0.041545682585691586,0.11622791106426218,-0.036073459998692464,0.18129651282594111,-0.7187839530939901,0.01086423333459445,0.008139862360938097,0.14065669961475374,-0.6434099327581608
4,-0.06316752979119301,0.43095669291447325,0.13171436987063462,0.15381880983238977,0.028788364074241728,-0.03641624723977305,0.8685452527883886,0.04125467046069714,0.10511695190815817
