,EDU,HISP,INDP_CAT,MSP,OWN_RENT,PINCP_DECILE,PUMA,RAC1P,SEX
0,-0.5661256654249885,0.1550997920394952,-0.4897462755127018,-0.3043552111334553,0.049481524472133886,-0.553453617003725,-0.04389932701996415,0.10682166712636446,0.02940968572956676
1,-0.0034601267865822082,0.6176667604119591,0.2068945394053915,0.26008369416549026,0.338932007130474,-0.02047151563609345,0.21019913550127878,0.5896488174217639,0.029385869665182793
2,-0.01855610931064354,0.1261263467048609,-0.10267619157272295,-0.21350482906193918,-0.2902481486688527,0.22623656138596,0.040804082253667356,0.20127577296702953,-0.8660353478351862
3,-0.05000731534030022,0.05132823467927099,0.08272803769322835,0.1870751135571873,0.031452503601896255,-0.00392421008691405,-0.959916350080699,0.16169289819496868,-0.06659581456507753
4,0.08749415590913687,0.1004166266218408,0.003902233936484041,-0.007443873101246314,-0.8449588410538759,-0.04769712797520667,0.0072988912786665855,0.3602809085133211,0.3689235275201652
