,PUMA,SEX,MSP,HISP,RAC1P,OWN_RENT,INDP_CAT,EDU,PINCP_DECILE
PUMA,-1.9984014443252818e-15,0.002596399353914612,-0.09903638755038247,0.0019919848767170345,0.002193024470179522,0.0038662600812510092,-0.09789511595031777,0.002027081808056913,0.03723642159485546
SEX,0.002596399353914612,0.0,0.029930106161791606,-0.046627542624264336,0.005862858810020859,-0.047635910884644105,0.03894555068727918,-0.008519447555088456,0.037847391440156614
MSP,-0.09903638755038247,0.029930106161791606,-1.6653345369377348e-15,-0.03533679956469833,0.0780448461114239,0.07601690192414469,-0.07561334645572326,0.05414852635289824,-0.01857638983508539
HISP,0.0019919848767170345,-0.046627542624264336,-0.03533679956469833,3.3306690738754696e-15,-0.12263089359069629,-0.08275061763986011,-0.0605441883299003,-0.010285667832032136,-0.007897268028857915
RAC1P,0.002193024470179522,0.005862858810020859,0.0780448461114239,-0.12263089359069629,3.6637359812630166e-15,-0.07944334733569366,0.04699064336260053,0.10393409291431707,0.12135520422168844
OWN_RENT,0.0038662600812510092,-0.047635910884644105,0.07601690192414469,-0.08275061763986011,-0.07944334733569366,-3.219646771412954e-15,-0.09430712927562751,0.03301230248837205,-0.06244842560493324
INDP_CAT,-0.09789511595031777,0.03894555068727918,-0.07561334645572326,-0.0605441883299003,0.04699064336260053,-0.09430712927562751,-3.774758283725532e-15,-0.05517630252286004,0.004908712878614052
EDU,0.002027081808056913,-0.008519447555088456,0.05414852635289824,-0.010285667832032136,0.10393409291431707,0.03301230248837205,-0.05517630252286004,-4.551914400963142e-15,-0.008140618325074511
PINCP_DECILE,0.03723642159485546,0.037847391440156614,-0.01857638983508539,-0.007897268028857915,0.12135520422168844,-0.06244842560493324,0.004908712878614052,-0.008140618325074511,0.0
