,EDU,HISP,INDP_CAT,MSP,OWN_RENT,PINCP_DECILE,PUMA,RAC1P,SEX
0,-0.5757868439330527,0.0655962186864465,-0.5141938332553488,-0.2728696795873835,-0.022671741617568967,-0.5612568911504168,0.02040397669672174,0.08960660596565162,0.036667620896030255
1,0.01703030164170123,0.6184436714821462,0.11852298117427684,0.18150826369064138,0.2024810524278741,-0.06517823296749142,-0.4003205814922286,0.6014969265729582,0.054245256817450946
2,-0.018228842236507475,-0.06572759874428698,0.10657145973912949,0.46282526466701995,-0.5015049458213796,-0.2702253107525678,-0.13488876154468565,-0.10102759843425312,0.6456410825976945
3,-0.041545682585691045,0.11622791106425896,-0.03607345999869305,0.18129651282593967,-0.7187839530939912,0.010864233334594547,0.008139862360931505,0.14065669961475402,-0.6434099327581608
4,-0.06316752979119251,0.4309566929144753,0.1317143698706345,0.15381880983238672,0.028788364074236097,-0.03641624723977116,0.8685452527883891,0.04125467046069826,0.1051169519081524
