,AGEP,SEX,MSP,RAC1P,HOUSING_TYPE,OWN_RENT,EDU,PINCP_DECILE,DVET
AGEP,-1.887379141862766e-15,-0.06515509537368627,-0.018887729843645132,0.0018527092351481311,-0.044825096470869935,0.08608845803299929,-0.07841907952553456,-0.06244504539564988,-0.0762998663186754
SEX,-0.06515509537368627,0.0,0.031350800850473474,-0.006547294645556008,-0.004853266053847933,-0.003214326481665449,-0.049056105957134846,-0.005327729675301457,0.09170717350901127
MSP,-0.018887729843645132,0.031350800850473474,-7.771561172376096e-16,-0.04594822294337736,-0.014889098029291004,-0.00020307756719710468,-0.022881227774105006,0.009459481510927764,0.004432394647003913
RAC1P,0.0018527092351481311,-0.006547294645556008,-0.04594822294337736,-1.509903313490213e-14,-0.014914115485229112,-0.025286719147621886,0.023227485759282226,0.04327230472997783,0.024098137899494783
HOUSING_TYPE,-0.044825096470869935,-0.004853266053847933,-0.014889098029291004,-0.014914115485229112,2.3647750424515834e-14,0.0006402659198435634,0.02981838249832475,0.08410358409163192,0.021519820088424093
OWN_RENT,0.08608845803299929,-0.003214326481665449,-0.00020307756719710468,-0.025286719147621886,0.0006402659198435634,-2.9976021664879227e-15,0.030368434625792085,0.0014198716099672534,-0.008731622091797897
EDU,-0.07841907952553456,-0.049056105957134846,-0.022881227774105006,0.023227485759282226,0.02981838249832475,0.030368434625792085,0.0,-0.23813706465723894,-0.1054468068261646
PINCP_DECILE,-0.06244504539564988,-0.005327729675301457,0.009459481510927764,0.04327230472997783,0.08410358409163192,0.0014198716099672534,-0.23813706465723894,-5.440092820663267e-15,-0.11446020761597754
DVET,-0.0762998663186754,0.09170717350901127,0.004432394647003913,0.024098137899494783,0.021519820088424093,-0.008731622091797897,-0.1054468068261646,-0.11446020761597754,-6.661338147750939e-16
