,AGEP,SEX,MSP,RAC1P,HOUSING_TYPE,OWN_RENT,EDU,PINCP_DECILE,DVET
AGEP,4.440892098500626e-16,-0.04654111515815052,-0.10277298469421177,0.1306498820020839,0.08105098886890909,0.10432810624954791,-0.462424116445179,-0.487056000225841,-0.09564200317829219
SEX,-0.04654111515815052,-1.1102230246251565e-16,-0.0022056312715284737,-0.016688877240881805,0.04338512343855554,-0.028674936765688074,-0.026938932734886355,0.08058259425390941,0.08991097554927618
MSP,-0.10277298469421177,-0.0022056312715284737,0.0,0.006355004834666616,-0.24972708252380593,-0.0145130952541569,-0.26321285243580766,-0.15797037754802346,0.020728362023978295
RAC1P,0.1306498820020839,-0.016688877240881805,0.006355004834666616,-3.885780586188048e-15,0.01671874744963623,-0.10033519013226526,0.10843951129685928,0.12186675546792816,0.03470851682355633
HOUSING_TYPE,0.08105098886890909,0.04338512343855554,-0.24972708252380593,0.01671874744963623,4.551914400963142e-15,0.5753433012216057,0.010807309777604909,0.14905631744922637,0.027915832024278206
OWN_RENT,0.10432810624954791,-0.028674936765688074,-0.0145130952541569,-0.10033519013226526,0.5753433012216057,3.552713678800501e-15,0.05168660100457214,0.0020770073826852998,9.50403399053593e-05
EDU,-0.462424116445179,-0.026938932734886355,-0.26321285243580766,0.10843951129685928,0.010807309777604909,0.05168660100457214,-3.3306690738754696e-16,-0.6834910593839275,-0.04288123421967702
PINCP_DECILE,-0.487056000225841,0.08058259425390941,-0.15797037754802346,0.12186675546792816,0.14905631744922637,0.0020770073826852998,-0.6834910593839275,0.0,-0.07204823248245294
DVET,-0.09564200317829219,0.08991097554927618,0.020728362023978295,0.03470851682355633,0.027915832024278206,9.50403399053593e-05,-0.04288123421967702,-0.07204823248245294,6.661338147750939e-16
