,feature,divergence
0,PUMA,4.79085380539499
7,EDU,3.531027906263016
6,INDP_CAT,2.50387650053025
8,PINCP_DECILE,2.249711617388334
2,MSP,0.21806040135423865
4,RAC1P,0.12772142487716842
3,HISP,0.03166818554515116
1,SEX,0.02880350682276034
5,OWN_RENT,0.013413488263610135
