,AGEP,HISP,MSP,NOC,NPF,OWN_RENT,PINCP_DECILE,POVPIP,PUMA,RAC1P,SEX
0,-0.46206731655758665,0.17229438035653888,-0.23524154992406804,0.4852564301774996,0.4497517383679855,0.15256761391536058,-0.403897508206328,-0.2552143140962606,-0.013253438783225227,0.10945176274988143,0.00443434134292444
1,0.0402226383113918,0.17952821707467098,0.41344433077751935,-0.1396933601193821,-0.2838100726392044,0.5779938689345134,-0.08425944050001972,-0.5547096160240312,0.009575165190555571,0.1460651294505443,0.1576296990343299
2,-0.1070552364890509,0.5597321764429597,0.14670291473082775,-0.08323796522869048,-0.06712917640353558,-0.21244911824654167,0.034658861968055565,0.23380931579634967,0.3108301723292679,0.6413793303764181,-0.1824744761603555
3,-0.047437523714934086,0.0019671738776315573,0.02697304167510117,-0.1359423020290854,-0.11168192354357337,-0.31025322956711954,-0.3980486661739812,0.10449213536054536,-0.028986063252184495,0.08625873147997036,0.8319651020294366
4,0.0384999701622948,0.10322755847068422,0.07154933010310675,-0.056336227181839935,0.014544651477988883,-0.15383582298266982,-0.02177870968994461,-0.04212116724928776,-0.9284815800060382,0.2725368180436039,-0.13072441429580867
