,EDU,HISP,INDP_CAT,MSP,OWN_RENT,PINCP_DECILE,PUMA,RAC1P,SEX
0,-0.5661256654249884,0.15509979203949487,-0.4897462755127015,-0.3043552111334549,0.04948152447213356,-0.5534536170037254,-0.04389932701996413,0.10682166712636387,0.02940968572956696
1,-0.0034601267865831935,0.6176667604119583,0.206894539405392,0.26008369416549065,0.338932007130476,-0.02047151563609384,0.21019913550127553,0.5896488174217639,0.029385869665180978
2,-0.0185561093106446,0.12612634670485937,-0.10267619157272354,-0.21350482906193746,-0.2902481486688483,0.22623656138595916,0.04080408225366878,0.20127577296702676,-0.8660353478351883
3,-0.05000731534029459,0.05132823467927478,0.08272803769322724,0.18707511355718845,0.03145250360183376,-0.003924210086918255,-0.9599163500806982,0.16169289819499266,-0.06659581456505369
4,0.08749415590914017,0.10041662662183969,0.003902233936478157,-0.007443873101259886,-0.8449588410538785,-0.0476971279752051,0.007298891278736246,0.3602809085133117,0.3689235275201655
