,feature,divergence
1,AGEP,5.998732462083132
10,POVPIP,5.960832021306848
6,NOC,4.542062066989086
5,RAC1P,4.409234942968077
9,PINCP_DECILE,3.1684666210982004
3,MSP,3.151875901875902
7,NPF,2.4451213206607063
4,HISP,2.0630314157429295
8,OWN_RENT,1.1723832012369986
0,PUMA,0.14448734532180518
2,SEX,0.13782909798534793
