,feature,divergence
0,AGEP,2.5017981508807194
6,EDU,0.19881426712822067
7,PINCP_DECILE,0.11862764572036916
2,MSP,0.08962490588046973
3,RAC1P,0.03635170535925801
8,DVET,0.007250995196341617
5,OWN_RENT,0.004019573412702565
1,SEX,0.0020745607680434652
4,HOUSING_TYPE,0.0015382598391603872
9,DEYE,0.001120483222182292
