,PUMA,SEX,MSP,HISP,RAC1P,OWN_RENT,INDP_CAT,EDU,PINCP_DECILE
PUMA,1.9984014443252818e-15,0.11084422231776546,0.03172385463011911,-0.0474939931214931,-0.18501908224078895,0.014511469986698083,0.040255031557923156,0.025758593767363794,0.031186422623899077
SEX,0.11084422231776546,-8.881784197001252e-16,-0.021912203988553286,-0.11781224357324617,-0.08217003333241182,0.06732315048715767,0.054950431939330774,0.0832709302161717,0.0473375039163253
MSP,0.03172385463011911,-0.021912203988553286,0.0,-0.056913201838764554,-0.042015488874295334,-0.020732473075139105,0.018825908811595682,-0.03753489741891461,-0.08361312388767286
HISP,-0.0474939931214931,-0.11781224357324617,-0.056913201838764554,8.881784197001252e-16,-0.034258446121298886,0.00954002003447331,-0.02593707490746948,-0.01322276313008175,0.0010537227138906202
RAC1P,-0.18501908224078895,-0.08217003333241182,-0.042015488874295334,-0.034258446121298886,-5.995204332975845e-15,0.05172347312165709,-0.039693084097804324,0.08390859517835739,0.02259011043981489
OWN_RENT,0.014511469986698083,0.06732315048715767,-0.020732473075139105,0.00954002003447331,0.05172347312165709,3.774758283725532e-15,-0.008845225708670218,-0.042585771954420676,-0.013376048549653668
INDP_CAT,0.040255031557923156,0.054950431939330774,0.018825908811595682,-0.02593707490746948,-0.039693084097804324,-0.008845225708670218,1.9984014443252818e-15,0.034585188550893986,0.012603784606822654
EDU,0.025758593767363794,0.0832709302161717,-0.03753489741891461,-0.01322276313008175,0.08390859517835739,-0.042585771954420676,0.034585188550893986,1.2212453270876722e-15,0.025634845429206576
PINCP_DECILE,0.031186422623899077,0.0473375039163253,-0.08361312388767286,0.0010537227138906202,0.02259011043981489,-0.013376048549653668,0.012603784606822654,0.025634845429206576,-1.2212453270876722e-15
