,feature,divergence
10,POVPIP,1.9956755428061712
9,PINCP_DECILE,1.522263244256915
1,AGEP,1.2307733619763697
7,NPF,0.1706681053862063
2,SEX,0.07976511055525204
3,MSP,0.06074482567476137
6,NOC,0.03263345276209986
8,OWN_RENT,0.013306785336400298
5,RAC1P,0.011631289166761724
0,PUMA,0.010817979783496967
4,HISP,0.006135351527170803
