,PUMA,SEX,MSP,HISP,RAC1P,OWN_RENT,INDP_CAT,EDU,PINCP_DECILE
PUMA,2.3314683517128287e-15,0.03165202911808924,0.07069275306524732,-0.008265232799553296,-0.00588899328605854,0.01298969886351713,-0.02534058368111903,0.02364510409891557,-0.02748091994679343
SEX,0.03165202911808924,-5.662137425588298e-15,0.001202929273260598,-0.01837053022876805,-0.0076927774682037505,-0.03514002521020429,-0.008529526681767603,-0.0600547887791967,0.05495887404943729
MSP,0.07069275306524732,0.001202929273260598,-4.6629367034256575e-15,-0.02010987045897096,-0.005401484611630608,-0.0362094240468923,-0.07463120210001234,0.031673184254542575,-0.0009118623952514837
HISP,-0.008265232799553296,-0.01837053022876805,-0.02010987045897096,3.6637359812630166e-15,-0.1009604701074822,-0.05147927883491047,-0.011197328041530565,0.06297921000596926,0.049936690020245575
RAC1P,-0.00588899328605854,-0.0076927774682037505,-0.005401484611630608,-0.1009604701074822,0.0,-0.06314886065521755,0.02817381482720064,0.08023014376125677,0.10131778760761205
OWN_RENT,0.01298969886351713,-0.03514002521020429,-0.0362094240468923,-0.05147927883491047,-0.06314886065521755,7.771561172376096e-16,-0.0771935976229119,0.04834753469122185,0.0026427217860764732
INDP_CAT,-0.02534058368111903,-0.008529526681767603,-0.07463120210001234,-0.011197328041530565,0.02817381482720064,-0.0771935976229119,3.552713678800501e-15,-0.1106516232205792,-0.005948425977276239
EDU,0.02364510409891557,-0.0600547887791967,0.031673184254542575,0.06297921000596926,0.08023014376125677,0.04834753469122185,-0.1106516232205792,1.2212453270876722e-15,-0.015734570158351335
PINCP_DECILE,-0.02748091994679343,0.05495887404943729,-0.0009118623952514837,0.049936690020245575,0.10131778760761205,0.0026427217860764732,-0.005948425977276239,-0.015734570158351335,-1.6653345369377348e-15
