,AGEP,DEYE,DVET,EDU,HOUSING_TYPE,MSP,OWN_RENT,PINCP_DECILE,RAC1P,SEX
0,-0.5028447292406172,0.043012204491294725,-0.0717590824236428,-0.5679702824416618,0.15157002341313824,-0.14873136663161923,-0.08761200318303067,-0.5866974558755631,0.13573808015826014,0.046351216136844925
1,0.08304591705250058,-0.10230268734180402,-0.019075772037854707,0.11162185388090792,0.67169888152647,0.3945644912925203,-0.5978167220009152,-0.02294975112682346,-0.02800798358181059,0.06525117564494151
2,-0.1351379504584429,0.26064593837083744,0.49819505834569455,-0.0060380191419902585,0.09158676751919043,-0.06551219753835595,-0.11924577457642167,0.13773881465729262,0.2536920988164424,-0.7452083295905322
3,0.22223680784031963,-0.6550436193786036,0.4440294910217272,-0.2143890730598364,-0.02747864694179275,-0.2593302376221225,-0.10001161192988677,-0.11685032394869088,-0.4203788058073184,-0.10010936582178868
4,0.018644768478138056,-0.46355251690191,0.26764428870715357,0.06380068629860647,-0.003217298954142647,0.25228501745897247,0.23686945384444225,-0.05798365639618397,0.740527597367989,0.19380143897425897
