,EDU,HISP,INDP_CAT,MSP,OWN_RENT,PINCP_DECILE,PUMA,RAC1P,SEX
0,-0.5711275826037825,0.0976564943692797,-0.5004442530985013,-0.29828622168924207,0.004362825624501986,-0.5535746002048505,0.05716361394535711,0.12286875986066742,0.005393499728212341
1,-0.025747737539155796,0.5862344447408913,0.20355365568546857,0.2048359569052626,0.4980045256423198,-0.03326728927976963,0.03571805441057875,0.5505229960803362,0.13714153676526653
2,-0.02738764377907773,0.28795314487401114,0.10222790078216829,-0.23418829899428184,-0.028306563639922913,0.1475363813454957,0.860793532303992,-0.23521682401783894,-0.179380866644649
3,-0.011289996827380331,0.12662160088743127,-0.09007063761035454,0.08884907473649178,-0.15136372707000512,0.09636782792189698,-0.153951684776123,0.24738566200910803,-0.9223524842354339
4,0.04110511941977951,0.3404424175276382,-0.014689687027022114,0.3471448576965203,-0.8096861230088346,-0.11316330943767056,0.07429342428193127,0.17733010918457898,0.23732036883592805
