,feature,divergence
10,POVPIP,2.8758566840595985
9,PINCP_DECILE,2.6702016770387758
1,AGEP,0.9909596054192419
7,NPF,0.10312736700516725
0,PUMA,0.07431294585428616
3,MSP,0.06142815936178071
6,NOC,0.04011380536695768
2,SEX,0.02179004315481292
5,RAC1P,0.009833386070894812
8,OWN_RENT,0.008006504023372794
4,HISP,0.005374382702317911
