,EDU,HISP,INDP_CAT,MSP,OWN_RENT,PINCP_DECILE,PUMA,RAC1P,SEX
0,-0.5711275826037826,0.09765649436928026,-0.5004442530985024,-0.29828622168924157,0.0043628256245027905,-0.5535746002048506,0.057163613945357045,0.12286875986066788,0.005393499728211858
1,-0.025747737539155584,0.5862344447408918,0.20355365568546863,0.20483595690526427,0.49800452564231956,-0.033267289279769796,0.0357180544105775,0.5505229960803353,0.13714153676526877
2,-0.02738764377907768,0.28795314487401513,0.10222790078216942,-0.234188298994281,-0.02830656363992412,0.14753638134549374,0.8607935323039921,-0.235216824017843,-0.1793808666446379
3,-0.011289996827381677,0.12662160088743352,-0.090070637610353,0.08884907473649216,-0.1513637270699974,0.09636782792189798,-0.15395168477611335,0.24738566200910203,-0.9223524842354378
4,0.04110511941977953,0.34044241752763743,-0.014689687027023474,0.34714485769652,-0.8096861230088365,-0.11316330943767013,0.07429342428192579,0.17733010918458172,0.23732036883592272
