,EDU,HISP,INDP_CAT,MSP,OWN_RENT,PINCP_DECILE,PUMA,RAC1P,SEX
0,-0.5661256654249885,0.1550997920394951,-0.489746275512701,-0.3043552111334549,0.049481524472133484,-0.5534536170037255,-0.04389932701996402,0.10682166712636453,0.02940968572956683
1,-0.003460126786583028,0.6176667604119587,0.20689453940539188,0.2600836941654905,0.3389320071304757,-0.020471515636092952,0.21019913550127772,0.5896488174217628,0.029385869665178123
2,-0.01855610931064478,0.12612634670485723,-0.10267619157272331,-0.21350482906193816,-0.290248148668847,0.22623656138595977,0.04080408225366203,0.2012757729670267,-0.8660353478351892
3,-0.050007315340291465,0.051328234679280466,0.08272803769322859,0.18707511355718978,0.03145250360180863,-0.003924210086921023,-0.9599163500806981,0.1616928981950029,-0.06659581456503567
4,0.08749415590914178,0.1004166266218399,0.0039022339364757908,-0.007443873101265267,-0.8449588410538803,-0.04769712797520467,0.007298891278767204,0.3602809085133064,0.3689235275201654
