,feature,divergence
0,PUMA,0.2517766492483447
8,PINCP_DECILE,0.13469951627476234
7,EDU,0.11535949806943133
6,INDP_CAT,0.045659546136288975
2,MSP,0.0432429105785024
5,OWN_RENT,0.017586138160767636
4,RAC1P,0.015581813321341034
1,SEX,0.004440589567983322
3,HISP,0.002428450923853504
