,feature,divergence
6,INDP_CAT,3.5335696817977915
7,EDU,3.269659048636565
8,PINCP_DECILE,2.6378179527275587
0,PUMA,0.8978336351765067
2,MSP,0.6356428088596938
4,RAC1P,0.48409433485814213
5,OWN_RENT,0.42757213640338093
1,SEX,0.18740339043183474
3,HISP,0.10470353780481728
