,AGEP,DEYE,DVET,EDU,HOUSING_TYPE,MSP,OWN_RENT,PINCP_DECILE,RAC1P,SEX
0,-0.5003671965995967,0.0390001005780114,-0.09147255741886504,-0.5717285720585461,0.0285712680825079,-0.23289866092055567,0.06753307375165235,-0.5718403334470062,0.1614235115996033,0.013897306588227777
1,-0.03675130220352564,-0.009456974854131339,-0.02075755036664248,-0.009303160616241427,0.7107583250013617,0.2344716621141081,-0.640272802506231,-0.11921538103751858,-0.0920732595181059,-0.07245047965053816
2,0.0990117571145162,-0.27791274265991284,0.623589473923966,-0.16046422730358303,-0.06821032417491288,-0.3925356471229507,-0.14847233213293926,0.012234921473094462,-0.24609473311526506,-0.5068089898784713
3,-0.11347758108068443,-0.34360233153174574,0.2287526964138998,0.017965216400224554,0.09691595087680013,0.5511477770143682,0.2765624299491448,-0.018082836577415773,0.5527299875731444,-0.34774840301313337
4,0.23737997636267683,-0.7955381192427214,-0.04165471474758545,-0.09690685272827299,0.003113264186988096,-0.017539553050413825,-0.01847310658806263,-0.16340211137630584,-0.08018248525372836,0.515611994955109
