,PUMA,SEX,MSP,HISP,RAC1P,OWN_RENT,INDP_CAT,EDU,PINCP_DECILE
PUMA,5.218048215738236e-15,0.019095395871652134,-0.03377676371056403,-0.027305117498898065,0.06436335216034053,0.08052538055869791,-0.00032651870425148485,0.008094981309753932,-0.002323512164276186
SEX,0.019095395871652134,2.6645352591003757e-15,-0.04538394071623257,0.04697188480598224,0.04061682458708109,0.05890311842724451,-0.02603062426014173,-0.09295721416092692,0.05093017208801176
MSP,-0.03377676371056403,-0.04538394071623257,-6.661338147750939e-16,-0.015963720514512194,0.02160543475958969,0.020308611627518888,-0.09065545158083449,0.016465465726628603,-0.04211878526145875
HISP,-0.027305117498898065,0.04697188480598224,-0.015963720514512194,0.0,-0.2347657845396431,-0.07897477100933536,0.030097939249284295,0.07113339018562037,0.06472101117433807
RAC1P,0.06436335216034053,0.04061682458708109,0.02160543475958969,-0.2347657845396431,3.219646771412954e-15,-0.024789049712138266,-0.018705319205955133,0.12048861772943767,0.11255850100624934
OWN_RENT,0.08052538055869791,0.05890311842724451,0.020308611627518888,-0.07897477100933536,-0.024789049712138266,-4.9960036108132044e-15,-0.08965822380723863,0.029726423258306274,-0.031455481730136535
INDP_CAT,-0.00032651870425148485,-0.02603062426014173,-0.09065545158083449,0.030097939249284295,-0.018705319205955133,-0.08965822380723863,-1.7763568394002505e-15,-0.0745545261576866,0.04137863557628918
EDU,0.008094981309753932,-0.09295721416092692,0.016465465726628603,0.07113339018562037,0.12048861772943767,0.029726423258306274,-0.0745545261576866,-2.220446049250313e-16,-0.012100079154194754
PINCP_DECILE,-0.002323512164276186,0.05093017208801176,-0.04211878526145875,0.06472101117433807,0.11255850100624934,-0.031455481730136535,0.04137863557628918,-0.012100079154194754,3.3306690738754696e-16
