,AGEP,DEYE,DVET,EDU,HOUSING_TYPE,MSP,OWN_RENT,PINCP_DECILE,RAC1P,SEX
0,-0.5028447292406173,0.04301220449129517,-0.07175908242364297,-0.5679702824416624,0.15157002341313824,-0.1487313666316189,-0.08761200318303114,-0.5866974558755634,0.13573808015826017,0.04635121613684495
1,0.08304591705250107,-0.10230268734180507,-0.01907577203785395,0.11162185388090806,0.6716988815264694,0.394564491292519,-0.5978167220009151,-0.022949751126823265,-0.02800798358181097,0.06525117564494173
2,-0.13513795045842986,0.2606459383707985,0.49819505834571987,-0.006038019142003775,0.09158676751918886,-0.06551219753837095,-0.11924577457642765,0.13773881465728538,0.253692098816413,-0.7452083295905398
3,0.222236807840327,-0.6550436193786199,0.44402949102169537,-0.2143890730598363,-0.027478646941799384,-0.25933023762211727,-0.10001161192987759,-0.11685032394869937,-0.4203788058073348,-0.10010936582174543
4,0.018644768478137452,-0.463552516901908,0.26764428870715834,0.06380068629860602,-0.0032172989541427235,0.25228501745897297,0.23686945384444194,-0.05798365639618375,0.7405275973679895,0.1938014389742576
