,AGEP,HISP,MSP,NOC,NPF,OWN_RENT,PINCP_DECILE,POVPIP,PUMA,RAC1P,SEX
0,-0.3771297048318149,0.10413523716016859,-0.3314779708948431,0.5079493510979786,0.4785791057231923,0.19554130976462392,-0.3508381593954953,-0.25103327879987963,0.08098020901853557,0.1353094507650103,0.02815887984840524
1,0.05217897352424529,0.24807681582745422,0.38321958823988367,-0.12304575686133958,-0.24863022882194008,0.578435422541921,-0.06139564421859274,-0.5542800656460348,-0.058284657287331086,0.22155712006781442,0.11769763512410165
2,-0.4393634691608922,0.3184041448230996,0.264106433494577,-0.1666864120736707,-0.15586776602492797,-0.3064122138005865,-0.39987663378438687,0.29831913007042565,-0.19432893443511248,0.4450536162784227,-0.07160088936238744
3,0.17623700639528722,0.6169614406085218,-0.1017180233639414,-0.018077411561728096,0.08682112931289093,-0.024411995427563088,0.3000068800516078,0.10596731672847251,0.6035702499803818,0.22463869077170134,-0.23129873958019725
4,0.0467049466594196,0.12648154272851647,-0.0004449587317003987,-0.09334062214149184,-0.04924091972506034,-0.1945750225112185,-0.23857217577581924,0.007353049551731324,0.3555128272420005,-0.15737767160475274,0.8512910417539099
