,feature,divergence
0,AGEP,7.572304814107853
7,PINCP_DECILE,1.9161074929969892
6,EDU,1.8481117251449264
2,MSP,0.3965852014772112
3,RAC1P,0.08661785860778645
5,OWN_RENT,0.05811377149713741
9,DEYE,0.024519549370444003
8,DVET,0.01945268710847346
1,SEX,0.004153113418008392
4,HOUSING_TYPE,0.003611441975566995
