,AGEP,DEYE,DVET,EDU,HOUSING_TYPE,MSP,OWN_RENT,PINCP_DECILE,RAC1P,SEX
0,-0.5028447292406174,0.04301220449129528,-0.07175908242364243,-0.5679702824416621,0.1515700234131372,-0.14873136663161976,-0.08761200318303017,-0.5866974558755631,0.1357380801582604,0.04635121613684484
1,0.08304591705250008,-0.10230268734180423,-0.019075772037854648,0.11162185388090737,0.6716988815264696,0.39456449129251886,-0.5978167220009153,-0.022949751126824472,-0.028007983581810746,0.06525117564494168
2,-0.13513795045843965,0.2606459383708306,0.4981950583457032,-0.006038019141993367,0.09158676751919073,-0.06551219753836,-0.11924577457642309,0.1377388146572904,0.2536920988164311,-0.7452083295905328
3,0.22223680784032215,-0.6550436193786058,0.44402949102172284,-0.2143890730598365,-0.027478646941794645,-0.2593302376221215,-0.10001161192988406,-0.11685032394869338,-0.42037880580732284,-0.10010936582177349
4,0.018644768478137907,-0.46355251690190336,0.2676442887071633,0.06380068629860691,-0.003217298954142127,0.2522850174589725,0.2368694538444413,-0.05798365639618436,0.7405275973679889,0.19380143897426216
