,feature,divergence
1,AGEP,7.829545454545455
10,POVPIP,2.5939771547248185
9,PINCP_DECILE,2.4435631482611346
0,PUMA,1.0199956905839258
7,NPF,0.8964028776978418
6,NOC,0.390127928259459
3,MSP,0.3549894973521494
5,RAC1P,0.2694327390599676
8,OWN_RENT,0.23719206453019406
2,SEX,0.07633053221288522
4,HISP,0.04860831281247667
