,PUMA,SEX,MSP,HISP,RAC1P,OWN_RENT,INDP_CAT,EDU,PINCP_DECILE
PUMA,-5.218048215738236e-15,-0.001893227220553375,0.005540576182150633,-0.0043058141408438,0.00979780521532922,0.010216189440890085,-0.011322372117877483,-0.01281593617157259,-0.0008378477238155657
SEX,-0.001893227220553375,-1.0547118733938987e-14,-0.0163158214024451,-0.008121930302310305,0.02423170767864258,0.016295877097758482,-0.022082021970074063,-0.02032431033449887,-0.013152856199373661
MSP,0.005540576182150633,-0.0163158214024451,0.0,0.0026853921377429646,0.006097613533651125,-0.012529555008596677,-0.00729959502756744,-0.019904450317175804,-0.014578593565676978
HISP,-0.0043058141408438,-0.008121930302310305,0.0026853921377429646,-2.220446049250313e-15,0.002102019158325863,0.035117544408075074,0.0053745681688887464,0.008011507700276033,-0.0010070410575763467
RAC1P,0.00979780521532922,0.02423170767864258,0.006097613533651125,0.002102019158325863,-2.3314683517128287e-15,0.004669529797979424,-0.0038649863888066405,-0.00022146396411068525,0.010351760920982056
OWN_RENT,0.010216189440890085,0.016295877097758482,-0.012529555008596677,0.035117544408075074,0.004669529797979424,0.0,-0.01542122703350544,0.003206807075713608,0.001329336656163944
INDP_CAT,-0.011322372117877483,-0.022082021970074063,-0.00729959502756744,0.0053745681688887464,-0.0038649863888066405,-0.01542122703350544,1.4432899320127035e-15,-0.015655638620283463,0.00238203882228033
EDU,-0.01281593617157259,-0.02032431033449887,-0.019904450317175804,0.008011507700276033,-0.00022146396411068525,0.003206807075713608,-0.015655638620283463,1.2212453270876722e-15,0.002957620908998315
PINCP_DECILE,-0.0008378477238155657,-0.013152856199373661,-0.014578593565676978,-0.0010070410575763467,0.010351760920982056,0.001329336656163944,0.00238203882228033,0.002957620908998315,0.0
