,PUMA,SEX,MSP,HISP,RAC1P,OWN_RENT,INDP_CAT,EDU,PINCP_DECILE
PUMA,-1.1102230246251565e-16,0.01788387223889033,0.026589363330232117,-0.006746633082237661,0.004975592123556378,0.001622735337657371,0.026148829182225337,0.015068598162956741,0.008389961050428052
SEX,0.01788387223889033,0.0,0.008651405196828377,0.014283530008611623,0.012246882263306,-0.0015547380992198077,-0.02262254749935728,-0.0013772506769350878,-0.007854298929016734
MSP,0.026589363330232117,0.00865140519682837,-2.220446049250313e-16,0.0040191462850370716,-0.007084631655487178,-0.00542253187189529,-0.00805529554110379,-0.007962846269491786,-0.0047564447449862934
HISP,-0.006746633082237664,0.014283530008611623,0.0040191462850370716,1.1102230246251565e-16,-0.016827450879578737,0.007095245207987794,-0.009785533721765056,-0.006474627205217631,0.002288607005321991
RAC1P,0.00497559212355638,0.012246882263306,-0.0070846316554871724,-0.016827450879578723,0.0,0.006246760186885171,0.00647467269242895,0.004847543243043165,0.003411113753307063
OWN_RENT,0.001622735337657364,-0.0015547380992198094,-0.005422531871895292,0.007095245207987794,0.006246760186885171,0.0,-0.004035627587535364,-0.007054000458473139,-2.762193140846969e-05
INDP_CAT,0.026148829182225337,-0.02262254749935728,-0.00805529554110379,-0.009785533721765063,0.006474672692428948,-0.0040356275875353675,-2.220446049250313e-16,0.0002769463456377408,0.003471940631049386
EDU,0.015068598162956741,-0.0013772506769350878,-0.007962846269491786,-0.006474627205217687,0.004847543243043158,-0.007054000458473139,0.0002769463456376853,0.0,0.004912857916140156
PINCP_DECILE,0.008389961050428052,-0.007854298929016734,-0.004756444744986349,0.002288607005321977,0.0034111137533070768,-2.762193140846969e-05,0.003471940631049386,0.0049128579161402675,0.0
