,PUMA,SEX,MSP,HISP,RAC1P,OWN_RENT,INDP_CAT,EDU,PINCP_DECILE
PUMA,-2.4424906541753444e-15,0.042826430095135606,0.017297406336517124,0.01897493866218031,-0.05403226939436674,0.06966455830308207,-0.00503183995125833,-0.04610138132000717,0.0034733160958209178
SEX,0.042826430095135606,1.2212453270876722e-15,-0.05527496748845736,0.02189206029529697,0.023129639957128016,-0.014169120626002184,0.010705402100189831,0.04574234065990396,0.0038731919017764294
MSP,0.017297406336517124,-0.05527496748845736,2.9976021664879227e-15,-0.021359625372573226,0.04627429301251168,0.02664889147318522,-0.14904358744317728,0.022489635046657408,-0.11355419007120407
HISP,0.01897493866218031,0.02189206029529697,-0.021359625372573226,0.0,-0.1413971088658917,-0.07385203452963501,-0.030905900713431415,0.07679292960023444,0.06664658552111313
RAC1P,-0.05403226939436674,0.023129639957128016,0.04627429301251168,-0.1413971088658917,0.0,-0.0495459691586236,-0.0005051107450498304,-0.015582155536299878,0.060165802859690636
OWN_RENT,0.06966455830308207,-0.014169120626002184,0.02664889147318522,-0.07385203452963501,-0.0495459691586236,-2.886579864025407e-15,-0.13061452909274968,-0.05019607836349908,-0.09839670577251013
INDP_CAT,-0.00503183995125833,0.010705402100189831,-0.14904358744317728,-0.030905900713431415,-0.0005051107450498304,-0.13061452909274968,0.0,-0.3115665333649158,-0.4983148175317103
EDU,-0.04610138132000717,0.04574234065990396,0.022489635046657408,0.07679292960023444,-0.015582155536299878,-0.05019607836349908,-0.3115665333649158,0.0,-0.6744747700056877
PINCP_DECILE,0.0034733160958209178,0.0038731919017764294,-0.11355419007120407,0.06664658552111313,0.060165802859690636,-0.09839670577251013,-0.4983148175317103,-0.6744747700056877,-4.440892098500626e-16
