,feature,divergence
1,AGEP,3.2062100504419395
7,NPF,0.8413708084130515
3,MSP,0.726657747936492
9,PINCP_DECILE,0.63187072974307
8,OWN_RENT,0.5734613711387302
10,POVPIP,0.31300508865967386
4,HISP,0.23493511707418152
6,NOC,0.2243045744198278
2,SEX,0.03718815477909043
0,PUMA,0.02945508100147276
5,RAC1P,0.008335319843166163
