,EDU,HISP,INDP_CAT,MSP,OWN_RENT,PINCP_DECILE,PUMA,RAC1P,SEX
0,-0.5711275826037825,0.09765649436927948,-0.5004442530985019,-0.2982862216892425,0.004362825624503887,-0.5535746002048498,0.057163613945357454,0.12286875986066907,0.005393499728211352
1,-0.02574773753915568,0.5862344447408906,0.20355365568546924,0.204835956905264,0.49800452564232117,-0.03326728927976913,0.03571805441057944,0.5505229960803351,0.13714153676526744
2,-0.02738764377907766,0.28795314487401297,0.10222790078216926,-0.2341882989942824,-0.028306563639924648,0.14753638134549504,0.8607935323039912,-0.23521682401784033,-0.1793808666446457
3,-0.011289996827379913,0.12662160088743316,-0.09007063761035332,0.08884907473649173,-0.15136372707000365,0.09636782792189788,-0.15395168477612078,0.24738566200910775,-0.9223524842354349
4,0.04110511941977841,0.3404424175276362,-0.014689687027022807,0.34714485769652037,-0.8096861230088344,-0.11316330943767171,0.07429342428193039,0.17733010918458286,0.23732036883592805
