,EDU,HISP,INDP_CAT,MSP,OWN_RENT,PINCP_DECILE,PUMA,RAC1P,SEX
0,-0.566125665424989,0.1550997920394951,-0.48974627551270156,-0.3043552111334555,0.04948152447213372,-0.5534536170037249,-0.04389932701996408,0.1068216671263644,0.029409685729566863
1,-0.003460126786582582,0.6176667604119581,0.2068945394053915,0.2600836941654894,0.3389320071304741,-0.020471515636093007,0.21019913550127703,0.5896488174217643,0.02938586966518057
2,-0.018556109310644497,0.1261263467048577,-0.10267619157272276,-0.21350482906193963,-0.29024814866884374,0.22623656138596027,0.04080408225366459,0.20127577296702562,-0.8660353478351901
3,-0.050007315340299105,0.05132823467926889,0.0827280376932277,0.18707511355719025,0.03145250360188012,-0.003924210086916652,-0.9599163500806978,0.16169289819497598,-0.0665958145650693
4,0.08749415590913766,0.10041662662184046,0.003902233936482334,-0.0074438731012535925,-0.8449588410538778,-0.04769712797520398,0.007298891278685682,0.3602809085133217,0.36892352752015756
