,feature,divergence
6,INDP_CAT,12.274436090225564
8,PINCP_DECILE,4.871367185135871
7,EDU,4.5265379633743965
2,MSP,4.05712187958884
4,RAC1P,3.902285707461689
3,HISP,2.4777098673955944
5,OWN_RENT,1.294515189517358
0,PUMA,0.13138056088570504
1,SEX,0.009217335372453617
