,feature,divergence
0,AGEP,0.5987601637207937
7,PINCP_DECILE,0.30495407051682905
6,EDU,0.20929476379637804
2,MSP,0.12511541392998182
3,RAC1P,0.08309625762486961
5,OWN_RENT,0.03572466401158432
4,HOUSING_TYPE,0.008100449378060821
9,DEYE,0.0021235075543388354
1,SEX,0.001836565823950087
8,DVET,0.00042299361556589544
