,feature,divergence
0,PUMA,3.625055386297187
7,EDU,3.5416209947801
6,INDP_CAT,2.295481621589401
8,PINCP_DECILE,1.302638413824217
2,MSP,0.022600448547109867
4,RAC1P,0.011938733429726792
1,SEX,0.008409006056903423
5,OWN_RENT,0.004929305244867246
3,HISP,0.0013490827694496998
