,PUMA,SEX,MSP,HISP,RAC1P,OWN_RENT,INDP_CAT,EDU,PINCP_DECILE
PUMA,-7.771561172376096e-16,-0.03380570004740373,-0.02571160192278747,0.023953115123995332,0.05175024169074981,0.09860020568683107,0.035734969781936694,0.018684312175471916,-0.008416251691596991
SEX,-0.03380570004740373,2.6645352591003757e-15,0.04855663802575959,0.05428689079801793,0.013734267885934865,0.1327491644515749,-0.04657726082049653,0.014318656257286726,0.054549356997217816
MSP,-0.02571160192278747,0.04855663802575959,-2.9976021664879227e-15,0.12672823094788974,-0.0009207689094025226,0.1172348815673273,-0.26762611724358787,-0.24746755158155165,-0.2803313413660136
HISP,0.023953115123995332,0.05428689079801793,0.12672823094788974,0.0,-0.2226962591853782,0.019521757081635102,0.09930040532092194,0.22428637259300208,0.13961400526329298
RAC1P,0.05175024169074981,0.013734267885934865,-0.0009207689094025226,-0.2226962591853782,5.10702591327572e-15,-0.044075934696148324,0.01693955088895586,0.16680405098207834,0.1259184732882067
OWN_RENT,0.09860020568683107,0.1327491644515749,0.1172348815673273,0.019521757081635102,-0.044075934696148324,0.0,0.04260022908550117,0.11978311588276391,0.03743282217528849
INDP_CAT,0.035734969781936694,-0.04657726082049653,-0.26762611724358787,0.09930040532092194,0.01693955088895586,0.04260022908550117,-1.2212453270876722e-15,-0.39871884727095325,-0.34157663496046414
EDU,0.018684312175471916,0.014318656257286726,-0.24746755158155165,0.22428637259300208,0.16680405098207834,0.11978311588276391,-0.39871884727095325,0.0,-0.6279192203481521
PINCP_DECILE,-0.008416251691596991,0.054549356997217816,-0.2803313413660136,0.13961400526329298,0.1259184732882067,0.03743282217528849,-0.34157663496046414,-0.6279192203481521,-1.5543122344752192e-15
