,AGEP,DEYE,DVET,EDU,HOUSING_TYPE,MSP,OWN_RENT,PINCP_DECILE,RAC1P,SEX
0,-0.5251615970832847,0.06525346816091615,-0.1125905902335179,-0.5549528123126451,-0.05893922391740683,-0.24157157887476566,0.1259937301748024,-0.5520087567508634,0.1265859506320118,0.029244942000674817
1,0.02811765841716315,-0.18658641777119137,-0.11718581844773192,-0.09819642367101003,0.7053995999603053,0.11063300778624331,-0.6234402039734326,-0.18005310148012674,0.030951825962069378,0.09558646071481376
2,-0.08134938043213207,0.16780383264888116,0.5529867249917663,-0.09293384395818242,0.0783376158547264,-0.2547859894878437,-0.23597543652255312,0.10915704418016121,0.08570655941928867,-0.710489388323948
3,-0.15479221705588944,0.31322492730137935,-0.11734411123309424,0.09253546874419372,0.0994916512132535,0.5617909540969749,0.11943281341258594,0.03871391405783009,0.7010062049706068,-0.1513827361499021
4,-0.005050879427428023,-0.8560167110688416,0.2659565134223633,-0.0843985963847288,0.016422403453309163,0.22538144922976466,0.28402107810567234,-0.06826570574970048,0.177947019227625,-0.1459248945536663
