,EDU,HISP,INDP_CAT,MSP,OWN_RENT,PINCP_DECILE,PUMA,RAC1P,SEX
0,-0.5757868439330527,0.06559621868644616,-0.5141938332553491,-0.27286967958738384,-0.022671741617569203,-0.5612568911504164,0.02040397669672183,0.08960660596565148,0.03666762089603039
1,0.01703030164170072,0.6184436714821473,0.11852298117427595,0.18150826369063927,0.2024810524278768,-0.06517823296749031,-0.40032058149222693,0.6014969265729588,0.05424525681744588
2,-0.018228842236507937,-0.06572759874428397,0.10657145973912932,0.46282526466702256,-0.5015049458213758,-0.27022531075256856,-0.13488876154469367,-0.10102759843425302,0.6456410825976924
3,-0.041545682585692564,0.11622791106426628,-0.03607345999869108,0.18129651282594367,-0.7187839530939899,0.010864233334593645,0.00813986236094828,0.14065669961475302,-0.6434099327581587
4,-0.06316752979119268,0.4309566929144734,0.1317143698706353,0.15381880983238766,0.028788364074247962,-0.036416247239773436,0.8685452527883872,0.04125467046069134,0.10511695190816675
