,AGEP,DEYE,DVET,EDU,HOUSING_TYPE,MSP,OWN_RENT,PINCP_DECILE,RAC1P,SEX
0,-0.5028447292406176,0.0430122044912945,-0.07175908242364239,-0.5679702824416624,0.15157002341313774,-0.14873136663161957,-0.08761200318303022,-0.586697455875563,0.1357380801582602,0.04635121613684509
1,0.08304591705250039,-0.1023026873418043,-0.019075772037855175,0.11162185388090722,0.671698881526469,0.39456449129251914,-0.5978167220009148,-0.022949751126823653,-0.028007983581810076,0.06525117564494154
2,-0.13513795045843646,0.2606459383708165,0.49819505834570976,-0.006038019141997142,0.09158676751918989,-0.06551219753836102,-0.11924577457642299,0.1377388146572887,0.25369209881643007,-0.7452083295905347
3,0.22223680784032432,-0.6550436193786079,0.44402949102171707,-0.2143890730598359,-0.027478646941795665,-0.2593302376221203,-0.10001161192988298,-0.11685032394869566,-0.4203788058073278,-0.10010936582176236
4,0.018644768478138004,-0.4635525169019121,0.2676442887071519,0.06380068629860583,-0.0032172989541432787,0.2522850174589749,0.23686945384444372,-0.05798365639618441,0.7405275973679867,0.1938014389742586
