,EDU,HISP,INDP_CAT,MSP,OWN_RENT,PINCP_DECILE,PUMA,RAC1P,SEX
0,-0.5661256654249889,0.15509979203949464,-0.48974627551270095,-0.30435521113345493,0.0494815244721335,-0.5534536170037246,-0.04389932701996406,0.10682166712636423,0.029409685729566724
1,-0.003460126786582724,0.6176667604119581,0.20689453940539243,0.26008369416549026,0.33893200713047833,-0.020471515636094118,0.21019913550127767,0.5896488174217622,0.029385869665185797
2,-0.018556109310644477,0.1261263467048627,-0.10267619157272134,-0.21350482906193463,-0.2902481486688494,0.22623656138595888,0.04080408225366219,0.2012757729670335,-0.8660353478351875
3,-0.05000731534029788,0.0513282346792698,0.08272803769322853,0.18707511355718923,0.031452503601875896,-0.0039242100869172625,-0.9599163500806984,0.16169289819497784,-0.06659581456506243
4,0.08749415590913778,0.10041662662184088,0.0039022339364828407,-0.0074438731012507545,-0.8449588410538753,-0.047697127975206144,0.007298891278692868,0.36028090851331973,0.36892352752016544
