,AGEP,DEYE,DVET,EDU,HOUSING_TYPE,MSP,OWN_RENT,PINCP_DECILE,RAC1P,SEX
0,-0.5028447292406169,0.04301220449129495,-0.0717590824236427,-0.5679702824416618,0.1515700234131379,-0.14873136663161912,-0.08761200318303106,-0.5866974558755631,0.13573808015826053,0.046351216136844973
1,0.08304591705250064,-0.10230268734180456,-0.019075772037854745,0.11162185388090776,0.6716988815264693,0.39456449129251836,-0.5978167220009153,-0.022949751126823098,-0.02800798358181094,0.06525117564494158
2,-0.1351379504584565,0.2606459383708793,0.49819505834567035,-0.006038019141977796,0.0915867675191929,-0.06551219753834,-0.11924577457641522,0.1377388146572996,0.2536920988164639,-0.7452083295905251
3,0.22223680784031033,-0.6550436193785867,0.44402949102175937,-0.21438907305983718,-0.027478646941788414,-0.2593302376221232,-0.10001161192989162,-0.11685032394868361,-0.420378805807306,-0.10010936582183241
4,0.018644768478138105,-0.4635525169019124,0.26764428870715123,0.06380068629860663,-0.003217298954142349,0.2522850174589703,0.23686945384444008,-0.057983656396182526,0.7405275973679917,0.19380143897425495
