,feature,divergence
6,INDP_CAT,1.8383066326694246
5,OWN_RENT,1.6973726034730818
8,PINCP_DECILE,0.7296227970326177
4,RAC1P,0.43136096618222214
7,EDU,0.39658219685208607
2,MSP,0.15312435949989753
1,SEX,0.09960376053012632
0,PUMA,0.009596252694412222
3,HISP,0.005953069540317489
