,PUMA,SEX,MSP,HISP,RAC1P,OWN_RENT,INDP_CAT,EDU,PINCP_DECILE
PUMA,0.0,-0.0013810951565695305,-0.028632516045714346,-0.38099237980164447,-0.14556572753543637,0.03499839872780887,0.013859791184153125,0.11374487696390427,0.16691315854508024
SEX,-0.0013810951565695305,0.0,-0.0023372235987370663,-0.023782290193563392,0.004519731129388083,-0.06059172669669759,-0.04346491860117075,-0.05127338272349319,-0.014567508230142662
MSP,-0.028632516045714346,-0.0023372235987370663,-5.88418203051333e-15,-0.009957703975412237,0.04439293167048311,0.059731073061070186,-0.027275097135580684,-0.031199360279653643,-0.04797011450127081
HISP,-0.38099237980164447,-0.023782290193563392,-0.009957703975412237,3.3306690738754696e-15,-0.17027526020534886,-0.178099324860597,0.03306703598187227,0.1502246361749099,0.12458508887611217
RAC1P,-0.14556572753543637,0.004519731129388083,0.04439293167048311,-0.17027526020534886,-3.3306690738754696e-15,-0.11941878234638426,0.05226475859692262,0.14559053673160705,0.14815089031255352
OWN_RENT,0.03499839872780887,-0.06059172669669759,0.059731073061070186,-0.178099324860597,-0.11941878234638426,-2.9976021664879227e-15,-0.0801179777649744,0.014112628258022942,-0.06205696774746411
INDP_CAT,0.013859791184153125,-0.04346491860117075,-0.027275097135580684,0.03306703598187227,0.05226475859692262,-0.0801179777649744,-3.885780586188048e-15,-0.05355741710657169,-0.0084473900274743
EDU,0.11374487696390427,-0.05127338272349319,-0.031199360279653643,0.1502246361749099,0.14559053673160705,0.014112628258022942,-0.05355741710657169,-7.66053886991358e-15,-0.003063767832958253
PINCP_DECILE,0.16691315854508024,-0.014567508230142662,-0.04797011450127081,0.12458508887611217,0.14815089031255352,-0.06205696774746411,-0.0084473900274743,-0.003063767832958253,3.774758283725532e-15
