,EDU,HISP,INDP_CAT,MSP,OWN_RENT,PINCP_DECILE,PUMA,RAC1P,SEX
0,-0.5711275826037832,0.09765649436927981,-0.5004442530985022,-0.29828622168924157,0.004362825624502686,-0.5535746002048506,0.05716361394535643,0.12286875986066824,0.005393499728211997
1,-0.02574773753915547,0.5862344447408907,0.2035536556854683,0.20483595690526443,0.498004525642321,-0.033267289279769574,0.03571805441057874,0.5505229960803363,0.13714153676526936
2,-0.02738764377907822,0.2879531448740176,0.10222790078216681,-0.2341882989942789,-0.028306563639929436,0.1475363813454959,0.86079353230399,-0.23521682401783522,-0.17938086664466144
3,-0.011289996827379632,0.12662160088742513,-0.09007063761035564,0.08884907473649332,-0.15136372706999693,0.0963678279218963,-0.15395168477613547,0.24738566200911238,-0.9223524842354328
4,0.04110511941977862,0.3404424175276343,-0.014689687027023807,0.3471448576965252,-0.8096861230088348,-0.11316330943767168,0.07429342428192687,0.17733010918458375,0.23732036883592167
