,feature,divergence
1,AGEP,2.529807873233967
9,PINCP_DECILE,2.172943065845758
10,POVPIP,0.8740587133773908
3,MSP,0.7697454733486323
7,NPF,0.7634162783199978
5,RAC1P,0.7243353551385976
0,PUMA,0.6423605507330912
2,SEX,0.5178454635481936
6,NOC,0.2916338122569471
4,HISP,0.0823754401736529
8,OWN_RENT,0.03659964577153488
