,PUMA,SEX,MSP,HISP,RAC1P,OWN_RENT,INDP_CAT,EDU,PINCP_DECILE
PUMA,-1.1102230246251565e-16,-0.08779814780721194,-0.06018502478597511,-0.022396400457702553,-0.06723869883938824,0.04034051422797989,0.01602232711372406,-0.09015415756310048,0.0038679372838634415
SEX,-0.08779814780721194,-5.551115123125783e-16,-0.08017002369343434,0.022268158283320086,-0.02620353146468455,-0.030209819247955766,0.07217949089571604,0.07532088593374596,0.09664407240371743
MSP,-0.06018502478597511,-0.08017002369343434,0.0,-0.05411719138893286,0.02583672376096462,-0.001211918228927543,-0.041785491680244674,0.019753163009803176,0.026057789979327173
HISP,-0.022396400457702553,0.022268158283320086,-0.05411719138893286,-3.3306690738754696e-16,0.12010841345014639,0.12792056253658773,0.012149166983708787,0.03227716507028535,0.016959351277773177
RAC1P,-0.06723869883938824,-0.02620353146468455,0.02583672376096462,0.12010841345014639,3.4416913763379853e-15,0.14757775834319484,-0.07950929630317378,-0.00851554893637424,-0.01751564469358957
OWN_RENT,0.04034051422797989,-0.030209819247955766,-0.001211918228927543,0.12792056253658773,0.14757775834319484,8.104628079763643e-15,0.03516982766595554,0.02462990641422367,0.035548750867931786
INDP_CAT,0.01602232711372406,0.07217949089571604,-0.041785491680244674,0.012149166983708787,-0.07950929630317378,0.03516982766595554,4.440892098500626e-16,0.02560948809214908,0.004306512247218841
EDU,-0.09015415756310048,0.07532088593374596,0.019753163009803176,0.03227716507028535,-0.00851554893637424,0.02462990641422367,0.02560948809214908,1.887379141862766e-15,0.006839810744693864
PINCP_DECILE,0.0038679372838634415,0.09664407240371743,0.026057789979327173,0.016959351277773177,-0.01751564469358957,0.035548750867931786,0.004306512247218841,0.006839810744693864,1.7763568394002505e-15
