,AGEP,DEYE,DVET,EDU,HOUSING_TYPE,MSP,OWN_RENT,PINCP_DECILE,RAC1P,SEX
0,-0.5003671965995968,0.039000100578012065,-0.09147255741886572,-0.5717285720585467,0.02857126808250776,-0.23289866092055694,0.06753307375165175,-0.5718403334470066,0.1614235115996023,0.01389730658822777
1,-0.03675130220352582,-0.009456974854131803,-0.02075755036664153,-0.009303160616241786,0.7107583250013612,0.23447166211410717,-0.6402728025062318,-0.11921538103751811,-0.0920732595181071,-0.07245047965054047
2,0.09901175711451306,-0.27791274265990945,0.6235894739239642,-0.1604642273035832,-0.06821032417491418,-0.39253564712294675,-0.14847233213293498,0.01223492147309646,-0.24609473311526683,-0.5068089898784788
3,-0.11347758108068477,-0.34360233153174535,0.22875269641389795,0.017965216400223277,0.09691595087680126,0.5511477770143668,0.27656242994914426,-0.01808283657741494,0.5527299875731485,-0.34774840301313115
4,0.23737997636267694,-0.7955381192427247,-0.04165471474758288,-0.09690685272827404,0.0031132641869878186,-0.017539553050416976,-0.018473106588064336,-0.1634021113763055,-0.08018248525373191,0.5156119949551037
