,PUMA,SEX,MSP,HISP,RAC1P,OWN_RENT,INDP_CAT,EDU,PINCP_DECILE
PUMA,-4.218847493575595e-15,-0.0125934186198341,-0.09534564011254597,-0.03190537095346393,-0.09979891352069818,-0.11815343817121436,0.021998122584716374,-0.09714794908902577,-0.013700670028488056
SEX,-0.0125934186198341,7.216449660063518e-15,0.04354363447247971,0.03196299031818489,0.03198259963741558,0.020852396355905564,-0.025157577579181724,-0.061309434920782266,0.2116033088125626
MSP,-0.09534564011254597,0.04354363447247971,0.0,0.08413138802862444,0.05837505556244305,0.0006720645967058236,-0.31209081718693765,-0.28555854346640813,-0.11646998546392194
HISP,-0.03190537095346393,0.03196299031818489,0.08413138802862444,0.0,-0.12691235659029906,-0.09239472976178233,0.011490416687829897,0.19210241716181475,0.15639608929670146
RAC1P,-0.09979891352069818,0.03198259963741558,0.05837505556244305,-0.12691235659029906,0.0,-0.011611406678967914,-0.022540019394120762,0.1107845836932184,0.17737492536279298
OWN_RENT,-0.11815343817121436,0.020852396355905564,0.0006720645967058236,-0.09239472976178233,-0.011611406678967914,1.0103029524088925e-14,-0.01790512128950854,0.08453924997539174,0.1421051161789464
INDP_CAT,0.021998122584716374,-0.025157577579181724,-0.31209081718693765,0.011490416687829897,-0.022540019394120762,-0.01790512128950854,-7.327471962526033e-15,-0.4581161873392598,-0.4631712052153217
EDU,-0.09714794908902577,-0.061309434920782266,-0.28555854346640813,0.19210241716181475,0.1107845836932184,0.08453924997539174,-0.4581161873392598,-6.661338147750939e-16,-0.6255790354194146
PINCP_DECILE,-0.013700670028488056,0.2116033088125626,-0.11646998546392194,0.15639608929670146,0.17737492536279298,0.1421051161789464,-0.4631712052153217,-0.6255790354194146,5.551115123125783e-16
