,PUMA,SEX,MSP,HISP,RAC1P,OWN_RENT,INDP_CAT,EDU,PINCP_DECILE
PUMA,0.0,0.00037533348359877153,0.01180679403998687,-0.016179834905976173,0.008991403943333018,-0.004127035218855046,-0.00840850191414182,0.011158828055513714,0.0007600214126172733
SEX,0.00037533348359877153,0.0,-0.004019960890052793,-0.003127165408830845,0.0053182933008744,-0.0095341594424646,-0.004040673685835397,-2.241413248911181e-05,0.0
MSP,0.01180679403998687,-0.004019960890052793,0.0,-0.004516421297679194,-0.009092695666541667,0.0059544192445175476,-0.05109988682980052,-0.04214000923457267,-0.019671472857744468
HISP,-0.016179834905976173,-0.003127165408830845,-0.004516421297679194,0.0,-0.030903196510946335,-0.02329881215028609,-0.0008542785306994861,0.020444758288728437,0.005628975390636268
RAC1P,0.008991403943333018,0.0053182933008744,-0.009092695666541667,-0.030903196510946335,0.0,-0.03502906827488571,0.010016995327803153,0.0365955100487146,0.019083969263893705
OWN_RENT,-0.004127035218855046,-0.0095341594424646,0.0059544192445175476,-0.023298812150286105,-0.035029068274885694,1.1102230246251565e-16,-0.01088856407119311,0.012823873968529648,-0.004292285068086762
INDP_CAT,-0.00840850191414182,-0.004040673685835404,-0.05109988682980052,-0.0008542785306994861,0.010016995327803146,-0.010888564071193103,0.0,-0.06352550506418242,-0.01869327460460496
EDU,0.011158828055513714,-2.241413248911528e-05,-0.042140009234572645,0.02044475828872845,0.0365955100487146,0.012823873968529645,-0.06352550506418242,0.0,-0.07986497382915636
PINCP_DECILE,0.0007600214126172742,0.0,-0.019671472857744454,0.005628975390636268,0.019083969263893705,-0.004292285068086762,-0.01869327460460496,-0.07986497382915636,0.0
