,feature,divergence
0,AGEP,1.173106673333137
7,PINCP_DECILE,0.20304912705460587
6,EDU,0.13728213756180063
5,OWN_RENT,0.019673379866796067
3,RAC1P,0.01271727963594078
2,MSP,0.011886250335502481
1,SEX,0.0024834513548342985
8,DVET,0.001981671166976948
9,DEYE,0.0018073112227042012
4,HOUSING_TYPE,0.0011313160879587282
