,EDU,HISP,INDP_CAT,MSP,OWN_RENT,PINCP_DECILE,PUMA,RAC1P,SEX
0,-0.5711275826037825,0.09765649436928059,-0.5004442530985017,-0.2982862216892414,0.004362825624502423,-0.5535746002048512,0.05716361394535725,0.12286875986066895,0.005393499728212313
1,-0.025747737539155106,0.5862344447408914,0.2035536556854693,0.20483595690526413,0.4980045256423203,-0.03326728927976896,0.035718054410580305,0.5505229960803358,0.13714153676526708
2,-0.02738764377907744,0.28795314487401535,0.10222790078216881,-0.23418829899428467,-0.02830656363992591,0.1475363813454956,0.8607935323039908,-0.23521682401784255,-0.1793808666446459
3,-0.011289996827379817,0.12662160088743188,-0.09007063761035396,0.08884907473648912,-0.1513637270700027,0.09636782792189853,-0.1539516847761206,0.247385662009108,-0.9223524842354349
4,0.04110511941977789,0.3404424175276354,-0.014689687027022919,0.34714485769652853,-0.8096861230088335,-0.11316330943767261,0.07429342428193059,0.17733010918457798,0.2373203688359248
