,feature,divergence
0,AGEP,2.103170638884924
7,PINCP_DECILE,1.1133865048711669
6,EDU,0.4315659088386362
2,MSP,0.13184670202678678
3,RAC1P,0.050439677972808634
1,SEX,0.032881919695889716
5,OWN_RENT,0.008875786335158412
4,HOUSING_TYPE,0.005544316297989779
8,DVET,0.0033840781217399987
9,DEYE,0.0011931013885593186
