,feature,divergence
6,EDU,0.07108635250090298
7,PINCP_DECILE,0.06335046944960954
2,MSP,0.015887962334916052
3,RAC1P,0.008214570415168855
5,OWN_RENT,0.004931807780946068
8,DVET,0.0014298639346176454
9,DEYE,0.001130317243347799
4,HOUSING_TYPE,0.00033988251653275636
0,AGEP,0.0
1,SEX,0.0
