,AGEP,DEAR,DENSITY,DEYE,DPHY,DREM,DVET,EDU,HISP,HOUSING_TYPE,INDP_CAT,MSP,NOC,NPF,OWN_RENT,PINCP,PINCP_DECILE,POVPIP,PUMA,RAC1P,SEX
0,-0.28776799697868094,0.03124950841745574,-0.04877516091636015,0.009460797895212716,-0.292465115797221,-0.3062728700424663,-0.027543505017856067,-0.36656641376439836,0.04278506596266429,-0.09323615125569247,-0.24374004118103038,-0.2679519388729949,0.2983201831805104,0.27062572738547863,0.07654869557969882,0.4040458572575859,-0.3200765194865337,-0.13116134651646316,0.0467088543467375,0.0660648225775544,0.0007143501490945848
1,-0.05733870712171538,-0.07214202340009603,-0.03598458710627154,-0.04956823087788532,-0.2017937937212963,-0.2054907919155044,0.002996989813568359,-0.13903791496156143,-0.06826060964619561,0.5402969662585427,-0.20105940889225637,0.07446411047097856,-0.2766157592825325,-0.24642087480689973,-0.46815680727684195,0.06543044767602646,-0.1606036458013607,0.38018678545692725,-0.060981555369025164,-0.06304267997852013,-0.06479156118701104
2,0.2431538490314404,-0.19340511939160898,-0.47959231522984896,-0.066333795884382,-0.00889748947185428,0.009554684922108994,0.1731324547437793,0.09744398339544752,-0.3282651125383336,-0.1439619596683052,-0.05773125629970588,-0.3643011056649898,0.12595182878373426,0.20480424681311285,-0.25115510359451915,0.016687024631813388,0.21257532929462947,0.1361920467010647,0.23660769637776613,-0.34216933737775374,-0.08321213506776201
3,0.2890830084251314,-0.4344907627484122,0.009345144537451167,-0.41945410020773294,-0.3097774524346011,-0.2601502757220967,0.15101134456156873,-0.08771265493137205,-0.008507347697444122,-0.15904330642324221,-0.1423345947011894,0.12065387642372394,-0.22003118978975345,-0.26077773534413157,0.24737857867563223,-0.10821238487584339,-0.02118190427778968,-0.32626382325523023,-0.008557889223503572,-0.031524626348493956,0.0030453647535834028
4,-0.016859434664072373,-0.1752015948711026,-0.2974436137538565,-0.18772431334521092,0.43695413490490354,0.4415544691751763,-0.030072838733987174,-0.20264931423683877,0.12466367206468823,0.14482489013140631,-0.288006618150783,0.17259336298288114,0.02909569172500679,0.029848176068257976,-0.09981748965954547,-0.04221556322202583,-0.38134902849089836,-0.25006623441239867,0.20738728139187793,0.051404548878603594,0.03301241950180384
