,AGEP,DEYE,DVET,EDU,HOUSING_TYPE,MSP,OWN_RENT,PINCP_DECILE,RAC1P,SEX
0,-0.5003671965995962,0.0390001005780114,-0.09147255741886573,-0.571728572058546,0.028571268082502793,-0.2328986609205581,0.06753307375165585,-0.5718403334470054,0.16142351159960325,0.013897306588228846
1,-0.03675130220352883,-0.009456974854131443,-0.020757550366643507,-0.00930316061624504,0.7107583250013619,0.23447166211410603,-0.6402728025062306,-0.1192153810375225,-0.0920732595181064,-0.07245047965053783
2,0.09901175711451404,-0.2779127426599084,0.6235894739239647,-0.16046422730358323,-0.06821032417491274,-0.3925356471229502,-0.14847233213293848,0.012234921473095683,-0.24609473311526628,-0.5068089898784753
3,-0.11347758108068433,-0.3436023315317491,0.22875269641389873,0.01796521640022236,0.0969159508768015,0.551147777014367,0.2765624299491445,-0.018082836577416134,0.5527299875731436,-0.34774840301313364
4,0.23737997636267738,-0.7955381192427208,-0.04165471474757927,-0.0969068527282741,0.0031132641869870276,-0.01753955305041699,-0.01847310658806399,-0.16340211137630567,-0.08018248525373213,0.5156119949551089
