,feature,divergence
0,PUMA,5.766785811019966
7,EDU,4.1347176500379845
8,PINCP_DECILE,3.6679698787791475
6,INDP_CAT,3.565560673898986
2,MSP,0.6023796117923831
4,RAC1P,0.26228218122259184
1,SEX,0.22098459976372853
5,OWN_RENT,0.10224343845444733
3,HISP,0.03369926451451676
