,AGEP,DEYE,DVET,EDU,HOUSING_TYPE,MSP,OWN_RENT,PINCP_DECILE,RAC1P,SEX
0,-0.5251615970832847,0.06525346816091582,-0.11259059023351792,-0.5549528123126451,-0.05893922391740721,-0.24157157887476538,0.12599373017480273,-0.5520087567508629,0.12658595063201167,0.029244942000674748
1,0.02811765841716222,-0.186586417771192,-0.11718581844773249,-0.09819642367100957,0.705399599960306,0.1106330077862443,-0.6234402039734317,-0.18005310148012765,0.03095182596206997,0.09558646071481314
2,-0.08134938043213309,0.16780383264888019,0.552986724991765,-0.09293384395818248,0.078337615854727,-0.2547859894878409,-0.23597543652255273,0.10915704418016169,0.08570655941929176,-0.7104893883239497
3,-0.15479221705588822,0.31322492730135837,-0.11734411123309253,0.09253546874419255,0.09949165121325214,0.5617909540969779,0.11943281341259297,0.038713914057829535,0.7010062049706135,-0.1513827361499025
4,-0.005050879427422163,-0.8560167110688485,0.2659565134223671,-0.08439859638473085,0.016422403453305062,0.22538144922974956,0.28402107810567,-0.0682657057497017,0.1779470192276136,-0.14592489455365834
