,PUMA,SEX,MSP,HISP,RAC1P,OWN_RENT,INDP_CAT,EDU,PINCP_DECILE
PUMA,-2.220446049250313e-16,-0.0033244827625894388,-0.004522695244052771,0.0037964926333191595,0.003010850847765867,-0.003932617881329533,-0.013973178334661992,0.029613542703371278,0.003111928022900325
SEX,-0.0033244827625894388,0.0,0.010117848319259352,0.0016588701401710057,0.009234378549533427,0.0027611424405524776,0.04558824741468623,-0.020218047120465175,-0.015278280994343058
MSP,-0.004522695244052771,0.010117848319259352,0.0,0.004447480835816491,-0.003250650493163823,-0.0029352278472045065,-0.10673198475793802,-0.08222374511346507,-0.3107603100530659
HISP,0.0037964926333191595,0.0016588701401710057,0.004447480835816493,0.0,-0.00731992510045984,-0.00925116616694345,0.01634210241544755,0.03326792024961911,0.02927403295535974
RAC1P,0.003010850847765867,0.009234378549533427,-0.003250650493163823,-0.00731992510045984,0.0,-0.0010128228595155109,0.04770075253441939,0.0353800471763633,0.03570431256764539
OWN_RENT,-0.003932617881329533,0.0027611424405524776,-0.0029352278472045135,-0.00925116616694345,-0.0010128228595155109,1.1102230246251565e-16,-0.03195084594434436,0.015225224593166609,0.03857592434310365
INDP_CAT,-0.013973178334661992,0.04558824741468623,-0.10673198475793802,0.01634210241544755,0.04770075253441939,-0.031950845944344344,0.0,-0.2248515370275835,-0.17555515169202535
EDU,0.029613542703371278,-0.020218047120465175,-0.08222374511346506,0.03326792024961911,0.0353800471763633,0.015225224593166612,-0.2248515370275835,0.0,-0.2672590724046024
PINCP_DECILE,0.003111928022900326,-0.015278280994343071,-0.310760310053066,0.029274032955359727,0.035704312567645405,0.03857592434310365,-0.17555515169202535,-0.26725907240460234,0.0
