,PUMA,SEX,MSP,HISP,RAC1P,OWN_RENT,INDP_CAT,EDU,PINCP_DECILE
PUMA,2.1094237467877974e-15,-0.0014357371057384816,0.09495588163340893,-0.0941811971790897,0.06154147987545064,0.013260861356179151,-0.009097248487546589,0.09427063482175577,0.004504160914222209
SEX,-0.0014357371057384816,-7.771561172376096e-16,3.413282902703634e-05,0.0004317049539089273,0.002146411549450623,-0.03299823740788366,-0.05682742650051602,-0.04504515340316619,0.03547655118866425
MSP,0.09495588163340893,3.413282902703634e-05,-2.886579864025407e-15,-0.039328907376661046,0.011347596593348776,-0.02069257106620731,-0.005919464850690892,-0.0010876518716584904,-0.0010666722323964262
HISP,-0.0941811971790897,0.0004317049539089273,-0.039328907376661046,3.6637359812630166e-15,-0.018385488607189443,-0.13785442512907425,-0.01939319666498539,0.08047934345601575,0.06735768621144723
RAC1P,0.06154147987545064,0.002146411549450623,0.011347596593348776,-0.018385488607189443,-1.1102230246251565e-16,-0.08478198360425628,0.03347233669149549,0.10230183196350925,0.11902298618584177
OWN_RENT,0.013260861356179151,-0.03299823740788366,-0.02069257106620731,-0.13785442512907425,-0.08478198360425628,-3.3306690738754696e-16,-0.09990229436750217,0.0044454225102657716,-0.04743289813013571
INDP_CAT,-0.009097248487546589,-0.05682742650051602,-0.005919464850690892,-0.01939319666498539,0.03347233669149549,-0.09990229436750217,3.552713678800501e-15,-0.04441360788059073,-0.03276612482737018
EDU,0.09427063482175577,-0.04504515340316619,-0.0010876518716584904,0.08047934345601575,0.10230183196350925,0.0044454225102657716,-0.04441360788059073,-9.992007221626409e-16,-0.0030560048153902564
PINCP_DECILE,0.004504160914222209,0.03547655118866425,-0.0010666722323964262,0.06735768621144723,0.11902298618584177,-0.04743289813013571,-0.03276612482737018,-0.0030560048153902564,0.0
