,EDU,HISP,INDP_CAT,MSP,OWN_RENT,PINCP_DECILE,PUMA,RAC1P,SEX
0,-0.575786843933053,0.06559621868644627,-0.514193833255349,-0.27286967958738373,-0.022671741617568745,-0.5612568911504163,0.020403976696722,0.08960660596565184,0.03666762089603042
1,0.017030301641701377,0.618443671482147,0.11852298117427723,0.18150826369064177,0.20248105242787112,-0.0651782329674922,-0.40032058149222727,0.6014969265729598,0.05424525681745316
2,-0.018228842236508412,-0.06572759874428755,0.10657145973912913,0.4628252646670212,-0.5015049458213793,-0.27022531075256817,-0.13488876154468554,-0.10102759843425699,0.6456410825976927
3,-0.04154568258569192,0.11622791106425737,-0.03607345999869423,0.1812965128259417,-0.7187839530939891,0.010864233334594076,0.008139862360929163,0.14065669961475152,-0.6434099327581627
4,-0.0631675297911925,0.4309566929144737,0.13171436987063395,0.15381880983238821,0.028788364074234393,-0.03641624723977144,0.8685452527883903,0.04125467046069871,0.10511695190815036
