,AGEP,DEYE,DVET,EDU,HOUSING_TYPE,MSP,OWN_RENT,PINCP_DECILE,RAC1P,SEX
0,-0.500367196599597,0.03900010057801073,-0.09147255741886587,-0.571728572058546,0.028571268082506818,-0.23289866092055644,0.06753307375165263,-0.5718403334470061,0.16142351159960322,0.013897306588228145
1,-0.0367513022035259,-0.009456974854130593,-0.02075755036664276,-0.009303160616242093,0.710758325001361,0.2344716621141064,-0.6402728025062315,-0.11921538103751925,-0.09207325951810715,-0.07245047965053932
2,0.09901175711451633,-0.27791274265990995,0.6235894739239637,-0.16046422730358395,-0.0682103241749141,-0.3925356471229543,-0.1484723321329402,0.012234921473094212,-0.24609473311527263,-0.5068089898784679
3,-0.11347758108073384,-0.34360233153158065,0.22875269641391555,0.017965216400243234,0.09691595087680052,0.5511477770143687,0.2765624299491466,-0.018082836577381606,0.5527299875731592,-0.3477484030132467
4,0.2373799763626526,-0.7955381192427955,-0.04165471474754112,-0.09690685272826871,0.0031132641870088434,-0.017539553050296725,-0.01847310658800451,-0.16340211137630956,-0.08018248525361418,0.5156119949550333
