,EDU,HISP,INDP_CAT,MSP,OWN_RENT,PINCP_DECILE,PUMA,RAC1P,SEX
0,-0.5711275826037828,0.09765649436928048,-0.5004442530985026,-0.29828622168924157,0.004362825624502166,-0.5535746002048509,0.057163613945356774,0.12286875986066859,0.0053934997282123545
1,-0.025747737539155498,0.5862344447408909,0.20355365568546913,0.20483595690526313,0.4980045256423183,-0.03326728927976952,0.03571805441057961,0.5505229960803353,0.1371415367652681
2,-0.027387643779078038,0.28795314487401374,0.10222790078216823,-0.2341882989942818,-0.028306563639926514,0.14753638134549474,0.8607935323039917,-0.2352168240178401,-0.1793808666446472
3,-0.011289996827380765,0.12662160088743243,-0.09007063761035362,0.08884907473649237,-0.15136372707000087,0.09636782792189695,-0.1539516847761224,0.24738566200910567,-0.9223524842354353
4,0.04110511941977985,0.3404424175276348,-0.014689687027023085,0.3471448576965217,-0.8096861230088356,-0.11316330943767063,0.0742934242819279,0.1773301091845811,0.23732036883592542
