,feature,divergence
0,AGEP,7.5805403766611565
7,PINCP_DECILE,3.984740744219607
6,EDU,2.860098566948256
2,MSP,0.4196478472883921
3,RAC1P,0.11831615286725172
5,OWN_RENT,0.07975263961353998
1,SEX,0.04447644568085585
8,DVET,0.019129167211999826
4,HOUSING_TYPE,0.014844966347255888
9,DEYE,0.010638250867875418
