,feature,divergence
0,AGEP,0.5055008875281447
7,PINCP_DECILE,0.12753841548533384
6,EDU,0.06322081958445572
1,SEX,0.02122555247567337
5,OWN_RENT,0.016816880864041248
3,RAC1P,0.010392887682311369
2,MSP,0.010091236230676669
8,DVET,0.0027511616741640113
4,HOUSING_TYPE,0.0009680240073796156
