,PUMA,SEX,MSP,HISP,RAC1P,OWN_RENT,INDP_CAT,EDU,PINCP_DECILE
PUMA,1.1435297153639112e-14,0.011992103733793927,-0.001379846673117139,0.005450053676877828,-0.008092759096689581,-0.00220661973737569,0.008795473648187616,0.005021709892511134,0.004366712582597576
SEX,0.011992103733793927,0.0,-0.002572029999914861,0.004565527563278368,0.0034813502551494444,0.026065993079938232,-0.004262725976074355,-0.01818054828224297,-0.020048634539154814
MSP,-0.001379846673117139,-0.002572029999914861,-3.1086244689504383e-15,0.010555079555734908,0.010581025076201187,0.015899071383713458,0.005457291713153567,0.0005086635232388059,0.01959197485937922
HISP,0.005450053676877828,0.004565527563278368,0.010555079555734908,2.220446049250313e-15,0.004292378049637835,-0.011197707688801371,0.010308090330540289,0.015241977787737754,0.01628551635134555
RAC1P,-0.008092759096689581,0.0034813502551494444,0.010581025076201187,0.004292378049637835,-1.1879386363489175e-14,-0.0017632711298466337,0.0011398496969405383,-3.829079118142231e-05,0.009287223020750163
OWN_RENT,-0.00220661973737569,0.026065993079938232,0.015899071383713458,-0.011197707688801371,-0.0017632711298466337,0.0,-0.0024391891392573466,-0.00030998451164822305,-0.003904868430154494
INDP_CAT,0.008795473648187616,-0.004262725976074355,0.005457291713153567,0.010308090330540289,0.0011398496969405383,-0.0024391891392573466,-7.771561172376096e-15,-0.02692445966775797,-0.005385886129742057
EDU,0.005021709892511134,-0.01818054828224297,0.0005086635232388059,0.015241977787737754,-3.829079118142231e-05,-0.00030998451164822305,-0.02692445966775797,4.107825191113079e-15,-0.00037356795761078754
PINCP_DECILE,0.004366712582597576,-0.020048634539154814,0.01959197485937922,0.01628551635134555,0.009287223020750163,-0.003904868430154494,-0.005385886129742057,-0.00037356795761078754,-4.773959005888173e-15
