,EDU,HISP,INDP_CAT,MSP,OWN_RENT,PINCP_DECILE,PUMA,RAC1P,SEX
0,-0.5757868439330529,0.06559621868644594,-0.5141938332553491,-0.27286967958738384,-0.02267174161756889,-0.5612568911504164,0.020403976696721653,0.08960660596565187,0.03666762089603035
1,0.017030301641701266,0.6184436714821463,0.1185229811742764,0.18150826369064055,0.202481052427874,-0.06517823296749098,-0.40032058149222965,0.6014969265729591,0.05424525681744995
2,-0.01822884223650818,-0.06572759874428585,0.10657145973912902,0.462825264667021,-0.5015049458213782,-0.2702253107525683,-0.13488876154469043,-0.10102759843425631,0.6456410825976925
3,-0.04154568258568982,0.11622791106425022,-0.036073459998696836,0.18129651282593534,-0.7187839530939919,0.010864233334595824,0.008139862360908969,0.14065669961474936,-0.6434099327581637
4,-0.06316752979119444,0.43095669291448024,0.13171436987063387,0.15381880983239482,0.028788364074216952,-0.0364162472397726,0.8685452527883877,0.04125467046069981,0.10511695190813783
