,AGEP,DEYE,HISP,MSP,NOC,NPF,OWN_RENT,PINCP_DECILE,POVPIP,PUMA,RAC1P,SEX
0,-0.42029838014568893,0.10319236608506899,0.07152951759982008,-0.35742411314405015,0.5379069442938614,0.5030739749246698,0.12043262353163858,-0.3066982869766931,-0.11153736595100684,0.021651918074335533,0.1245925041571491,-0.020107113687656185
1,-0.25571058207705877,0.03645415643113917,0.0002685807166422395,0.01303773087805731,-0.05235011019985235,0.02940960764118669,-0.663693065826226,-0.17305816280514438,0.6682567878212382,-0.07973791941448342,0.07784410669339377,-0.00922445246077493
2,-0.29140140670448034,-0.010066805504418033,0.4184420552435282,0.3947456268967716,-0.12768387961819844,-0.27733237363990076,0.1294240939801391,-0.41194331560335473,-0.16856791393714007,-0.2712330904459222,0.3835999672345017,0.23509623618169004
3,0.021544014431121142,0.29807787793149726,0.3226021634757148,-0.01319397740196402,0.013783136765754184,0.04269660798620244,0.1106425389914857,0.42905377991637994,0.12695394557312686,-0.2714331565375678,0.382432941084958,-0.6099582668773993
4,0.1721339151509355,-0.8323737083413223,0.3956843019358699,-0.19333873016877784,0.01506211588059958,0.0823389147118137,-0.08082382343043454,0.010755740711870021,0.029544008315226772,0.1415295603420201,0.1754394038997991,-0.13505851921898393
