,AGEP,DEAR,DENSITY,DEYE,DPHY,DREM,DVET,EDU,HISP,HOUSING_TYPE,INDP_CAT,MSP,NOC,NPF,OWN_RENT,PINCP,PINCP_DECILE,POVPIP,PUMA,RAC1P,SEX
0,-0.33934246039968796,0.06287701859467855,-0.040701402448249005,0.02742221481606817,-0.2784899607887228,-0.2967814558932754,-0.04079669032640177,-0.3712631387979051,0.08819060847183396,-0.060828039851787,-0.24120352556175795,-0.2269716102849191,0.2880615486619003,0.25246509339131823,0.07046169748927762,0.3993539180249886,-0.34342856747878264,-0.1388538521004703,-0.01793107404648491,0.05824887641094604,-0.008403423798728434
1,0.1479364702717298,-0.24485825744264045,-0.0098417081264594,-0.1800159965852736,-0.3515327986022605,-0.3353316641221281,0.02579778184223053,-0.11989030959357681,-0.10948806803054514,0.4287557715156335,-0.20434692039980612,-0.03690709835253334,-0.31076593416345866,-0.3129300009856111,-0.33779968860731646,0.06054426181811065,-0.049862014845553006,0.2790869567973571,-0.010451706469944774,-0.05362713098500697,-0.004480911374126666
2,-0.0560886183088144,0.0697016282131159,0.6887944715574019,0.022775594257025467,-0.07451399388837557,-0.07776020385338518,-0.0308051363992086,0.04243888346116351,0.08864446275444687,-0.004373370097839754,0.03391469603721849,0.008878985725572056,-0.01127973252193827,-0.058731436053103374,0.05531425645308788,0.028276733375695747,0.01692629188379427,0.06511333928793121,0.6837234212275901,0.11822312041006469,0.01294852832101346
3,0.17339856258925254,-0.2850809073550762,0.01658014134406441,-0.2870459223201393,-0.22651198307064005,-0.17889383142792675,0.09091154398195264,-0.051505538404177355,0.004098225919325217,-0.2625273061009847,-0.06068307528835622,0.1660852335383604,-0.15514754874243764,-0.25157009660393814,0.5168732954495782,-0.10721212282191085,-0.025413968293063152,-0.4887858361107583,-0.015145768197454909,-0.020596063882666268,0.07305645337020211
4,-0.15871563691462237,0.12909392743731907,-0.033450386515436886,-0.03721453257085837,0.1627362300909268,0.14526680029734867,-0.3405182327007312,-0.14156146874886985,0.3154213673957376,0.34242722078802906,-0.0255197495370802,0.43925205134710665,-0.10150745429964608,-0.16983763754229295,-0.027923889824632536,-0.07978642870562055,-0.332102511759111,-0.15908147829111124,-0.051726028715246036,0.30159768511494206,0.29358441178405476
