,AGEP,DEYE,HISP,MSP,NOC,NPF,OWN_RENT,PINCP_DECILE,POVPIP,PUMA,RAC1P,SEX
0,-0.4202983801456889,0.10319236608506921,0.0715295175998201,-0.3574241131440502,0.5379069442938617,0.5030739749246698,0.12043262353163862,-0.30669828697669343,-0.11153736595100654,0.021651918074335155,0.12459250415714897,-0.020107113687656268
1,-0.25571058207705916,0.03645415643113997,0.0002685807166415005,0.013037730878057374,-0.05235011019985247,0.02940960764118608,-0.663693065826226,-0.17305816280514474,0.6682567878212385,-0.07973791941448237,0.07784410669339378,-0.00922445246077497
2,-0.2914014067044805,-0.010066805504419601,0.4184420552435269,0.39474562689677206,-0.12768387961819827,-0.2773323736399005,0.12942409398013816,-0.41194331560335545,-0.16856791393714043,-0.27123309044592286,0.38359996723450035,0.2350962361816909
3,0.021544014431121482,0.2980778779314955,0.3226021634757148,-0.013193977401965661,0.013783136765753295,0.04269660798620151,0.11064253899148596,0.42905377991637844,0.12695394557312703,-0.27143315653757016,0.38243294108496073,-0.609958266877398
4,0.17213391515093726,-0.8323737083413247,0.3956843019358683,-0.1933387301687814,0.015062115880599969,0.0823389147118142,-0.0808238234304351,0.010755740711869355,0.029544008315227355,0.14152956034201442,0.17543940389979865,-0.13505851921897985
