,PUMA,SEX,MSP,HISP,RAC1P,OWN_RENT,INDP_CAT,EDU,PINCP_DECILE
PUMA,-5.218048215738236e-15,-0.006607456123911138,0.06495590942642468,0.05465031373922907,0.12364442980811641,0.05997627870447776,0.013181231118288441,0.05999432063541371,0.027913023465982123
SEX,-0.006607456123911138,-3.1086244689504383e-15,-0.03189175251482165,-0.027232678235756785,-0.027916826560217337,0.05779307316045083,0.06517073197311327,0.0629105854492602,0.09992534351701789
MSP,0.06495590942642468,-0.03189175251482165,0.0,0.04449405508773602,0.08654743254878472,0.11056164378815017,-0.32282768733374967,-0.23209768860412472,-0.06030513524137891
HISP,0.05465031373922907,-0.027232678235756785,0.04449405508773602,-3.9968028886505635e-15,-0.08069317926294353,-0.08755537838826555,-0.04776865274631703,0.05324771702214734,0.11659794110679259
RAC1P,0.12364442980811641,-0.027916826560217337,0.08654743254878472,-0.08069317926294353,6.772360450213455e-15,-0.013567392473445721,0.03645304013351058,0.015948395252450814,0.15047447980044693
OWN_RENT,0.05997627870447776,0.05779307316045083,0.11056164378815017,-0.08755537838826555,-0.013567392473445721,2.1094237467877974e-15,0.038085755236216226,0.036090245535752574,-0.1566249968473018
INDP_CAT,0.013181231118288441,0.06517073197311327,-0.32282768733374967,-0.04776865274631703,0.03645304013351058,0.038085755236216226,-4.6629367034256575e-15,-0.42620354617179246,-0.5344689524515284
EDU,0.05999432063541371,0.0629105854492602,-0.23209768860412472,0.05324771702214734,0.015948395252450814,0.036090245535752574,-0.42620354617179246,0.0,-0.6941042723821128
PINCP_DECILE,0.027913023465982123,0.09992534351701789,-0.06030513524137891,0.11659794110679259,0.15047447980044693,-0.1566249968473018,-0.5344689524515284,-0.6941042723821128,-3.9968028886505635e-15
