,feature,divergence
8,PINCP_DECILE,0.13072813891167395
7,EDU,0.08812443771011877
0,PUMA,0.07649928263988537
6,INDP_CAT,0.06509213738325442
2,MSP,0.025607223235095795
4,RAC1P,0.010437125176094096
3,HISP,0.0051283485377270135
5,OWN_RENT,0.0018957713069631746
1,SEX,0.001242512575818533
