,PUMA,SEX,MSP,HISP,RAC1P,OWN_RENT,INDP_CAT,EDU,PINCP_DECILE
PUMA,-5.551115123125783e-16,0.013772024248466332,-0.008483248400585033,0.01538782712977581,-0.06440043891612919,0.09903860550039481,0.025073220018368193,-0.053486775476103005,0.03160895824608292
SEX,0.013772024248466332,5.10702591327572e-15,-0.036692192301529515,-0.013555839281544704,0.03164162513124611,-0.01588031806915332,-0.05981534665625335,-0.0011348457989186767,0.13220423577444185
MSP,-0.008483248400585033,-0.036692192301529515,2.55351295663786e-15,-0.011943720874541514,0.05773503221486154,0.0035803282314818864,-0.22901408917051158,-0.20338288583895975,-0.09747994022750696
HISP,0.01538782712977581,-0.013555839281544704,-0.011943720874541514,-1.7763568394002505e-15,-0.149514536403698,-0.07244959236296192,-0.0014280418215275074,0.07571882432212856,0.0776635478011419
RAC1P,-0.06440043891612919,0.03164162513124611,0.05773503221486154,-0.149514536403698,0.0,-0.048062996136279755,-0.011517165772757167,0.02793559764556402,0.0538875366159294
OWN_RENT,0.09903860550039481,-0.01588031806915332,0.0035803282314818864,-0.07244959236296192,-0.048062996136279755,-2.220446049250313e-16,-0.0845253545188382,-0.08848487914367191,-0.09710012665932186
INDP_CAT,0.025073220018368193,-0.05981534665625335,-0.22901408917051158,-0.0014280418215275074,-0.011517165772757167,-0.0845253545188382,0.0,-0.486819721415706,-0.4643160478145054
EDU,-0.053486775476103005,-0.0011348457989186767,-0.20338288583895975,0.07571882432212856,0.02793559764556402,-0.08848487914367191,-0.486819721415706,-1.2212453270876722e-15,-0.6969195429577527
PINCP_DECILE,0.03160895824608292,0.13220423577444185,-0.09747994022750696,0.0776635478011419,0.0538875366159294,-0.09710012665932186,-0.4643160478145054,-0.6969195429577527,-2.7755575615628914e-15
