,feature,divergence
0,PUMA,0.12801304004214942
8,PINCP_DECILE,0.07688504102443361
7,EDU,0.04856963924672042
6,INDP_CAT,0.02975440132583329
2,MSP,0.00961538461538463
4,RAC1P,0.00748603139461229
5,OWN_RENT,0.004446292567224716
3,HISP,0.0036891797097047796
1,SEX,0.002911848695983932
