,PUMA,SEX,MSP,HISP,RAC1P,OWN_RENT,INDP_CAT,EDU,PINCP_DECILE
PUMA,-9.992007221626409e-16,0.07585514142299063,-0.0014749575482749175,-0.15862532609798002,-0.28043277512472586,-0.01237469867471827,0.08947357591041309,0.04278012826748212,0.05251068015897929
SEX,0.07585514142299063,6.661338147750939e-16,-0.0060599554422168835,-0.08609984546704859,-0.06451490573202173,0.11137862826782859,0.09708136843462528,0.05829990253510457,0.04869002616919403
MSP,-0.0014749575482749175,-0.0060599554422168835,0.0,-0.03978123173154658,0.011746745949131818,-0.005147805116858027,-0.021498124233540195,-0.046061022266180196,-0.08246424424629487
HISP,-0.15862532609798002,-0.08609984546704859,-0.03978123173154658,0.0,-0.08452753383940301,0.03445045451540711,-0.0075454538222188405,0.06568779913140294,0.02429855349921438
RAC1P,-0.28043277512472586,-0.06451490573202173,0.011746745949131818,-0.08452753383940301,2.3314683517128287e-15,0.11987555247251486,0.015084679065593888,0.1885007470490674,0.03861268916695099
OWN_RENT,-0.01237469867471827,0.11137862826782859,-0.005147805116858027,0.03445045451540711,0.11987555247251486,0.0,0.08139790036427971,0.013594816181488278,0.009384481537560066
INDP_CAT,0.08947357591041309,0.09708136843462528,-0.021498124233540195,-0.0075454538222188405,0.015084679065593888,0.08139790036427971,0.0,0.030448802170459754,0.004839979834072861
EDU,0.04278012826748212,0.05829990253510457,-0.046061022266180196,0.06568779913140294,0.1885007470490674,0.013594816181488278,0.030448802170459754,5.995204332975845e-15,0.018606757146559683
PINCP_DECILE,0.05251068015897929,0.04869002616919403,-0.08246424424629487,0.02429855349921438,0.03861268916695099,0.009384481537560066,0.004839979834072861,0.018606757146559683,0.0
