,feature,divergence
7,EDU,0.22059402846369253
8,PINCP_DECILE,0.16895831081324536
0,PUMA,0.12448142103644855
6,INDP_CAT,0.061031789116135694
2,MSP,0.05012236827177097
1,SEX,0.044362530592138016
5,OWN_RENT,0.008393989788541882
4,RAC1P,0.007046926110522449
3,HISP,0.005594471370394751
