,feature,divergence
1,AGEP,1.0424202234547062
0,PUMA,1.0295216872543516
9,PINCP_DECILE,0.4268841186371209
7,NPF,0.17860479142214508
10,POVPIP,0.16847750241431486
3,MSP,0.09019279331779329
5,RAC1P,0.0683427447791287
6,NOC,0.04933687561169525
8,OWN_RENT,0.0161198851263277
4,HISP,0.009877049180327857
2,SEX,0.007448070097084036
