,EDU,HISP,INDP_CAT,MSP,OWN_RENT,PINCP_DECILE,PUMA,RAC1P,SEX
0,-0.5757868439330528,0.06559621868644638,-0.5141938332553493,-0.2728696795873836,-0.022671741617568946,-0.5612568911504168,0.02040397669672185,0.08960660596565201,0.036667620896030276
1,0.017030301641701863,0.6184436714821467,0.11852298117427662,0.18150826369063786,0.20248105242787634,-0.06517823296749037,-0.400320581492229,0.6014969265729595,0.054245256817449836
2,-0.01822884223650743,-0.06572759874428324,0.10657145973912999,0.46282526466702006,-0.5015049458213794,-0.2702253107525679,-0.13488876154468635,-0.10102759843425098,0.645641082597694
3,-0.041545682585692134,0.11622791106426676,-0.03607345999869045,0.18129651282594283,-0.7187839530939892,0.010864233334593923,0.008139862360949438,0.14065669961475755,-0.6434099327581587
4,-0.06316752979119242,0.4309566929144747,0.13171436987063512,0.153818809832385,0.02878836407425258,-0.036416247239772104,0.8685452527883875,0.04125467046069291,0.10511695190816346
