,feature,divergence
7,NPF,3.180401625350465
10,POVPIP,2.430112791245273
9,PINCP_DECILE,2.28458384203299
1,AGEP,2.052719401810311
5,RAC1P,0.8227144404240025
3,MSP,0.7088965639361409
8,OWN_RENT,0.4485013006209416
0,PUMA,0.28320623116452537
6,NOC,0.18382703881382476
2,SEX,0.05107520808394683
4,HISP,0.009221383963047853
