,AGEP,DEYE,DVET,EDU,HOUSING_TYPE,MSP,OWN_RENT,PINCP_DECILE,RAC1P,SEX
0,-0.5028447292406174,0.043012204491294614,-0.07175908242364272,-0.5679702824416621,0.15157002341313844,-0.14873136663161907,-0.08761200318303114,-0.5866974558755635,0.13573808015826003,0.04635121613684515
1,0.08304591705250196,-0.10230268734180449,-0.01907577203785437,0.11162185388090799,0.6716988815264687,0.3945644912925194,-0.5978167220009155,-0.02294975112682375,-0.028007983581810912,0.06525117564494196
2,-0.1351379504584639,0.2606459383708987,0.49819505834565336,-0.006038019141969636,0.09158676751919337,-0.06551219753833126,-0.11924577457641242,0.13773881465730292,0.25369209881648175,-0.7452083295905217
3,0.22223680784030758,-0.6550436193785766,0.4440294910217749,-0.2143890730598373,-0.027478646941784722,-0.25933023762213026,-0.10001161192989787,-0.11685032394867784,-0.42037880580729653,-0.10010936582185698
4,0.018644768478140377,-0.4635525169019037,0.26764428870716567,0.06380068629860625,-0.003217298954142793,0.2522850174589698,0.23686945384444025,-0.05798365639618541,0.7405275973679876,0.1938014389742694
