,feature,divergence
0,AGEP,0.0011655011655011815
7,PINCP_DECILE,0.00047092064987053206
6,EDU,0.0004238186056367832
2,MSP,0.0003253380373587911
1,SEX,0.00013846178623888594
9,DEYE,3.868102202807949e-05
8,DVET,3.76471567238028e-05
3,RAC1P,0.0
4,HOUSING_TYPE,0.0
5,OWN_RENT,0.0
