,EDU,HISP,INDP_CAT,MSP,OWN_RENT,PINCP_DECILE,PUMA,RAC1P,SEX
0,-0.5757868439330529,0.06559621868644638,-0.5141938332553494,-0.2728696795873836,-0.022671741617568714,-0.5612568911504171,0.020403976696721646,0.08960660596565204,0.03666762089603027
1,0.01703030164170175,0.6184436714821463,0.11852298117427729,0.18150826369064066,0.2024810524278746,-0.06517823296749131,-0.400320581492225,0.6014969265729617,0.05424525681745213
2,-0.01822884223650744,-0.06572759874428563,0.10657145973912963,0.46282526466701873,-0.5015049458213783,-0.2702253107525676,-0.134888761544687,-0.1010275984342543,0.6456410825976957
3,-0.04154568258569265,0.11622791106426682,-0.036073459998690625,0.1812965128259455,-0.7187839530939909,0.010864233334592674,0.00813986236094783,0.14065669961475538,-0.643409932758158
4,-0.0631675297911918,0.43095669291447053,0.13171436987063448,0.15381880983238339,0.028788364074249007,-0.03641624723977155,0.8685452527883903,0.0412546704606942,0.10511695190816542
