,AGEP,HISP,MSP,NOC,NPF,OWN_RENT,PINCP_DECILE,POVPIP,PUMA,RAC1P,SEX
0,-0.41840829409804686,0.07317519200018341,-0.3607321473356721,0.5406571467877548,0.5055806361880877,0.1210487548195451,-0.31234783885455564,-0.11426033918891111,0.02295619046668205,0.1239803195330358,-0.019046616995424245
1,-0.25579200990861434,0.0016666730213669434,0.009929854513859231,-0.049686405053200294,0.032006202995984334,-0.664664209555937,-0.17883989153404614,0.6670922851266571,-0.0784625451482613,0.07740749141303416,-0.007301103883570224
2,-0.29149741274466995,0.4182481468178717,0.39571557911386346,-0.12821803866304582,-0.27797972033003737,0.1305062551420248,-0.4099292103727345,-0.16876846288925457,-0.27186216017245607,0.38408141027121057,0.23411565107063942
3,0.05343975209419907,0.38577777124737067,-0.06015818723000543,0.027008586046662536,0.06677477280481772,0.09026285570298298,0.4103912842664167,0.13367331415554823,-0.26554517621050094,0.4074950173691127,-0.6391470789929369
4,-0.174248209834526,0.2653050398509376,0.2374361690560955,-0.077797958879009,-0.03766831774394014,-0.052572121049979034,-0.10699927780711951,-0.05701350704867991,0.8354238387356874,-0.039270212451155556,-0.3441875723976147
