,AGEP,DEYE,DVET,EDU,HOUSING_TYPE,MSP,OWN_RENT,PINCP_DECILE,RAC1P,SEX
0,-0.5003671965995966,0.03900010057801251,-0.09147255741886634,-0.5717285720585464,0.02857126808250665,-0.23289866092055733,0.06753307375165285,-0.5718403334470061,0.1614235115996018,0.01389730658822775
1,-0.03675130220352672,-0.009456974854131585,-0.020757550366643073,-0.009303160616242643,0.7107583250013614,0.23447166211410736,-0.6402728025062306,-0.11921538103751941,-0.09207325951810758,-0.07245047965053782
2,0.09901175711451901,-0.27791274265991056,0.6235894739239635,-0.16046422730358387,-0.06821032417491461,-0.3925356471229582,-0.14847233213294292,0.012234921473093463,-0.24609473311527522,-0.5068089898784628
3,-0.11347758108069693,-0.34360233153170455,0.22875269641391033,0.017965216400226552,0.09691595087680034,0.5511477770143595,0.2765624299491414,-0.018082836577405975,0.5527299875731488,-0.3477484030131715
4,0.23737997636266825,-0.79553811924274,-0.041654714747573485,-0.09690685272827204,0.003113264186993356,-0.017539553050377812,-0.01847310658804456,-0.16340211137630722,-0.08018248525370018,0.5156119949550919
