,feature,divergence
8,PINCP_DECILE,2.715100656358751
7,EDU,0.9185488683836018
2,MSP,0.4913690570502054
6,INDP_CAT,0.47959570778235416
5,OWN_RENT,0.17602978250742998
4,RAC1P,0.11941105895312859
3,HISP,0.04891893788473609
0,PUMA,0.040275031317614673
1,SEX,0.004612610516519289
