,AGEP,HISP,MSP,NOC,NPF,OWN_RENT,PINCP_DECILE,POVPIP,PUMA,RAC1P,SEX
0,-0.3771297048318149,0.10413523716016926,-0.3314779708948429,0.5079493510979787,0.4785791057231924,0.19554130976462425,-0.3508381593954961,-0.2510332787998796,0.08098020901853539,0.13530945076500966,0.028158879848405705
1,0.05217897352424527,0.2480768158274524,0.38321958823988334,-0.12304575686133958,-0.24863022882193983,0.5784354225419216,-0.06139564421859278,-0.5542800656460352,-0.05828465728733431,0.22155712006781403,0.11769763512410068
2,-0.43936346916089264,0.3184041448230988,0.2641064334945775,-0.16668641207367077,-0.15586776602492816,-0.30641221380058536,-0.3998766337843866,0.2983191300704248,-0.1943289344351136,0.44505361627842177,-0.07160088936239245
3,0.17623700639528822,0.6169614406085208,-0.10171802336394115,-0.018077411561728873,0.08682112931289068,-0.024411995427562186,0.3000068800516071,0.1059673167284707,0.6035702499803822,0.2246386907717051,-0.23129873958019428
4,0.04670494665941402,0.12648154272851658,-0.00044495873169578953,-0.09334062214149391,-0.04924091972506373,-0.1945750225112191,-0.23857217577582468,0.007353049551730035,0.35551282724200295,-0.15737767160475655,0.8512910417539058
