,AGEP,SEX,MSP,RAC1P,HOUSING_TYPE,OWN_RENT,EDU,PINCP_DECILE,DVET
AGEP,-1.1102230246251565e-16,-0.042997015678357994,-0.16931128167313816,0.08594018587410084,-0.05869384681555524,0.12090840860222477,-0.4130505885534858,-0.43559813374206513,-0.06679760661542149
SEX,-0.04299701567835799,0.0,-0.01572786268084675,-0.0009945003686353728,0.018012440923268286,-0.004342122458368633,-0.047985147011932586,0.11212844403079814,0.0961393928403836
MSP,-0.1693112816731382,-0.01572786268084675,0.0,-0.012715605856415476,-0.14196034029304894,-0.012934625722411526,-0.21741429517185562,-0.19753001627822736,-0.006469936289346998
RAC1P,0.08594018587410082,-0.000994500368635371,-0.012715605856415475,0.0,-0.0437612924180424,-0.05377463225548875,0.022522400377034454,0.07800270890514657,0.01979761216269385
HOUSING_TYPE,-0.05869384681555525,0.018012440923268286,-0.14196034029304894,-0.04376129241804239,0.0,0.37865554894261916,0.0239318558696311,0.06653907799811441,0.03704029482750529
OWN_RENT,0.12090840860222475,-0.004342122458368633,-0.012934625722411528,-0.053774632255488744,0.37865554894261916,0.0,0.06576166433652962,0.053463620965966116,0.030093280007880148
EDU,-0.4130505885534858,-0.047985147011932586,-0.21741429517185562,0.022522400377034447,0.023931855869631105,0.06576166433652962,0.0,-0.5519559069022049,-0.07992824067244954
PINCP_DECILE,-0.43559813374206513,0.11212844403079814,-0.1975300162782274,0.07800270890514659,0.06653907799811443,0.05346362096596612,-0.5519559069022048,-1.1102230246251565e-16,-0.12062595064379757
DVET,-0.06679760661542147,0.09613939284038359,-0.006469936289346997,0.019797612162693847,0.03704029482750529,0.030093280007880148,-0.07992824067244955,-0.12062595064379755,0.0
