,feature,divergence
1,AGEP,6.030096205692878
9,PINCP_DECILE,4.484115035707393
7,NPF,2.87312404643257
10,POVPIP,2.1058630003325387
3,MSP,1.7580098170459617
8,OWN_RENT,1.2911679260832418
2,SEX,0.7659156103014069
6,NOC,0.5155472036686274
5,RAC1P,0.1176653076127068
0,PUMA,0.030624536005939174
4,HISP,0.015745016773088153
