,feature,divergence
1,AGEP,14.110909227607639
9,PINCP_DECILE,3.8129245778252163
10,POVPIP,2.726673229537635
0,PUMA,1.1362993004392592
7,NPF,0.8114619254668732
3,MSP,0.6792541411993976
6,NOC,0.2385437788294864
2,SEX,0.21904008309459744
8,OWN_RENT,0.08393599251078895
5,RAC1P,0.0801858306202801
4,HISP,0.07964982619710856
