,feature,divergence
0,AGEP,0.3800755229326658
7,PINCP_DECILE,0.05395962732919257
6,EDU,0.05099123363672058
2,MSP,0.014445440844633492
8,DVET,0.005858712633987914
3,RAC1P,0.005200959353276807
4,HOUSING_TYPE,0.0016462254097714991
1,SEX,0.0004636978745338194
5,OWN_RENT,0.0002345118212819658
