,feature,divergence
5,EDU,1.8661609943620183
6,PINCP_DECILE,1.366338532064944
1,MSP,0.9852422871289083
2,RAC1P,0.9455717853340534
7,DVET,0.5925035644293515
3,HOUSING_TYPE,0.4089726940024619
4,OWN_RENT,0.3926290188268971
0,SEX,0.020152175055754062
