,AGEP,DEAR,DENSITY,DEYE,DPHY,DREM,DVET,EDU,HISP,HOUSING_TYPE,INDP_CAT,MSP,NOC,NPF,OWN_RENT,PINCP,PINCP_DECILE,POVPIP,PUMA,RAC1P,SEX
0,-0.33934287608763014,0.06287708365133554,-0.04070468340938935,0.02742228644703005,-0.27849059482721805,-0.29678201390324116,-0.040796989366852145,-0.3712606984672336,0.08819055224729765,-0.0608281144505895,-0.24120585371027795,-0.22697075202552502,0.28806378300998886,0.25246402359059017,0.07046105274441902,0.3993537001123502,-0.3434273713849269,-0.1388543943076562,-0.017928133502747925,0.05824982637207135,-0.008402995639397852
1,0.14792864093024505,-0.2448692781969162,-0.009679001543715492,-0.1800170290482572,-0.3515100147598982,-0.3353139423743939,0.0258060217354067,-0.11992333065015406,-0.10948474708038243,0.4287389853878036,-0.20424243972907843,-0.03694192889547421,-0.3108533774011333,-0.3129168637186438,-0.3377854436008799,0.060577489142952815,-0.04995481211120181,0.2791142899782406,-0.010608035178685821,-0.053682111913201484,-0.004511341833617876
2,-0.05609298507458174,0.06970514876779994,0.6888606341534587,0.022772043872850083,-0.07450885244246558,-0.07775918062488071,-0.030800742366778606,0.0424484437025299,0.08865105119421732,-0.004361443671301037,0.03394287243443497,0.008855991993609515,-0.01135511786482002,-0.058679712012689435,0.05533781756891146,0.028277474900142506,0.01687887078731087,0.06512283710708276,0.6836600745998674,0.1182016147455322,0.012934446545159496
3,0.17356027832186677,-0.2849925011458837,0.017024626404347383,-0.2870821458246706,-0.22643837717183668,-0.17882722056164838,0.09098263918117565,-0.05199751471328921,0.004114992392382751,-0.26241966266112515,-0.06037627055779836,0.1659050151716001,-0.15562397899949523,-0.25118197790291197,0.5171226314373876,-0.10729168029452887,-0.025544198976292475,-0.48864077168036246,-0.015518411725821121,-0.020787446164100908,0.07300995225188964
4,-0.15829808012265853,0.12936367555149672,-0.033304785389307055,-0.03729740301763259,0.16285480622124376,0.1453852813503982,-0.34045644072860737,-0.14241432385221137,0.3154563813847837,0.34277901116759235,-0.02484746373633652,0.4387917921261636,-0.10287768274262184,-0.1687637520885723,-0.02707916183790647,-0.08013951264592281,-0.33280881777801463,-0.158686975278192,-0.051745730770891334,0.3012314072286377,0.29344122670480915
