,AGEP,HISP,MSP,NOC,NPF,OWN_RENT,PINCP_DECILE,POVPIP,PUMA,RAC1P,SEX
0,-0.4620673165575868,0.1722943803565382,-0.23524154992406748,0.4852564301774991,0.4497517383679851,0.1525676139153605,-0.40389750820632786,-0.2552143140962601,-0.013253438783225244,0.1094517627498813,0.004434341342924163
1,0.040222638311390155,0.17952821707467456,0.41344433077752063,-0.13969336011938338,-0.2838100726392047,0.5779938689345112,-0.08425944050002003,-0.5547096160240297,0.009575165190559275,0.14606512945054845,0.15762969903433038
2,-0.10705523648905117,0.5597321764429579,0.1467029147308243,-0.08323796522869037,-0.06712917640353455,-0.21244911824654544,0.034658861968053345,0.2338093157963554,0.3108301723292702,0.6413793303764168,-0.1824744761603496
3,-0.04743752371493255,0.0019671738776299687,0.026973041675098626,-0.1359423020290846,-0.11168192354357213,-0.31025322956711904,-0.39804866617398066,0.10449213536054516,-0.02898606325219446,0.08625873147996618,0.8319651020294372
4,0.03849997016229459,0.10322755847068532,0.07154933010310702,-0.05633622718183953,0.01454465147798864,-0.1538358229826663,-0.021778709689941746,-0.042121167249287904,-0.928481580006037,0.27253681804360663,-0.1307244142958152
