,feature,divergence
8,PINCP_DECILE,3.7450572561876116
7,EDU,1.2437973555192396
6,INDP_CAT,0.8706095689775422
2,MSP,0.4989557156419278
5,OWN_RENT,0.08428059602169366
4,RAC1P,0.07180650259528101
1,SEX,0.036390983292160506
3,HISP,0.03633645480515955
0,PUMA,0.03230374687658277
