,feature,divergence
1,AGEP,12.161456306660597
9,PINCP_DECILE,6.132301316431009
10,POVPIP,3.2819896498431884
7,NPF,1.5865186213706595
6,NOC,1.4346393624264107
3,MSP,1.4323527604181077
8,OWN_RENT,1.1767906464342324
0,PUMA,1.0409281137994397
5,RAC1P,0.7162693639359279
2,SEX,0.523041937063087
4,HISP,0.22723673925995297
