,AGEP,SEX,MSP,RAC1P,HOUSING_TYPE,OWN_RENT,EDU,PINCP_DECILE,DVET
AGEP,0.0,-0.03660288436661974,-0.06672863169248776,0.07277340351725071,0.04647790056950375,0.09686424379252795,-0.34577806139605105,-0.3903192216305662,-0.08079716920518593
SEX,-0.036602884366619744,-1.1102230246251565e-16,-0.003392880806025723,-0.034104885399649294,0.05189198310271769,-0.023433807627121668,-0.024943919315198286,0.06398727506500848,0.09241869128659232
MSP,-0.06672863169248776,-0.0033928808060257223,0.0,-0.04776471777738873,-0.22758160369847033,-0.0371135327397352,-0.17631446678847779,-0.14674182074109499,0.01366490413776155
RAC1P,0.07277340351725073,-0.034104885399649294,-0.04776471777738873,0.0,0.00661094409027242,-0.14288703575092263,0.15022516508984426,0.1368048194696746,0.017341136432843123
HOUSING_TYPE,0.046477900569503766,0.05189198310271769,-0.22758160369847033,0.00661094409027242,0.0,0.48024151121269476,0.030049169953610448,0.11800839061984583,0.024544163525962073
OWN_RENT,0.09686424379252793,-0.023433807627121668,-0.0371135327397352,-0.14288703575092263,0.4802415112126947,1.1102230246251565e-16,0.04373342945370899,0.024738789339868967,0.006599248769573897
EDU,-0.3457780613960511,-0.024943919315198286,-0.17631446678847776,0.15022516508984426,0.030049169953610448,0.04373342945370899,0.0,-0.5678673853009115,-0.04249523819836759
PINCP_DECILE,-0.3903192216305662,0.06398727506500848,-0.14674182074109499,0.1368048194696746,0.11800839061984585,0.02473878933986897,-0.5678673853009115,-2.220446049250313e-16,-0.0626698104440055
DVET,-0.08079716920518593,0.09241869128659233,0.01366490413776155,0.01734113643284312,0.024544163525962073,0.006599248769573896,-0.042495238198367605,-0.0626698104440055,-1.1102230246251565e-16
