,AGEP,HISP,MSP,NOC,NPF,OWN_RENT,PINCP_DECILE,POVPIP,PUMA,RAC1P,SEX
0,-0.4620673165575866,0.17229438035653843,-0.23524154992406762,0.48525643017749925,0.44975173836798504,0.1525676139153606,-0.40389750820632764,-0.25521431409626016,-0.013253438783225342,0.10945176274988119,0.004434341342924329
1,0.0402226383113911,0.17952821707467123,0.4134443307775194,-0.13969336011938233,-0.283810072639204,0.5779938689345131,-0.08425944050001948,-0.554709616024031,0.009575165190556952,0.1460651294505446,0.15762969903432963
2,-0.1070552364890508,0.5597321764429587,0.146702914730826,-0.0832379652286897,-0.06712917640353541,-0.21244911824653867,0.034658861968057175,0.2338093157963509,0.31083017232926896,0.6413793303764174,-0.18247447616035825
3,-0.04743752371493654,0.0019671738776312247,0.026973041675102685,-0.13594230202908542,-0.11168192354357426,-0.3102532295671188,-0.39804866617398216,0.10449213536054769,-0.028986063252174604,0.08625873147996993,0.8319651020294361
4,0.03849997016229155,0.1032275584706857,0.07154933010311117,-0.056336227181841496,0.014544651477986604,-0.15383582298267284,-0.02177870968994978,-0.0421211672492854,-0.9284815800060378,0.2725368180436033,-0.13072441429580292
