,AGEP,DEYE,DVET,EDU,HOUSING_TYPE,MSP,OWN_RENT,PINCP_DECILE,RAC1P,SEX
0,-0.5003671965995966,0.03900010057801184,-0.09147255741886501,-0.571728572058546,0.02857126808250486,-0.2328986609205572,0.06753307375165406,-0.5718403334470054,0.1614235115996035,0.013897306588228055
1,-0.036751302203527875,-0.00945697485413165,-0.020757550366643028,-0.009303160616243122,0.7107583250013616,0.23447166211410608,-0.6402728025062305,-0.11921538103752083,-0.09207325951810715,-0.07245047965053879
2,0.09901175711451309,-0.2779127426599016,0.6235894739239639,-0.1604642273035815,-0.06821032417491389,-0.39253564712295186,-0.14847233213293892,0.012234921473097488,-0.24609473311526453,-0.5068089898784803
3,-0.11347758108069121,-0.34360233153172753,0.22875269641390028,0.017965216400226525,0.09691595087680124,0.5511477770143678,0.27656242994914515,-0.018082836577411304,0.5527299875731457,-0.3477484030131484
4,0.23737997636267585,-0.7955381192427358,-0.04165471474757265,-0.09690685272827504,0.0031132641869894423,-0.017539553050408524,-0.01847310658805887,-0.1634021113763054,-0.08018248525371605,0.5156119949550909
