,EDU,HISP,INDP_CAT,MSP,OWN_RENT,PINCP_DECILE,PUMA,RAC1P,SEX
0,-0.5661256654249888,0.15509979203949453,-0.48974627551270133,-0.3043552111334552,0.0494815244721334,-0.5534536170037252,-0.04389932701996398,0.10682166712636426,0.029409685729566752
1,-0.003460126786583004,0.6176667604119576,0.20689453940539215,0.2600836941654906,0.3389320071304765,-0.02047151563609445,0.2101991355012786,0.5896488174217631,0.02938586966518376
2,-0.018556109310645753,0.1261263467048604,-0.10267619157272136,-0.21350482906193466,-0.29024814866883947,0.22623656138595993,0.040804082253654575,0.20127577296702925,-0.8660353478351923
3,-0.05000731534029853,0.05132823467927029,0.08272803769322923,0.18707511355719122,0.031452503601882925,-0.00392421008691856,-0.9599163500806985,0.16169289819497318,-0.06659581456505867
4,0.0874941559091376,0.10041662662184453,0.0039022339364821537,-0.007443873101252843,-0.8449588410538793,-0.047697127975203174,0.007298891278686709,0.36028090851332056,0.3689235275201548
