,AGEP,HISP,MSP,NOC,NPF,OWN_RENT,PINCP_DECILE,POVPIP,PUMA,RAC1P,SEX
0,-0.3771297048318148,0.10413523716016937,-0.33147797089484266,0.5079493510979781,0.4785791057231917,0.19554130976462453,-0.3508381593954953,-0.2510332787998799,0.08098020901853531,0.13530945076501033,0.028158879848406024
1,0.05217897352424494,0.24807681582745428,0.38321958823988356,-0.12304575686134081,-0.24863022882194108,0.5784354225419204,-0.06139564421859421,-0.5542800656460338,-0.05828465728733442,0.22155712006781486,0.11769763512410275
2,-0.43936346916089364,0.31840414482309803,0.2641064334945772,-0.1666864120736706,-0.1558677660249281,-0.30641221380058714,-0.39987663378438765,0.29831913007042565,-0.19432893443511162,0.4450536162784193,-0.0716008893623928
3,0.1762370063952871,0.6169614406085239,-0.10171802336393991,-0.01807741156172943,0.08682112931288977,-0.024411995427563574,0.3000068800516053,0.1059673167284714,0.6035702499803846,0.22463869077169968,-0.23129873958019026
4,0.04670494665941899,0.12648154272851453,-0.0004449587317009625,-0.09334062214149257,-0.04924091972506032,-0.19457502251121978,-0.23857217577582113,0.007353049551732462,0.3555128272419911,-0.15737767160475077,0.8512910417539137
