,EDU,HISP,INDP_CAT,MSP,OWN_RENT,PINCP_DECILE,PUMA,RAC1P,SEX
0,-0.5757868439330528,0.06559621868644627,-0.5141938332553492,-0.2728696795873837,-0.022671741617568845,-0.5612568911504167,0.02040397669672181,0.08960660596565177,0.036667620896030435
1,0.017030301641701367,0.6184436714821487,0.11852298117427673,0.18150826369063866,0.2024810524278744,-0.0651782329674907,-0.4003205814922275,0.6014969265729574,0.054245256817450085
2,-0.018228842236508076,-0.06572759874428631,0.10657145973912907,0.4628252646670208,-0.5015049458213783,-0.2702253107525681,-0.13488876154469387,-0.1010275984342556,0.6456410825976923
3,-0.04154568258569125,0.11622791106426221,-0.036073459998692825,0.18129651282593984,-0.7187839530939911,0.01086423333459463,0.008139862360937134,0.14065669961475416,-0.6434099327581598
4,-0.06316752979119258,0.43095669291447364,0.13171436987063437,0.1538188098323901,0.028788364074237766,-0.036416247239773214,0.8685452527883887,0.04125467046069521,0.10511695190816052
