,PUMA,SEX,MSP,HISP,RAC1P,OWN_RENT,INDP_CAT,EDU,PINCP_DECILE
PUMA,-1.1102230246251565e-16,0.03612025795947848,-0.03830888329366039,-0.06234385594157492,-0.05528893094414783,0.02377498319087927,0.05358431454981451,-0.035800996190486045,-0.06373800543823212
SEX,0.036120257959478486,0.0,-0.01636365912887436,0.042614607328322396,0.010416518512285769,-0.031189365302769088,-0.0537027505143356,-0.03366763695135449,0.034988165896207055
MSP,-0.03830888329366039,-0.01636365912887436,0.0,-0.06516289956209761,-0.0016488232523332452,0.029882596897296547,-0.08438616124563666,0.052974429381085236,0.11146894847059266
HISP,-0.062343855941574926,0.042614607328322396,-0.06516289956209761,2.220446049250313e-16,-0.11087330911737242,-0.13580316891905356,-0.02685374781328884,0.05256801033966359,0.015425711048352803
RAC1P,-0.05528893094414783,0.010416518512285769,-0.0016488232523332452,-0.11087330911737242,0.0,-0.14965666264767616,-0.14093794032625917,0.05590229297716813,-0.0010617883405253103
OWN_RENT,0.02377498319087927,-0.031189365302769088,0.029882596897296547,-0.13580316891905356,-0.14965666264767616,-1.1102230246251565e-16,-0.03347841415214073,0.06227970438891088,-0.0023192009070738123
INDP_CAT,0.053584314549814493,-0.053702750514335595,-0.08438616124563666,-0.02685374781328884,-0.14093794032625917,-0.03347841415214073,-2.220446049250313e-16,-0.016025966575501982,0.04816499856986328
EDU,-0.035800996190486045,-0.03366763695135449,0.05297442938108529,0.05256801033966359,0.05590229297716813,0.06227970438891088,-0.016025966575501982,0.0,0.017770417855603293
PINCP_DECILE,-0.06373800543823212,0.034988165896207055,0.11146894847059272,0.015425711048352803,-0.0010617883405253103,-0.002319200907073809,0.04816499856986323,0.017770417855603293,0.0
