,feature,divergence
0,AGEP,2.4871860349388437
6,EDU,0.6583019380456843
2,MSP,0.2728170866648122
7,PINCP_DECILE,0.18371905555696522
3,RAC1P,0.15349823368800775
5,OWN_RENT,0.12064540173754269
4,HOUSING_TYPE,0.058944983847470066
1,SEX,0.03311148060145952
9,DEYE,0.02302033079101135
8,DVET,0.012314001071155607
