,PUMA,SEX,MSP,HISP,RAC1P,OWN_RENT,INDP_CAT,EDU,PINCP_DECILE
PUMA,1.1102230246251565e-16,-0.0049592877347211465,-0.0065422941581811086,-0.006137472541870148,-0.018325603959926398,-0.008632768248414871,0.004176405488657152,0.0017723398924360395,-0.004012616642452744
SEX,-0.0049592877347211465,0.0,0.005135548432459235,-0.012166569747704739,-0.0021318304641794244,0.0009086155254212774,0.07532141074271956,-0.002575328496888501,-0.01087472016044258
MSP,-0.0065422941581811086,0.005135548432459232,-1.1102230246251565e-16,-0.0026121161703456,0.01320901659521382,0.008830189225644582,-0.13978648534055566,-0.13165731789757806,-0.37551602461819955
HISP,-0.00613747254187015,-0.012166569747704735,-0.0026121161703456033,1.1102230246251565e-16,0.0036223310896127264,0.005025118602523498,0.03380430222277832,0.052381535040191884,0.06795500880703419
RAC1P,-0.018325603959926398,-0.0021318304641794236,0.013209016595213823,0.0036223310896127264,0.0,-0.0011748198548915886,0.0029699987618402434,0.015197039366148794,0.014678163509276088
OWN_RENT,-0.008632768248414876,0.0009086155254212774,0.00883018922564458,0.005025118602523498,-0.0011748198548915886,0.0,-0.0028389386074381615,0.02139445367758456,0.02271945829283084
INDP_CAT,0.004176405488657152,0.07532141074271956,-0.13978648534055566,0.03380430222277831,0.0029699987618402417,-0.002838938607438165,0.0,-0.2311902208776046,-0.1815173405928417
EDU,0.0017723398924360395,-0.002575328496888501,-0.13165731789757806,0.052381535040191884,0.01519703936614878,0.02139445367758456,-0.23119022087760466,0.0,-0.24326537366023865
PINCP_DECILE,-0.004012616642452744,-0.010874720160442553,-0.37551602461819955,0.06795500880703419,0.014678163509276101,0.022719458292830848,-0.18151734059284166,-0.24326537366023854,0.0
