,AGEP,DEAR,DENSITY,DEYE,DPHY,DREM,DVET,EDU,HISP,HOUSING_TYPE,INDP_CAT,MSP,NOC,NPF,OWN_RENT,PINCP,PINCP_DECILE,POVPIP,PUMA,RAC1P,SEX
0,-0.33932648656223097,0.06290073936518337,-0.04070206799318799,0.02741834972374933,-0.2784984687556556,-0.296788261639688,-0.040785797243691975,-0.3712575123945205,0.08820108353413887,-0.06082600421823508,-0.24121768872526722,-0.2269721998353298,0.28806649379770277,0.2524725986333038,0.07045318731572409,0.39934230566098994,-0.3434247149636981,-0.13886263530685575,-0.017932582743313028,0.05824683905665203,-0.008393190959936363
1,0.14699673336187422,-0.24626727224756165,-0.009655659051320917,-0.1798106006047233,-0.3510253168010781,-0.3349253600073464,0.025100310113836677,-0.12015664834485199,-0.11014811203956235,0.4286934146894502,-0.20359286940335258,-0.036848831749485944,-0.31104626671203517,-0.3133408786478179,-0.33729553752775093,0.061220603804675776,-0.05014463248560014,0.27960991566597604,-0.010262519027433569,-0.0535020949820941,-0.0051804997445559445
2,-0.05330755103543551,0.07429906521518205,0.6888725890977533,0.022247406171214904,-0.07623890550749339,-0.07918246312375457,-0.028539123161692763,0.043764746050886046,0.0909304632666692,-0.004399717855599896,0.03170543554864591,0.008669603947352783,-0.010392350517254473,-0.05755896533850137,0.05376375256738922,0.026240136484751205,0.017728898891682478,0.0633168894077369,0.6833423452891783,0.11791156309457831,0.015298056712804679
3,0.17232022267924108,-0.2871529969641995,0.01647932795748927,-0.2869462455533127,-0.22565137711050606,-0.1781554070530164,0.0899004989025505,-0.05224117965574523,0.0030580668176389166,-0.2624377871432272,-0.059851184820934225,0.16620547195628246,-0.15561962333136684,-0.25182709388429964,0.5176991700184123,-0.10644513368324243,-0.02584586625776497,-0.48806871777749794,-0.015152623076783719,-0.020512372212341718,0.07192975316435997
4,-0.1581149372799887,0.12991692000307198,-0.033943064538258315,-0.03724333027226236,0.16244403879598446,0.14503388862975386,-0.340182263000761,-0.14166317525780173,0.31581003316099804,0.3426116200679987,-0.025767452223210634,0.4391048163665788,-0.10168371483647828,-0.16924617033704217,-0.027857165030950308,-0.08033595042568475,-0.3320083549694967,-0.15907332602023794,-0.05123334271563007,0.30165939204035624,0.2939391010142785
