,AGEP,HISP,MSP,NOC,NPF,OWN_RENT,PINCP_DECILE,POVPIP,PUMA,RAC1P,SEX
0,-0.4184082940980468,0.07317519200018319,-0.360732147335672,0.540657146787755,0.5055806361880878,0.12104875481954527,-0.3123478388545554,-0.11426033918891082,0.02295619046668186,0.12398031953303586,-0.019046616995424565
1,-0.25579200990861506,0.0016666730213681646,0.009929854513859606,-0.04968640505320031,0.03200620299598321,-0.6646642095559367,-0.17883989153404672,0.667092285126656,-0.07846254514826141,0.077407491413035,-0.007301103883568831
2,-0.2914974127446692,0.41824814681787087,0.39571557911386285,-0.12821803866304643,-0.2779797203300358,0.13050625514202696,-0.4099292103727339,-0.16876846288925623,-0.27186216017245746,0.38408141027121,0.23411565107063992
3,0.053439752094197907,0.38577777124736873,-0.06015818723000401,0.027008586046662758,0.06677477280481726,0.09026285570298329,0.41039128426641636,0.13367331415554845,-0.2655451762105033,0.4074950173691112,-0.6391470789929378
4,-0.17424820983453165,0.26530503985093296,0.2374361690561004,-0.0777979588790087,-0.037668317743941956,-0.05257212104997658,-0.10699927780712228,-0.05701350704868083,0.8354238387356815,-0.03927021245116028,-0.34418757239762326
