,AGEP,DVET,EDU,HOUSING_TYPE,MSP,OWN_RENT,PINCP_DECILE,RAC1P,SEX
0,-0.49980572994104006,-0.07106053098906417,-0.5692835980526699,0.15567481101450245,-0.14672118901377046,-0.09099128616656729,-0.5888061433512742,0.13447921545416452,0.0473531008090548
1,0.0776181669908181,-0.02230235271500041,0.12350856052983229,0.6735634470931827,0.39923164658325666,-0.6004735578258831,-0.01166282875579925,-0.02389301033505059,0.06224664354845691
2,-0.051028141451958144,0.6186303444425237,-0.07942093627638475,0.07529543235000005,-0.1472435882164722,-0.14155313037776657,0.08853405886324894,0.10438112852221383,-0.7363856842050323
3,-0.2080107882528544,-0.19255590427150596,0.1753791350755418,0.022752657068109944,0.34120219142877845,0.21871078352010132,0.09607763615491496,0.8330627760491204,-0.14456959571619526
4,0.16583733737204734,0.6869815151997913,0.029633444012217458,0.0047653812668936035,-0.06756593636978883,0.014247860690334332,-0.11078546960819818,0.33605441357568344,0.608012647066425
