,AGEP,HISP,MSP,NOC,NPF,OWN_RENT,PINCP_DECILE,POVPIP,PUMA,RAC1P,SEX
0,-0.3771297048318145,0.10413523716016859,-0.3314779708948438,0.5079493510979787,0.47857910572319273,0.19554130976462353,-0.35083815939549545,-0.251033278799879,0.08098020901853499,0.13530945076501028,0.02815887984840544
1,0.052178973524244554,0.24807681582745472,0.38321958823988267,-0.12304575686133985,-0.24863022882194002,0.5784354225419206,-0.06139564421859424,-0.5542800656460348,-0.05828465728733319,0.22155712006781356,0.11769763512410356
2,-0.43936346916088825,0.31840414482310586,0.26410643349457275,-0.166686412073671,-0.15586776602492583,-0.30641221380058653,-0.3998766337843821,0.29831913007042754,-0.19432893443511076,0.44505361627842777,-0.07160088936238848
3,0.1762370063952897,0.6169614406085181,-0.10171802336394246,-0.018077411561727097,0.0868211293128904,-0.024411995427559466,0.30000688005160875,0.10596731672846742,0.6035702499803872,0.22463869077169574,-0.2312987395801972
4,0.04670494665941572,0.1264815427285151,-0.000444958731698919,-0.093340622141493,-0.04924091972506191,-0.19457502251121933,-0.2385721757758224,0.0073530495517314465,0.3555128272420035,-0.15737767160475688,0.8512910417539065
