,EDU,HISP,INDP_CAT,MSP,OWN_RENT,PINCP_DECILE,PUMA,RAC1P,SEX
0,-0.5661256654249884,0.1550997920394952,-0.4897462755127014,-0.3043552111334551,0.049481524472133345,-0.5534536170037258,-0.04389932701996409,0.10682166712636446,0.0294096857295668
1,-0.0034601267865825495,0.617666760411957,0.20689453940539249,0.2600836941654907,0.33893200713047694,-0.02047151563609484,0.2101991355012802,0.5896488174217618,0.02938586966518703
2,-0.018556109310643644,0.12612634670486414,-0.10267619157272137,-0.21350482906193682,-0.2902481486688535,0.2262365613859591,0.04080408225366636,0.2012757729670344,-0.8660353478351849
3,-0.0500073153402933,0.05132823467928013,0.08272803769322898,0.18707511355719034,0.03145250360182509,-0.003924210086919906,-0.9599163500806973,0.16169289819499796,-0.0665958145650452
4,0.08749415590914154,0.10041662662183816,0.003902233936478247,-0.007443873101261902,-0.8449588410538763,-0.04769712797520635,0.007298891278747668,0.36028090851330763,0.36892352752017366
