,PUMA,SEX,MSP,HISP,RAC1P,OWN_RENT,INDP_CAT,EDU,PINCP_DECILE
PUMA,1.1435297153639112e-14,0.14817451798621398,-0.12937511504129584,-0.06960325353697897,,0.11716964724649329,-0.223183082133822,-0.049367969074222806,-0.07170642203333749
SEX,0.14817451798621398,0.0,-0.00533418319820223,0.08112656910938958,,-0.040445501827202454,-0.015607821347961577,0.04651928497707318,0.07674117435978728
MSP,-0.12937511504129584,-0.00533418319820223,0.0,-0.16765323756009268,,-0.23117425037980716,-0.23153848689357748,0.13532811954512536,0.05112213024127682
HISP,-0.06960325353697897,0.08112656910938958,-0.16765323756009268,1.7763568394002505e-15,,-0.13879315166841524,-0.05987106664807359,-0.0034596809643638593,0.002670244121382323
RAC1P,,,,,,,,,
OWN_RENT,0.11716964724649329,-0.040445501827202454,-0.23117425037980716,-0.13879315166841524,,-4.9960036108132044e-15,-0.06542929798995187,-0.1697330513193308,-0.11596574329682559
INDP_CAT,-0.223183082133822,-0.015607821347961577,-0.23153848689357748,-0.05987106664807359,,-0.06542929798995187,-1.2212453270876722e-15,-0.223044028915925,-0.020688155256057716
EDU,-0.049367969074222806,0.04651928497707318,0.13532811954512536,-0.0034596809643638593,,-0.1697330513193308,-0.223044028915925,9.992007221626409e-16,-0.0898082429227458
PINCP_DECILE,-0.07170642203333749,0.07674117435978728,0.05112213024127682,0.002670244121382323,,-0.11596574329682559,-0.020688155256057716,-0.0898082429227458,-2.886579864025407e-15
