,AGEP,DEYE,DVET,EDU,HOUSING_TYPE,MSP,OWN_RENT,PINCP_DECILE,RAC1P,SEX
0,-0.5251615970832847,0.06525346816091604,-0.11259059023351788,-0.554952812312645,-0.05893922391740724,-0.24157157887476566,0.12599373017480242,-0.5520087567508634,0.12658595063201167,0.029244942000674498
1,0.02811765841716368,-0.18658641777119214,-0.11718581844773406,-0.09819642367100982,0.7053995999603053,0.11063300778624477,-0.6234402039734307,-0.18005310148012788,0.030951825962069596,0.09558646071481522
2,-0.0813493804321316,0.16780383264887555,0.5529867249917676,-0.0929338439581834,0.07833761585472852,-0.2547859894878445,-0.23597543652255448,0.10915704418016046,0.08570655941928682,-0.7104893883239487
3,-0.15479221705588977,0.31322492730137425,-0.11734411123309238,0.09253546874419272,0.09949165121325301,0.5617909540969752,0.11943281341258719,0.038713914057830895,0.7010062049706096,-0.1513827361499064
4,-0.005050879427427156,-0.8560167110688444,0.26595651342236176,-0.08439859638472957,0.016422403453308115,0.22538144922976383,0.284021078105674,-0.06826570574970114,0.17794701922761808,-0.1459248945536634
