,feature,divergence
1,AGEP,9.181348539558828
10,POVPIP,7.738183386650371
5,RAC1P,6.014112519634521
6,NOC,5.203357124628519
9,PINCP_DECILE,4.347005244614518
7,NPF,4.099306179494859
3,MSP,3.731980636650987
4,HISP,2.9189566921987877
8,OWN_RENT,1.0564737540421474
0,PUMA,0.20807958817924788
2,SEX,0.02515030400591234
