,feature,divergence
1,AGEP,6.095467953875033
9,PINCP_DECILE,2.9521722916278206
7,NPF,1.762206167956871
3,MSP,0.8426798276877305
10,POVPIP,0.7044919905903438
2,SEX,0.3410997910135841
8,OWN_RENT,0.2572493982525634
6,NOC,0.25284583388580323
0,PUMA,0.1255545696539485
5,RAC1P,0.11313755795981452
4,HISP,0.040450736781277086
