,AGEP,DEYE,DVET,EDU,HOUSING_TYPE,MSP,OWN_RENT,PINCP_DECILE,RAC1P,SEX
0,-0.5028447292406175,0.04301220449129495,-0.07175908242364276,-0.5679702824416618,0.15157002341313774,-0.14873136663161934,-0.08761200318303043,-0.5866974558755631,0.1357380801582603,0.04635121613684504
1,0.0830459170525009,-0.10230268734180385,-0.019075772037854617,0.11162185388090758,0.6716988815264696,0.3945644912925201,-0.5978167220009148,-0.02294975112682429,-0.02800798358181034,0.0652511756449414
2,-0.13513795045847435,0.260645938370929,0.49819505834563343,-0.006038019141959339,0.09158676751919445,-0.06551219753831843,-0.11924577457640656,0.13773881465730825,0.25369209881650273,-0.7452083295905162
3,0.22223680784030075,-0.6550436193785658,0.4440294910217978,-0.21438907305983762,-0.02747864694178001,-0.25933023762213225,-0.10001161192990352,-0.11685032394867145,-0.4203788058072824,-0.10010936582189287
4,0.018644768478138538,-0.46355251690190963,0.26764428870715457,0.06380068629860627,-0.0032172989541430497,0.2522850174589728,0.23686945384444275,-0.0579836563961843,0.7405275973679881,0.19380143897426208
