,EDU,HISP,INDP_CAT,MSP,OWN_RENT,PINCP_DECILE,PUMA,RAC1P,SEX
0,-0.5661256654249887,0.15509979203949498,-0.48974627551270145,-0.3043552111334548,0.04948152447213371,-0.5534536170037256,-0.04389932701996385,0.10682166712636462,0.029409685729566856
1,-0.0034601267865829424,0.617666760411959,0.20689453940539215,0.2600836941654904,0.33893200713047916,-0.02047151563609334,0.2101991355012772,0.5896488174217607,0.02938586966518208
2,-0.01855610931064508,0.1261263467048603,-0.10267619157272209,-0.21350482906193685,-0.2902481486688433,0.22623656138595966,0.04080408225366336,0.20127577296702898,-0.8660353478351902
3,-0.050007315340293367,0.05132823467927676,0.08272803769322748,0.18707511355719128,0.03145250360182455,-0.003924210086920246,-0.9599163500806976,0.16169289819499794,-0.06659581456504308
4,0.0874941559091414,0.10041662662184167,0.003902233936478011,-0.00744387310126584,-0.8449588410538783,-0.04769712797520316,0.007298891278749321,0.3602809085133127,0.3689235275201635
