,feature,divergence
1,AGEP,3.1581149425287345
7,NPF,1.9606815767563375
0,PUMA,1.3772549019607843
9,PINCP_DECILE,1.3227642552421044
3,MSP,1.1053480719736992
6,NOC,0.6775680989651376
8,OWN_RENT,0.6511632275102461
10,POVPIP,0.5176394918797235
5,RAC1P,0.23472548640104698
4,HISP,0.09590957372633195
2,SEX,0.03771407297096052
