,EDU,HISP,INDP_CAT,MSP,OWN_RENT,PINCP_DECILE,PUMA,RAC1P,SEX
0,-0.5711275826037828,0.09765649436927992,-0.5004442530985019,-0.29828622168924174,0.004362825624502777,-0.5535746002048514,0.05716361394535721,0.12286875986066806,0.00539349972821208
1,-0.025747737539155467,0.5862344447408907,0.20355365568546813,0.20483595690526366,0.49800452564232056,-0.03326728927976902,0.03571805441058013,0.5505229960803354,0.13714153676526766
2,-0.02738764377907728,0.28795314487401574,0.1022279007821684,-0.23418829899428548,-0.028306563639923097,0.14753638134549577,0.860793532303988,-0.23521682401784433,-0.1793808666446466
3,-0.01128999682738135,0.12662160088743218,-0.09007063761035364,0.08884907473649342,-0.15136372706999981,0.09636782792189648,-0.15395168477612076,0.24738566200910456,-0.9223524842354359
4,0.041105119419780484,0.3404424175276373,-0.014689687027022919,0.34714485769651593,-0.8096861230088364,-0.11316330943766824,0.07429342428193111,0.1773301091845846,0.23732036883592533
