,feature,divergence
6,INDP_CAT,1.7967960449290046
5,OWN_RENT,1.6105043619791006
4,RAC1P,0.39407542620745006
8,PINCP_DECILE,0.2787241104620288
7,EDU,0.10826528824903944
1,SEX,0.057325209049783776
2,MSP,0.022112071945430255
0,PUMA,0.01710155397287816
3,HISP,0.003260924287401849
