,feature,divergence
0,AGEP,2.619658331270116
7,PINCP_DECILE,1.7269769188746242
6,EDU,1.3755760398426033
2,MSP,0.36435695350705116
1,SEX,0.0700716245519446
3,RAC1P,0.041335029877917595
9,DEYE,0.01699378436926887
8,DVET,0.010860911512011349
4,HOUSING_TYPE,0.0044474435850752995
5,OWN_RENT,0.004235315656801103
