,AGEP,DEAR,DENSITY,DEYE,DPHY,DREM,DVET,EDU,HISP,HOUSING_TYPE,INDP_CAT,MSP,NOC,NPF,OWN_RENT,PINCP_DECILE,POVPIP,PUMA,PWGTP,RAC1P,SEX,WGTP
0,-0.3615377167464635,0.07540251010094239,-0.045221579862158724,0.031537435322804744,-0.2889435343353238,-0.3082606368610339,-0.04405197344393301,-0.38827965412024107,0.11398160191258266,-0.08852843585922246,-0.23883423429090653,-0.20615636775042456,0.3219499093004434,0.2864540480266058,0.10606976403237177,-0.3579577542703339,-0.18144631330448463,-0.011356508286851207,0.14863912589549405,0.07289337481369135,-0.00663264130458399,0.15291953194172347
1,-0.05272334695580422,0.14658786873076443,0.10272734578516288,0.10013045488801955,0.300570681094164,0.29241996129471604,0.002256379111927387,0.16201934863259593,0.10896194680610934,-0.3059274501535704,0.20715921140381233,0.11740494949289784,0.15190396347270166,0.13158955632536656,0.2967198562630651,0.12077101149870886,-0.19580419370378194,0.14324181915375772,0.4287298508431652,0.06065043960181517,-0.0017985306846538835,0.4489043296746399
2,0.046638811935186514,-0.11198067876610882,0.5155516479702971,-0.11917327889802462,-0.24767458548878443,-0.2380834330326594,0.0065332826849077656,-0.028684820481765454,0.05638156987198063,0.20143959436463518,-0.06386137628210828,0.06914346961545255,-0.19651193511195295,-0.25530256421962244,-0.04677227007257661,0.00023135083905764103,0.12473584445982625,0.5414330207907531,0.25368504443216133,0.0883119825292609,0.00734046197085962,0.2165174131604742
3,0.16828013912760315,-0.28612983075294585,-0.42969370161860493,-0.23557912689291333,-0.13934558110342887,-0.11369711953222308,0.08473128726772561,-0.07182936189247155,-0.018972964487261344,0.11105628675495098,-0.0888536360558899,0.15902207548280597,-0.22820886143440458,-0.2651506884328351,0.08039585732018305,-0.0028738361287234115,-0.13380352961583467,-0.3822397791655624,0.3647664560290082,-0.051106625703058996,0.0004047479765377004,0.3613649129661621
4,-0.1955978377215204,0.21835337765923193,-0.15400562720878969,0.1741105923812411,0.19148600263948085,0.14420317899774432,-0.1622901102526398,-0.047667168500263354,0.16893010847642506,0.45460257674021415,0.02994067636279616,0.1082940632980056,0.0294020771468927,0.08299753456280037,-0.4902311772134958,-0.09884147282296477,0.37683859327648384,-0.09123435994254679,0.23724015027051057,0.16494956954088566,0.0006193716638449825,0.18564066290058812
