,AGEP,HISP,MSP,NOC,NPF,OWN_RENT,PINCP_DECILE,POVPIP,PUMA,RAC1P,SEX
0,-0.46206731655758654,0.17229438035653877,-0.23524154992406776,0.4852564301774992,0.449751738367985,0.15256761391536056,-0.40389750820632797,-0.25521431409626016,-0.013253438783225328,0.10945176274988133,0.004434341342924343
1,0.04022263831139133,0.17952821707467262,0.41344433077751924,-0.13969336011938294,-0.28381007263920405,0.5779938689345125,-0.08425944050001895,-0.5547096160240308,0.009575165190558163,0.14606512945054584,0.1576296990343291
2,-0.10705523648904994,0.5597321764429587,0.14670291473082342,-0.08323796522868993,-0.06712917640353555,-0.21244911824654164,0.034658861968055676,0.23380931579635184,0.3108301723292696,0.641379330376417,-0.18247447616035267
3,-0.04743752371493443,0.0019671738776293273,0.026973041675101186,-0.13594230202908478,-0.11168192354357362,-0.3102532295671178,-0.3980486661739809,0.10449213536054505,-0.028986063252182833,0.0862587314799686,0.8319651020294372
4,0.03849997016229245,0.10322755847068374,0.07154933010310975,-0.056336227181840934,0.014544651477987374,-0.15383582298267043,-0.021778709689946784,-0.04212116724928675,-0.9284815800060372,0.27253681804360674,-0.1307244142958075
