,feature,divergence
0,PUMA,2.170477892833662
8,PINCP_DECILE,1.9270070838443414
7,EDU,0.9896939905440665
6,INDP_CAT,0.5210664634588389
2,MSP,0.3955443708499702
4,RAC1P,0.2550974353925993
5,OWN_RENT,0.09828363325522696
3,HISP,0.0766228793655127
1,SEX,0.021359907843724213
