,feature,divergence
0,PUMA,1.1343805260831128
8,PINCP_DECILE,0.5814312182336668
7,EDU,0.3304446749422829
2,MSP,0.12747471481880382
6,INDP_CAT,0.12273591970225936
1,SEX,0.072795899830561
4,RAC1P,0.046104903101060565
5,OWN_RENT,0.01296876145293678
3,HISP,0.009432045663582753
