,AGEP,DEAR,DENSITY,DEYE,DPHY,DREM,DVET,EDU,HISP,HOUSING_TYPE,INDP_CAT,MSP,NOC,NPF,OWN_RENT,PINCP,PINCP_DECILE,POVPIP,PUMA,RAC1P,SEX
0,-0.2877682601860382,0.03124950274595312,-0.048774140702004656,0.009460307072824007,-0.2924646691741466,-0.3062726928571795,-0.027543628793935095,-0.366565577384268,0.04278502400339683,-0.09323675550445343,-0.24373716606562046,-0.26795429520995545,0.2983175970877014,0.27062547267633064,0.07654628091971506,0.40404732134431226,-0.3200782781512252,-0.13116396676510828,0.04670904796460513,0.0660648278472345,0.0007135953758118227
1,-0.05736581060470723,-0.0721471912351974,-0.03605863519827008,-0.04956224909790515,-0.20178659077898015,-0.2054821942859121,0.0030162599639089968,-0.13895459975781246,-0.0682155718284393,0.5403873984298924,-0.20115745259910117,0.07443138048085488,-0.27646411332977583,-0.24658954753246554,-0.46807235802798636,0.06549404234971025,-0.16050187848986136,0.3801924222361234,-0.061001966092346566,-0.06303038190417405,-0.06474254721793629
2,0.2432623050925357,-0.19334774911339775,-0.4796073198286723,-0.06644284915411504,-0.008718159409972552,0.009722986062120298,0.17318367060646708,0.09705189690813487,-0.32813370697056976,-0.14381230792928598,-0.057314052075304274,-0.36482877823673404,0.1258313755005028,0.2044010314765015,-0.25118764430938567,0.017068761843736263,0.21278782313471553,0.13600999345712605,0.23650999256434574,-0.3421391077095471,-0.08311442116001139
3,0.2888542823056079,-0.43455640719949745,0.009276650771909629,-0.4193726209473796,-0.3099100250189659,-0.26029718011049124,0.1509978505706374,-0.0870540620278564,-0.008538310598389701,-0.15912478691509097,-0.14276954335191647,0.12096288390110999,-0.21993994597731092,-0.26057793741952817,0.2474171310387036,-0.10840562168919186,-0.02137198214418179,-0.3261958544840225,-0.008488981231107473,-0.03154570445696653,0.00299405350126023
4,-0.017181637562121845,-0.17524471760858049,-0.29751150751959704,-0.1875824932879631,0.436810517893275,0.44136630911526625,-0.030161110841614897,-0.20204510131962794,0.12454707732295804,0.14458025784023662,-0.28833555310395415,0.17297518478504254,0.028856111592665924,0.030272401202552573,-0.09987923941947034,-0.042482250359592466,-0.3816556419331985,-0.2500736820357593,0.20746044463049412,0.05132008724403966,0.032860871332480064
