,EDU,HISP,INDP_CAT,MSP,OWN_RENT,PINCP_DECILE,PUMA,RAC1P,SEX
0,-0.5711275826037833,0.09765649436928014,-0.5004442530985023,-0.29828622168924157,0.004362825624502485,-0.5535746002048508,0.05716361394535702,0.12286875986066861,0.005393499728211664
1,-0.025747737539155605,0.5862344447408906,0.20355365568546874,0.20483595690526496,0.4980045256423196,-0.033267289279769796,0.0357180544105791,0.5505229960803353,0.13714153676526716
2,-0.027387643779077795,0.2879531448740134,0.10222790078216867,-0.23418829899428273,-0.02830656363992257,0.14753638134549463,0.8607935323039915,-0.23521682401784272,-0.1793808666446427
3,-0.011289996827380527,0.12662160088743243,-0.09007063761035314,0.0888490747364902,-0.15136372707000068,0.09636782792189863,-0.15395168477611748,0.2473856620091049,-0.9223524842354361
4,0.041105119419779616,0.3404424175276364,-0.014689687027022502,0.3471448576965198,-0.8096861230088357,-0.11316330943767,0.0742934242819303,0.17733010918458209,0.23732036883592408
