,AGEP,DVET,EDU,HOUSING_TYPE,MSP,OWN_RENT,PINCP_DECILE,RAC1P,SEX
0,-0.5235279923444446,-0.11330048397398607,-0.557799418415277,-0.05393228622651366,-0.24114403751438748,0.1245474042246003,-0.5554133596418107,0.12625067651263097,0.03077048528524482
1,0.022622226640370634,-0.11614040433815646,-0.08366437780575603,0.7126341935240585,0.1134779441436419,-0.6501150015339181,-0.16473139116611762,0.037209131437121616,0.08428944017105322
2,-0.07026686994033585,0.5816628730852519,-0.10872247268642637,0.0550458689162384,-0.27262710159779713,-0.1945936635947842,0.10109980859063539,0.06473817871065428,-0.7178271461811067
3,-0.14877983393719496,-0.020480818581142177,0.05824630919418886,0.09144406801519062,0.5887213556498401,0.20274174332503878,0.020839705121216738,0.7293127685145601,-0.21368666374245845
4,0.18534594678290192,0.2957129197396959,0.0880352715026542,-0.10462339831566136,-0.4698337605556171,-0.16209588463328228,0.021235374862032697,0.6168881586437972,0.48112753487320337
