,AGEP,DEYE,DVET,EDU,HOUSING_TYPE,MSP,OWN_RENT,PINCP_DECILE,RAC1P,SEX
0,-0.5003671965995965,0.039000100578010954,-0.09147255741886592,-0.5717285720585459,0.0285712680825064,-0.23289866092055606,0.06753307375165314,-0.5718403334470058,0.1614235115996026,0.013897306588227833
1,-0.0367513022035263,-0.009456974854130638,-0.02075755036664181,-0.009303160616242527,0.7107583250013608,0.23447166211410617,-0.640272802506231,-0.11921538103751933,-0.09207325951810706,-0.07245047965053793
2,0.09901175711451395,-0.2779127426599057,0.6235894739239625,-0.16046422730358356,-0.06821032417491474,-0.39253564712295186,-0.14847233213293853,0.01223492147309585,-0.2460947331152728,-0.506808989878476
3,-0.11347758108069111,-0.34360233153172615,0.2287526964139036,0.017965216400225636,0.09691595087680129,0.5511477770143663,0.27656242994914393,-0.01808283657741086,0.552729987573144,-0.347748403013153
4,0.2373799763626748,-0.7955381192427333,-0.04165471474757425,-0.09690685272827315,0.0031132641869905664,-0.01753955305040232,-0.01847310658805698,-0.16340211137630622,-0.08018248525371308,0.5156119949550951
