,AGEP,DEYE,HISP,MSP,NOC,NPF,OWN_RENT,PINCP_DECILE,POVPIP,PUMA,RAC1P,SEX
0,-0.3793920659430122,0.05555013259684727,0.10346063208355748,-0.3315259817499766,0.5077179706325323,0.4786017209737779,0.19328919095959882,-0.3488660799762471,-0.24695715432248594,0.08085406385186683,0.13473883570214593,0.027876449212039307
1,0.06928418939533303,-0.16492332190136877,0.2385517561638431,0.3627695432271127,-0.11361245616284218,-0.23523888825842482,0.5727092974150886,-0.0687388187284641,-0.5635153330188853,-0.05259663918370741,0.21124918402083595,0.11654644177421558
2,-0.44507739238751853,0.1962525536154601,0.3255300405212922,0.29317169565637335,-0.1697339570477344,-0.17184883979101295,-0.2544533858809634,-0.36493254689066684,0.2771655706994933,-0.19202123017182382,0.44413234200939133,-0.06527807176604186
3,0.1771050369100944,0.041160216451765035,0.6121680156752661,-0.09869138110859077,-0.01547922203256736,0.08601373655207933,-0.010580164115227615,0.3131249557320869,0.10106130990737856,0.6040627269828723,0.21831909546723954,-0.23213020798827894
4,0.08907735788192316,-0.55267332083192,0.15216175196416973,-0.07727457619431186,-0.09556726832954085,-0.007237575499855459,-0.304065619751879,-0.31242843855793084,0.03771909914885247,0.2439122622125149,-0.022779424641591065,0.6299246986516887
