,feature,divergence
8,PINCP_DECILE,2.631915144969115
7,EDU,2.228872835683981
6,INDP_CAT,1.4015822352577514
0,PUMA,0.5887277491641818
2,MSP,0.44361307639793957
4,RAC1P,0.13439511689714173
5,OWN_RENT,0.1308152968425486
1,SEX,0.09855124030228257
3,HISP,0.055371533975545506
