,AGEP,DEYE,HISP,MSP,NOC,NPF,OWN_RENT,PINCP_DECILE,POVPIP,PUMA,RAC1P,SEX
0,-0.37939206594301217,0.0555501325968466,0.10346063208355748,-0.3315259817499765,0.5077179706325322,0.47860172097377773,0.19328919095959907,-0.34886607997624686,-0.24695715432248622,0.08085406385186711,0.1347388357021459,0.02787644921203905
1,0.06928418939533378,-0.16492332190136932,0.2385517561638412,0.36276954322711324,-0.11361245616284246,-0.2352388882584247,0.5727092974150894,-0.06873881872846398,-0.5635153330188857,-0.052596639183707085,0.2112491840208346,0.11654644177421555
2,-0.44507739238751853,0.1962525536154589,0.32553004052128925,0.29317169565637374,-0.16973395704773458,-0.1718488397910129,-0.2544533858809631,-0.3649325468906698,0.27716557069949116,-0.19202123017183212,0.4441323420093897,-0.06527807176603623
3,0.17710503691008964,0.041160216451765985,0.6121680156752702,-0.0986913811085854,-0.01547922203257079,0.08601373655207582,-0.010580164115233034,0.31312495573207744,0.10106130990737983,0.6040627269828793,0.2183190954672389,-0.23213020798826758
4,0.08907735788191919,-0.5526733208319302,0.15216175196415915,-0.07727457619430883,-0.09556726832953996,-0.007237575499857235,-0.30406561975188007,-0.3124284385579379,0.03771909914884896,0.24391226221251067,-0.022779424641598163,0.6299246986516805
