,EDU,HISP,INDP_CAT,MSP,OWN_RENT,PINCP_DECILE,PUMA,RAC1P,SEX
0,-0.566125665424989,0.15509979203949464,-0.48974627551270133,-0.3043552111334548,0.04948152447213339,-0.5534536170037252,-0.043899327019964185,0.1068216671263645,0.029409685729566815
1,-0.003460126786583022,0.6176667604119583,0.20689453940539282,0.26008369416549143,0.338932007130476,-0.020471515636094784,0.21019913550127764,0.5896488174217628,0.029385869665184083
2,-0.01855610931064391,0.1261263467048603,-0.10267619157272262,-0.213504829061937,-0.2902481486688507,0.22623656138595927,0.04080408225366686,0.20127577296703258,-0.8660353478351861
3,-0.050007315340295413,0.051328234679273894,0.08272803769322812,0.1870751135571904,0.03145250360184418,-0.003924210086918831,-0.9599163500806976,0.16169289819499008,-0.06659581456505496
4,0.08749415590914039,0.10041662662184028,0.0039022339364796835,-0.007443873101259119,-0.8449588410538769,-0.0476971279752052,0.007298891278725049,0.3602809085133116,0.3689235275201694
