,AGEP,HISP,MSP,NOC,NPF,OWN_RENT,PINCP_DECILE,POVPIP,PUMA,RAC1P,SEX
0,-0.3771297048318149,0.10413523716016848,-0.3314779708948433,0.5079493510979786,0.4785791057231923,0.1955413097646236,-0.3508381593954959,-0.2510332787998793,0.08098020901853581,0.13530945076500991,0.028158879848405934
1,0.05217897352424473,0.24807681582745322,0.38321958823988317,-0.12304575686133963,-0.2486302288219402,0.5784354225419212,-0.061395644218593545,-0.5542800656460353,-0.05828465728733426,0.221557120067815,0.11769763512410172
2,-0.4393634691608922,0.3184041448230992,0.2641064334945763,-0.16668641207367046,-0.15586776602492744,-0.3064122138005859,-0.3998766337843859,0.2983191300704261,-0.1943289344351139,0.4450536162784228,-0.0716008893623901
3,0.17623700639528678,0.616961440608522,-0.10171802336393952,-0.018077411561728762,0.08682112931289002,-0.02441199542756331,0.30000688005160586,0.10596731672847053,0.6035702499803854,0.22463869077170054,-0.23129873958019098
4,0.04670494665940916,0.1264815427285112,-0.00044495873169259417,-0.09334062214149466,-0.04924091972506652,-0.19457502251121908,-0.2385721757758293,0.007353049551728077,0.355512827242007,-0.15737767160476562,0.8512910417539022
