,AGEP,SEX,MSP,RAC1P,HOUSING_TYPE,OWN_RENT,EDU,PINCP_DECILE,DVET
AGEP,0.0,-0.03344301943823538,-0.08983583868280054,0.12101151929802544,0.022965087803537655,0.01851063213175657,-0.3350151601133953,-0.33973602289704236,-0.06634233968069056
SEX,-0.03344301943823539,1.1102230246251565e-16,-0.04519059206643421,0.02108858525315259,-0.019612161966217963,0.020220215630661308,-0.0063856681035489235,0.13813286394166815,0.09572575398254139
MSP,-0.08983583868280054,-0.04519059206643421,0.0,0.00863198805088566,-0.2809320494874682,0.03185343902543152,-0.16890822678538492,-0.1285274753590113,0.008890712808680782
RAC1P,0.12101151929802544,0.02108858525315259,0.00863198805088566,0.0,-0.06941185808872995,-0.026574504449640393,0.032128281012977114,0.07991646095805,-0.0036025121361067843
HOUSING_TYPE,0.022965087803537655,-0.019612161966217963,-0.28093204948746814,-0.06941185808872995,0.0,0.529761317937352,0.05997056176735985,0.1484886238697303,0.017161806450209663
OWN_RENT,0.018510632131756563,0.020220215630661308,0.03185343902543152,-0.026574504449640393,0.529761317937352,-1.1102230246251565e-16,-0.005561943590402936,-0.038429419299267666,0.013983308782582924
EDU,-0.3350151601133953,-0.0063856681035489235,-0.1689082267853849,0.03212828101297711,0.05997056176735985,-0.005561943590402938,0.0,-0.5601664053614728,-0.015642156292720477
PINCP_DECILE,-0.3397360228970424,0.13813286394166815,-0.12852747535901127,0.07991646095805,0.14848862386973027,-0.038429419299267666,-0.5601664053614728,2.220446049250313e-16,-0.05084468773798548
DVET,-0.06634233968069056,0.09572575398254139,0.008890712808680782,-0.0036025121361067825,0.01716180645020966,0.01398330878258292,-0.01564215629272048,-0.05084468773798548,-1.1102230246251565e-16
