,PUMA,SEX,MSP,HISP,RAC1P,OWN_RENT,INDP_CAT,EDU,PINCP_DECILE
PUMA,0.0,0.004677482348904551,0.06400229707893833,-0.10581744194418108,0.09210127006066149,0.013842590704471643,-0.020932681300156117,0.06466224248744289,0.0011978631713454235
SEX,0.004677482348904551,0.0,0.005514215272132363,-0.012993224795168257,-0.019713122533437967,-0.028817966270567756,-0.035340310492472514,-0.029627603753831624,0.06269840384070906
MSP,0.06400229707893833,0.005514215272132363,0.0,-0.008835639646708821,0.012388410430348773,-0.0011587952001216456,0.0032392340792152807,0.007074833413268589,0.005838641032883923
HISP,-0.10581744194418108,-0.012993224795168257,-0.00883563964670882,0.0,-0.078259372135306,-0.1254245946412671,0.012960943649220461,0.1243595776183823,0.08871988835258172
RAC1P,0.09210127006066149,-0.019713122533437964,0.012388410430348773,-0.078259372135306,0.0,-0.13031935549885915,0.02841440793974094,0.044293299084832455,0.04560508533519568
OWN_RENT,0.013842590704471643,-0.028817966270567756,-0.0011587952001216456,-0.1254245946412671,-0.13031935549885915,1.1102230246251565e-16,-0.06594946001372498,2.1930137579728726e-05,-0.003121326600939084
INDP_CAT,-0.020932681300156117,-0.035340310492472514,0.0032392340792152807,0.012960943649220461,0.02841440793974094,-0.06594946001372497,-2.220446049250313e-16,-0.03428557252685982,-0.024264113909057083
EDU,0.06466224248744289,-0.029627603753831624,0.007074833413268616,0.1243595776183823,0.04429329908483247,2.1930137579728726e-05,-0.03428557252685982,0.0,0.0004933802931406106
PINCP_DECILE,0.0011978631713454252,0.06269840384070906,0.005838641032883923,0.08871988835258172,0.04560508533519568,-0.003121326600939084,-0.024264113909057028,0.0004933802931406106,-2.220446049250313e-16
