,PUMA,SEX,MSP,HISP,RAC1P,OWN_RENT,INDP_CAT,EDU,PINCP_DECILE
PUMA,2.3314683517128287e-15,0.03188092469336155,-0.12480699335609374,-0.0002479219990351028,-0.18155172235560596,0.004052084603648413,-0.0338515955285291,-0.07741466087433381,-0.057160977283151726
SEX,0.03188092469336155,0.0,-0.07939379417744055,-0.015235123710255342,0.00892828819682291,-0.04536695450391635,-0.2053635666884644,-0.16530145677407065,-0.12721423251931618
MSP,-0.12480699335609374,-0.07939379417744055,0.0,-0.11083871101241632,-0.01894679177438642,-0.3160826358345773,-0.008835007791381744,0.20731914714747646,0.1375489799893843
HISP,-0.0002479219990351028,-0.015235123710255342,-0.11083871101241632,3.6637359812630166e-15,0.061751660315535334,0.0462204182599423,-0.07580960703225137,0.03986472097317448,-0.006500058258091551
RAC1P,-0.18155172235560596,0.00892828819682291,-0.01894679177438642,0.061751660315535334,-7.771561172376096e-15,-0.00639338219936425,-0.09707790101761873,0.09360086541734788,0.03888096265275849
OWN_RENT,0.004052084603648413,-0.04536695450391635,-0.3160826358345773,0.0462204182599423,-0.00639338219936425,-4.218847493575595e-15,-0.1431825900288336,-0.1800941987130037,-0.06769040835079865
INDP_CAT,-0.0338515955285291,-0.2053635666884644,-0.008835007791381744,-0.07580960703225137,-0.09707790101761873,-0.1431825900288336,-1.887379141862766e-15,0.277640311961565,0.3858178838110806
EDU,-0.07741466087433381,-0.16530145677407065,0.20731914714747646,0.03986472097317448,0.09360086541734788,-0.1800941987130037,0.277640311961565,-1.7763568394002505e-15,0.18051551039004243
PINCP_DECILE,-0.057160977283151726,-0.12721423251931618,0.1375489799893843,-0.006500058258091551,0.03888096265275849,-0.06769040835079865,0.3858178838110806,0.18051551039004243,0.0
