,feature,divergence
8,PINCP_DECILE,1.5011538967781561
7,EDU,1.4128885700621716
6,INDP_CAT,0.5771230260517987
0,PUMA,0.5393319260321261
2,MSP,0.4014579969186045
5,OWN_RENT,0.21092319696719747
4,RAC1P,0.07748529223065319
3,HISP,0.041387906552812784
1,SEX,0.025175081227319374
