,feature,divergence
10,POVPIP,9.724116921319087
1,AGEP,4.091491841491841
9,PINCP_DECILE,3.849712819852119
0,PUMA,2.543669871794872
7,NPF,1.715908197295158
3,MSP,0.7750152881542738
5,RAC1P,0.5525860501498733
6,NOC,0.2898874139083867
8,OWN_RENT,0.18877180960411738
2,SEX,0.10193200986934725
4,HISP,0.03992070147066396
11,DEYE,0.013599591464248158
