,AGEP,DEYE,DVET,EDU,HOUSING_TYPE,MSP,OWN_RENT,PINCP_DECILE,RAC1P,SEX
0,-0.5028447292406177,0.043012204491294836,-0.07175908242364289,-0.5679702824416617,0.15157002341313824,-0.1487313666316193,-0.08761200318303106,-0.586697455875563,0.1357380801582601,0.04635121613684524
1,0.08304591705250122,-0.10230268734180473,-0.019075772037853607,0.11162185388090816,0.67169888152647,0.39456449129251947,-0.5978167220009151,-0.022949751126823917,-0.028007983581810586,0.06525117564494129
2,-0.135137950458433,0.2606459383708064,0.4981950583457165,-0.006038019142000084,0.09158676751918869,-0.06551219753836676,-0.11924577457642511,0.1377388146572862,0.25369209881642185,-0.7452083295905362
3,0.22223680784032576,-0.6550436193786146,0.44402949102170525,-0.2143890730598369,-0.027478646941798107,-0.25933023762211854,-0.10001161192987994,-0.11685032394869765,-0.42037880580733145,-0.10010936582175248
4,0.018644768478136366,-0.463552516901913,0.2676442887071511,0.06380068629860519,-0.0032172989541435423,0.25228501745897725,0.23686945384444508,-0.05798365639618419,0.7405275973679866,0.19380143897425556
