,PUMA,SEX,MSP,HISP,RAC1P,OWN_RENT,INDP_CAT,EDU,PINCP_DECILE
PUMA,2.7755575615628914e-15,0.0011934536196935505,-0.08392692058700972,,-0.1636623758932516,-0.029056638010387718,-0.15371019465721902,-0.1439645014985071,-0.13914721293635005
SEX,0.0011934536196935505,-3.3306690738754696e-16,-0.07116080012461637,,0.02662270741520448,0.0736534708547906,-0.23027839314542337,-0.165636349425205,-0.07124898527821058
MSP,-0.08392692058700972,-0.07116080012461637,-2.1094237467877974e-15,,-0.003614750480132215,-0.24095764542030584,0.03210648236998259,0.17227340471592878,0.17460705731108744
HISP,,,,,,,,,
RAC1P,-0.1636623758932516,0.02662270741520448,-0.003614750480132215,,-2.3314683517128287e-15,0.009680916693574383,-0.017658882064474052,0.047171325161713656,0.0346761962734031
OWN_RENT,-0.029056638010387718,0.0736534708547906,-0.24095764542030584,,0.009680916693574383,-1.3322676295501878e-15,-0.17637415079842794,-0.19859025083332946,-0.17818383865798287
INDP_CAT,-0.15371019465721902,-0.23027839314542337,0.03210648236998259,,-0.017658882064474052,-0.17637415079842794,1.0880185641326534e-14,0.29664882122162894,0.39930774711246714
EDU,-0.1439645014985071,-0.165636349425205,0.17227340471592878,,0.047171325161713656,-0.19859025083332946,0.29664882122162894,-1.1102230246251565e-16,0.1867968078189447
PINCP_DECILE,-0.13914721293635005,-0.07124898527821058,0.17460705731108744,,0.0346761962734031,-0.17818383865798287,0.39930774711246714,0.1867968078189447,-5.551115123125783e-16
