,feature,divergence
10,POVPIP,8.648415493598405
0,PUMA,7.365624362797574
3,MSP,3.9580880851107008
4,HISP,3.046955811941634
5,RAC1P,2.7906173449800056
1,AGEP,2.5042845107929326
8,OWN_RENT,1.4023707203546245
6,NOC,1.3975337209063308
9,PINCP_DECILE,1.1367881345148136
7,NPF,0.6710199484756115
2,SEX,0.056712675972680926
