,AGEP,DEAR,DEYE,DPHY,DREM,DVET,EDU,HISP,HOUSING_TYPE,INDP,INDP_CAT,MSP,NOC,NPF,OWN_RENT,PINCP,PINCP_DECILE,POVPIP,PUMA,PWGTP,RAC1P,SEX,WGTP
0,-0.2602479246632694,0.019038026746361136,0.000517657034503923,-0.27642594089800665,-0.28687517868294893,-0.02406726816274162,-0.35712061645590354,0.04206533712003332,-0.07975169553553609,-0.2823635470164951,-0.27935944788784683,-0.24734464221658553,0.2700594211740229,0.24228839295909654,0.07109309802107058,0.3832927761992044,-0.3166758204613925,-0.1264795319443811,0.035496746907257855,0.0766829111480179,0.06320895187988566,-0.00338611016248947,0.08351098825250741
1,-0.027560182950678747,0.07125678212736462,0.039444697705729385,0.11132743386665579,0.1070836328376506,-0.012047921583368705,0.08080643604839238,0.0851114561812845,-0.41384179849849734,0.23864511057284682,0.23663541156820359,-0.00034988105973423125,0.2034172090467415,0.16011715479375635,0.42896507651805726,-0.04599488103297577,0.1122481128589082,-0.3213959960413345,0.029470746698724633,0.3508405855690396,0.06952306326354236,0.050358506451041805,0.41261341850513994
2,0.14327737251384984,-0.25338995968061917,-0.25741622883748794,-0.1275081025129584,-0.09703941770365818,0.04957817986527536,-0.11081120460853293,0.0600718560196993,0.1289426770236385,-0.2324498349549811,-0.23319718454424526,0.306514446711683,-0.3277863644901407,-0.38124363426945734,0.10724560488444694,-0.13072628100242167,-0.13349572950672406,-0.16241093129972808,-0.11313876829489622,0.37121310941261054,0.0338344727361125,-0.022777735193642186,0.3288570560065092
3,-0.43355627360342375,0.36729561987173653,0.28015619261705343,0.012856222096293085,-0.039976696791089575,-0.18978163380477195,-0.08588640299684912,0.1639473901915084,0.3775272034479937,0.21214629126289747,0.21181179979816728,0.24428515310397442,-0.0626999914186516,-0.10249437249444573,-0.11529227016415138,0.0683476384747867,-0.15767139335214778,0.21646649158891204,-0.0917406043552233,0.258231088585386,0.1651218198178301,0.02013627395286384,0.1662496635028691
4,-0.002864046976664299,-0.10598291082002884,-0.0929358384324814,-0.5487766899244136,-0.5496822429845133,0.1177522737912302,0.03312273542509472,-0.12125287176591754,-0.0395306968716419,0.3334499426657252,0.3325973140870367,-0.08595544142245747,-0.0886095685325036,-0.09525252052670664,0.012804307409961996,0.032382193295357464,0.2307464617531498,0.12960321236790062,0.06593270099118831,0.029997532311422322,-0.14613393239955236,-0.03228218609198933,0.023826163781535067
