,AGEP,DEYE,DVET,EDU,HOUSING_TYPE,MSP,OWN_RENT,PINCP_DECILE,RAC1P,SEX
0,-0.5028447292406175,0.0430122044912945,-0.07175908242364266,-0.5679702824416617,0.15157002341313922,-0.1487313666316188,-0.08761200318303172,-0.5866974558755631,0.13573808015826036,0.046351216136845355
1,0.08304591705250135,-0.10230268734180395,-0.019075772037854363,0.11162185388090892,0.6716988815264694,0.3945644912925197,-0.5978167220009153,-0.022949751126822696,-0.028007983581810912,0.0652511756449418
2,-0.13513795045846305,0.2606459383708937,0.49819505834565764,-0.006038019141971107,0.09158676751919302,-0.06551219753832992,-0.1192457745764108,0.13773881465730223,0.25369209881648147,-0.7452083295905222
3,0.22223680784030808,-0.6550436193785797,0.4440294910217716,-0.21438907305983707,-0.02747864694178489,-0.2593302376221289,-0.100011611929897,-0.116850323948679,-0.42037880580729636,-0.10010936582185387
4,0.018644768478140873,-0.4635525169019128,0.2676442887071487,0.06380068629860716,-0.0032172989541429248,0.25228501745896637,0.23686945384443878,-0.05798365639618347,0.7405275973679915,0.19380143897426133
