,AGEP,DEYE,DVET,EDU,HOUSING_TYPE,MSP,OWN_RENT,PINCP_DECILE,RAC1P,SEX
0,-0.5003671965995974,0.03900010057801129,-0.0914725574188667,-0.5717285720585458,0.028571268082507192,-0.23289866092055628,0.06753307375165254,-0.5718403334470061,0.1614235115996032,0.013897306588227423
1,-0.036751302203525994,-0.009456974854132563,-0.020757550366641456,-0.009303160616242343,0.7107583250013609,0.23447166211410747,-0.6402728025062311,-0.11921538103751902,-0.09207325951810856,-0.07245047965053909
2,0.09901175711451551,-0.27791274265991417,0.6235894739239624,-0.16046422730358365,-0.06821032417491486,-0.3925356471229508,-0.14847233213293753,0.012234921473095156,-0.24609473311526464,-0.5068089898784761
3,-0.11347758108070378,-0.34360233153168074,0.2287526964139011,0.017965216400232326,0.09691595087680084,0.5511477770143695,0.27656242994914537,-0.0180828365774017,0.5527299875731526,-0.34774840301317633
4,0.23737997636266708,-0.7955381192427515,-0.04165471474756785,-0.09690685272827232,0.0031132641869948685,-0.017539553050369208,-0.01847310658803966,-0.16340211137630706,-0.08018248525368452,0.5156119949550783
