,AGEP,SEX,MSP,RAC1P,HOUSING_TYPE,OWN_RENT,EDU,PINCP_DECILE,DVET
AGEP,0.0,-0.06520102802053304,0.03725263654953147,0.13354612063854254,0.05520140546211628,0.000776970127402573,-0.32243108723726666,-0.33557155749226036,-0.06398625989582091
SEX,-0.06520102802053304,0.0,-0.034234492742172884,-0.027150704121716343,-0.01933886161973748,0.008312913261716506,-0.035721332344305204,0.12049597565185761,0.06757634436977533
MSP,0.03725263654953147,-0.034234492742172884,-3.552713678800501e-15,0.03062816279975166,-0.254292099170586,0.09976838545384514,-0.018128041189816146,-0.013122431545522312,0.005014576367983727
RAC1P,0.13354612063854254,-0.027150704121716343,0.03062816279975166,0.0,-0.09263880477316541,-0.016446517081755534,0.06581522541116952,0.09195645879699302,-0.014273504768080952
HOUSING_TYPE,0.05520140546211628,-0.01933886161973748,-0.254292099170586,-0.09263880477316541,-5.551115123125783e-15,0.6023967846955021,0.05099469615366686,0.17914289598542432,-0.007964540714623249
OWN_RENT,0.000776970127402573,0.008312913261716506,0.09976838545384514,-0.016446517081755534,0.6023967846955021,-4.551914400963142e-15,0.03470234405091801,-0.030568848357137066,-0.036587832913017676
EDU,-0.32243108723726666,-0.035721332344305204,-0.018128041189816146,0.06581522541116952,0.05099469615366686,0.03470234405091801,-8.881784197001252e-16,-0.10034522192181994,-0.022480520958946704
PINCP_DECILE,-0.33557155749226036,0.12049597565185761,-0.013122431545522312,0.09195645879699302,0.17914289598542432,-0.030568848357137066,-0.10034522192181994,1.6653345369377348e-15,-0.050673345826055344
DVET,-0.06398625989582091,0.06757634436977533,0.005014576367983727,-0.014273504768080952,-0.007964540714623249,-0.036587832913017676,-0.022480520958946704,-0.050673345826055344,0.0
