,EDU,HISP,INDP_CAT,MSP,OWN_RENT,PINCP_DECILE,PUMA,RAC1P,SEX
0,-0.5661256654249887,0.15509979203949487,-0.48974627551270183,-0.3043552111334556,0.04948152447213356,-0.5534536170037255,-0.04389932701996403,0.10682166712636437,0.029409685729566717
1,-0.0034601267865829446,0.617666760411958,0.20689453940539265,0.2600836941654916,0.33893200713047555,-0.020471515636095172,0.21019913550127683,0.5896488174217633,0.02938586966518761
2,-0.018556109310645028,0.12612634670486192,-0.1026761915727212,-0.21350482906193496,-0.2902481486688422,0.22623656138595938,0.04080408225366393,0.20127577296703153,-0.8660353478351903
3,-0.050007315340297,0.051328234679272215,0.08272803769322823,0.18707511355718837,0.03145250360186361,-0.003924210086917436,-0.9599163500806985,0.16169289819498106,-0.06659581456505907
4,0.08749415590913812,0.1004166266218383,0.003902233936479829,-0.00744387310125345,-0.8449588410538798,-0.04769712797520516,0.007298891278705561,0.36028090851331723,0.36892352752015867
