,EDU,HISP,INDP_CAT,MSP,OWN_RENT,PINCP_DECILE,PUMA,RAC1P,SEX
0,-0.5711275826037829,0.09765649436928048,-0.500444253098502,-0.29828622168924185,0.004362825624502638,-0.5535746002048512,0.05716361394535747,0.12286875986066856,0.005393499728212271
1,-0.025747737539164865,0.5862344447408901,0.20355365568546752,0.2048359569052661,0.49800452564231956,-0.033267289279759416,0.035718054410576565,0.5505229960803372,0.13714153676526777
2,-0.027387643779078,0.2879531448740162,0.10222790078216878,-0.23418829899428173,-0.028306563639922656,0.14753638134549563,0.8607935323039901,-0.2352168240178408,-0.1793808666446515
3,-0.011289996827379974,0.1266216008874305,-0.09007063761035533,0.08884907473649134,-0.15136372707000254,0.0963678279218972,-0.1539516847761263,0.2473856620091062,-0.9223524842354345
4,0.041105119419780206,0.3404424175276379,-0.014689687027022336,0.3471448576965178,-0.8096861230088359,-0.11316330943766914,0.07429342428193067,0.1773301091845828,0.23732036883592614
