,AGEP,DEYE,DVET,EDU,HOUSING_TYPE,MSP,OWN_RENT,PINCP_DECILE,RAC1P,SEX
0,-0.5003671965995975,0.039000100578011065,-0.0914725574188651,-0.5717285720585455,0.028571268082507692,-0.2328986609205567,0.06753307375165185,-0.5718403334470056,0.16142351159960217,0.013897306588227784
1,-0.036751302203525446,-0.009456974854131928,-0.020757550366643018,-0.009303160616241413,0.7107583250013605,0.2344716621141082,-0.6402728025062305,-0.11921538103751886,-0.09207325951810691,-0.07245047965053895
2,0.09901175711451442,-0.2779127426599003,0.6235894739239619,-0.16046422730358176,-0.06821032417491421,-0.3925356471229561,-0.1484723321329415,0.012234921473097266,-0.24609473311527086,-0.5068089898784753
3,-0.11347758108070748,-0.34360233153166675,0.228752696413912,0.017965216400231743,0.09691595087680004,0.5511477770143637,0.27656242994914404,-0.018082836577398342,0.5527299875731533,-0.34774840301319
4,0.23737997636266703,-0.7955381192427637,-0.04165471474756313,-0.0969068527282731,0.0031132641869961314,-0.017539553050364143,-0.018473106588036456,-0.16340211137630622,-0.08018248525367598,0.5156119949550607
