,AGEP,HISP,MSP,NOC,NPF,OWN_RENT,PINCP_DECILE,POVPIP,PUMA,RAC1P,SEX
0,-0.4184082940980465,0.07317519200018252,-0.3607321473356723,0.540657146787755,0.5055806361880881,0.1210487548195457,-0.3123478388545551,-0.11426033918891147,0.02295619046668226,0.12398031953303523,-0.019046616995424363
1,-0.25579200990861595,0.001666673021367665,0.009929854513860163,-0.0496864050532001,0.03200620299598389,-0.6646642095559372,-0.1788398915340476,0.6670922851266564,-0.07846254514826184,0.07740749141303505,-0.007301103883568886
2,-0.29149741274467017,0.41824814681787076,0.39571557911386235,-0.1282180386630447,-0.27797972033003704,0.1305062551420273,-0.4099292103727335,-0.16876846288925665,-0.27186216017245707,0.38408141027121073,0.2341156510706398
3,0.05343975209419627,0.38577777124736823,-0.0601581872300023,0.027008586046663396,0.06677477280481753,0.09026285570298284,0.4103912842664165,0.13367331415554853,-0.26554517621049983,0.4074950173691118,-0.6391470789929391
4,-0.17424820983452577,0.2653050398509386,0.23743616905609452,-0.07779795887900925,-0.03766831774394079,-0.05257212104997914,-0.10699927780712125,-0.057013507048680356,0.8354238387356875,-0.03927021245115632,-0.34418757239761216
