,AGEP,DEYE,DVET,EDU,HOUSING_TYPE,MSP,OWN_RENT,PINCP_DECILE,RAC1P,SEX
0,-0.5028447292406182,0.0430122044912945,-0.07175908242364229,-0.5679702824416626,0.15157002341313727,-0.14873136663162,-0.08761200318303008,-0.5866974558755631,0.13573808015826044,0.04635121613684495
1,0.08304591705250017,-0.10230268734180441,-0.019075772037854904,0.11162185388090697,0.6716988815264702,0.3945644912925193,-0.5978167220009155,-0.02294975112682414,-0.028007983581810492,0.06525117564494247
2,-0.1351379504584388,0.2606459383708273,0.49819505834570554,-0.006038019141993284,0.09158676751919081,-0.06551219753835887,-0.11924577457642292,0.13773881465729032,0.25369209881643684,-0.7452083295905305
3,0.22223680784032268,-0.655043619378604,0.44402949102172345,-0.21438907305983596,-0.02747864694179475,-0.2593302376221223,-0.1000116119298847,-0.11685032394869355,-0.4203788058073239,-0.10010936582177285
4,0.01864476847814074,-0.4635525169019059,0.26764428870715995,0.06380068629860725,-0.0032172989541428,0.2522850174589685,0.23686945384444022,-0.057983656396184746,0.7405275973679888,0.19380143897426838
