,feature,divergence
8,PINCP_DECILE,5.805902475231549
6,INDP_CAT,4.897617405404097
7,EDU,4.351772081557149
2,MSP,1.3672732709126554
1,SEX,0.3127094767851457
5,OWN_RENT,0.14333420726760923
4,RAC1P,0.12026474491624631
0,PUMA,0.06695867653217924
3,HISP,0.03041913057400925
